load_torque_Nm,current_A,speed_RPM,effective_voltage_V,mechanical_power_W,electrical_power_W,efficiency_percent,current_limited
0,0.2712477396,3616.636528,24,0,6.50994575,0,0
1e-05,0.2714135021,3616.624473,24,0.003787320291,6.513924051,0.05814191664,0
2e-05,0.2715792646,3616.612417,24,0.007574615334,6.517902351,0.1162124703,0
3e-05,0.2717450271,3616.600362,24,0.01136188513,6.521880651,0.1742117916,0
4e-05,0.2719107896,3616.588306,24,0.01514912967,6.525858951,0.2321400108,0
5e-05,0.2720765521,3616.576251,24,0.01893634897,6.529837251,0.2899972578,0
6e-05,0.2722423146,3616.564195,24,0.02272354301,6.533815552,0.3477836623,0
7e-05,0.2724080772,3616.55214,24,0.02651071181,6.537793852,0.4054993537,0
8e-05,0.2725738397,3616.540084,24,0.03029785536,6.541772152,0.4631444608,0
9e-05,0.2727396022,3616.528029,24,0.03408497366,6.545750452,0.5207191125,0
0.0001,0.2729053647,3616.515973,24,0.03787206671,6.549728752,0.5782234371,0
0.00011,0.2730711272,3616.503918,24,0.04165913452,6.553707052,0.6356575627,0
0.00012,0.2732368897,3616.491863,24,0.04544617707,6.557685353,0.693021617,0
0.00013,0.2734026522,3616.479807,24,0.04923319437,6.561663653,0.7503157275,0
0.00014,0.2735684147,3616.467752,24,0.05302018643,6.565641953,0.8075400214,0
0.00015,0.2737341772,3616.455696,24,0.05680715324,6.569620253,0.8646946254,0
0.00016,0.2738999397,3616.443641,24,0.06059409479,6.573598553,0.9217796661,0
0.00017,0.2740657022,3616.431585,24,0.0643810111,6.577576854,0.9787952697,0
0.00018,0.2742314647,3616.41953,24,0.06816790216,6.581555154,1.035741562,0
0.00019,0.2743972272,3616.407474,24,0.07195476797,6.585533454,1.092618669,0
0.0002,0.2745629898,3616.395419,24,0.07574160854,6.589511754,1.149426716,0
0.00021,0.2747287523,3616.383363,24,0.07952842385,6.593490054,1.206165827,0
0.00022,0.2748945148,3616.371308,24,0.08331521392,6.597468354,1.262836128,0
0.00023,0.2750602773,3616.359253,24,0.08710197873,6.601446655,1.319437743,0
0.00024,0.2752260398,3616.347197,24,0.0908887183,6.605424955,1.375970796,0
0.00025,0.2753918023,3616.335142,24,0.09467543262,6.609403255,1.43243541,0
0.00026,0.2755575648,3616.323086,24,0.09846212169,6.613381555,1.48883171,0
0.00027,0.2757233273,3616.311031,24,0.1022487855,6.617359855,1.545159818,0
0.00028,0.2758890898,3616.298975,24,0.1060354241,6.621338156,1.601419858,0
0.00029,0.2760548523,3616.28692,24,0.1098220374,6.625316456,1.657611952,0
0.0003,0.2762206148,3616.274864,24,0.1136086255,6.629294756,1.713736222,0
0.00031,0.2763863773,3616.262809,24,0.1173951883,6.633273056,1.76979279,0
0.00032,0.2765521398,3616.250753,24,0.1211817259,6.637251356,1.825781779,0
0.00033,0.2767179024,3616.238698,24,0.1249682382,6.641229656,1.881703309,0
0.00034,0.2768836649,3616.226643,24,0.1287547253,6.645207957,1.937557502,0
0.00035,0.2770494274,3616.214587,24,0.1325411871,6.649186257,1.993344478,0
0.00036,0.2772151899,3616.202532,24,0.1363276237,6.653164557,2.049064359,0
0.00037,0.2773809524,3616.190476,24,0.140114035,6.657142857,2.104717264,0
0.00038,0.2775467149,3616.178421,24,0.1439004211,6.661121157,2.160303314,0
0.00039,0.2777124774,3616.166365,24,0.1476867819,6.665099458,2.215822628,0
0.0004,0.2778782399,3616.15431,24,0.1514731175,6.669077758,2.271275325,0
0.00041,0.2780440024,3616.142254,24,0.1552594279,6.673056058,2.326661525,0
0.00042,0.2782097649,3616.130199,24,0.1590457129,6.677034358,2.381981347,0
0.00043,0.2783755274,3616.118143,24,0.1628319728,6.681012658,2.437234909,0
0.00044,0.2785412899,3616.106088,24,0.1666182074,6.684990958,2.492422329,0
0.00045,0.2787070524,3616.094033,24,0.1704044167,6.688969259,2.547543726,0
0.00046,0.2788728149,3616.081977,24,0.1741906008,6.692947559,2.602599218,0
0.00047,0.2790385775,3616.069922,24,0.1779767596,6.696925859,2.657588921,0
0.00048,0.27920434,3616.057866,24,0.1817628932,6.700904159,2.712512952,0
0.00049,0.2793701025,3616.045811,24,0.1855490016,6.704882459,2.76737143,0
0.0005,0.279535865,3616.033755,24,0.1893350847,6.708860759,2.82216447,0
0.00051,0.2797016275,3616.0217,24,0.1931211425,6.71283906,2.876892188,0
0.00052,0.27986739,3616.009644,24,0.1969071751,6.71681736,2.931554702,0
0.00053,0.2800331525,3615.997589,24,0.2006931825,6.72079566,2.986152126,0
0.00054,0.280198915,3615.985533,24,0.2044791646,6.72477396,3.040684576,0
0.00055,0.2803646775,3615.973478,24,0.2082651214,6.72875226,3.095152167,0
0.00056,0.28053044,3615.961423,24,0.212051053,6.732730561,3.149555015,0
0.00057,0.2806962025,3615.949367,24,0.2158369594,6.736708861,3.203893234,0
0.00058,0.280861965,3615.937312,24,0.2196228405,6.740687161,3.258166938,0
0.00059,0.2810277275,3615.925256,24,0.2234086963,6.744665461,3.312376242,0
0.0006,0.2811934901,3615.913201,24,0.2271945269,6.748643761,3.366521259,0
0.00061,0.2813592526,3615.901145,24,0.2309803323,6.752622061,3.420602104,0
0.00062,0.2815250151,3615.88909,24,0.2347661124,6.756600362,3.474618889,0
0.00063,0.2816907776,3615.877034,24,0.2385518673,6.760578662,3.528571727,0
0.00064,0.2818565401,3615.864979,24,0.2423375969,6.764556962,3.582460732,0
0.00065,0.2820223026,3615.852923,24,0.2461233012,6.768535262,3.636286016,0
0.00066,0.2821880651,3615.840868,24,0.2499089804,6.772513562,3.690047691,0
0.00067,0.2823538276,3615.828813,24,0.2536946342,6.776491863,3.74374587,0
0.00068,0.2825195901,3615.816757,24,0.2574802628,6.780470163,3.797380663,0
0.00069,0.2826853526,3615.804702,24,0.2612658662,6.784448463,3.850952183,0
0.0007,0.2828511151,3615.792646,24,0.2650514443,6.788426763,3.904460541,0
0.00071,0.2830168776,3615.780591,24,0.2688369972,6.792405063,3.957905848,0
0.00072,0.2831826401,3615.768535,24,0.2726225248,6.796383363,4.011288214,0
0.00073,0.2833484027,3615.75648,24,0.2764080272,6.800361664,4.06460775,0
0.00074,0.2835141652,3615.744424,24,0.2801935043,6.804339964,4.117864566,0
0.00075,0.2836799277,3615.732369,24,0.2839789562,6.808318264,4.171058772,0
0.00076,0.2838456902,3615.720313,24,0.2877643828,6.812296564,4.224190478,0
0.00077,0.2840114527,3615.708258,24,0.2915497842,6.816274864,4.277259793,0
0.00078,0.2841772152,3615.696203,24,0.2953351603,6.820253165,4.330266827,0
0.00079,0.2843429777,3615.684147,24,0.2991205112,6.824231465,4.383211688,0
0.0008,0.2845087402,3615.672092,24,0.3029058368,6.828209765,4.436094485,0
0.00081,0.2846745027,3615.660036,24,0.3066911372,6.832188065,4.488915327,0
0.00082,0.2848402652,3615.647981,24,0.3104764123,6.836166365,4.541674321,0
0.00083,0.2850060277,3615.635925,24,0.3142616622,6.840144665,4.594371575,0
0.00084,0.2851717902,3615.62387,24,0.3180468869,6.844122966,4.647007198,0
0.00085,0.2853375527,3615.611814,24,0.3218320862,6.848101266,4.699581296,0
0.00086,0.2855033153,3615.599759,24,0.3256172604,6.852079566,4.752093977,0
0.00087,0.2856690778,3615.587703,24,0.3294024093,6.856057866,4.804545348,0
0.00088,0.2858348403,3615.575648,24,0.3331875329,6.860036166,4.856935515,0
0.00089,0.2860006028,3615.563593,24,0.3369726313,6.864014467,4.909264585,0
0.0009,0.2861663653,3615.551537,24,0.3407577044,6.867992767,4.961532663,0
0.00091,0.2863321278,3615.539482,24,0.3445427523,6.871971067,5.013739857,0
0.00092,0.2864978903,3615.527426,24,0.348327775,6.875949367,5.065886271,0
0.00093,0.2866636528,3615.515371,24,0.3521127724,6.879927667,5.117972011,0
0.00094,0.2868294153,3615.503315,24,0.3558977445,6.883905967,5.169997182,0
0.00095,0.2869951778,3615.49126,24,0.3596826914,6.887884268,5.221961889,0
0.00096,0.2871609403,3615.479204,24,0.363467613,6.891862568,5.273866237,0
0.00097,0.2873267028,3615.467149,24,0.3672525094,6.895840868,5.32571033,0
0.00098,0.2874924653,3615.455093,24,0.3710373806,6.899819168,5.377494273,0
0.00099,0.2876582278,3615.443038,24,0.3748222265,6.903797468,5.429218169,0
0.001,0.2878239904,3615.430983,24,0.3786070471,6.907775769,5.480882122,0
0.00101,0.2879897529,3615.418927,24,0.3823918425,6.911754069,5.532486236,0
0.00102,0.2881555154,3615.406872,24,0.3861766127,6.915732369,5.584030615,0
0.00103,0.2883212779,3615.394816,24,0.3899613576,6.919710669,5.63551536,0
0.00104,0.2884870404,3615.382761,24,0.3937460773,6.923688969,5.686940575,0
0.00105,0.2886528029,3615.370705,24,0.3975307717,6.927667269,5.738306362,0
0.00106,0.2888185654,3615.35865,24,0.4013154408,6.93164557,5.789612824,0
0.00107,0.2889843279,3615.346594,24,0.4051000847,6.93562387,5.840860063,0
0.00108,0.2891500904,3615.334539,24,0.4088847034,6.93960217,5.892048181,0
0.00109,0.2893158529,3615.322483,24,0.4126692968,6.94358047,5.943177278,0
0.0011,0.2894816154,3615.310428,24,0.416453865,6.94755877,5.994247458,0
0.00111,0.2896473779,3615.298373,24,0.4202384079,6.951537071,6.04525882,0
0.00112,0.2898131404,3615.286317,24,0.4240229255,6.955515371,6.096211466,0
0.00113,0.289978903,3615.274262,24,0.427807418,6.959493671,6.147105496,0
0.00114,0.2901446655,3615.262206,24,0.4315918851,6.963471971,6.197941012,0
0.00115,0.290310428,3615.250151,24,0.435376327,6.967450271,6.248718112,0
0.00116,0.2904761905,3615.238095,24,0.4391607437,6.971428571,6.299436898,0
0.00117,0.290641953,3615.22604,24,0.4429451351,6.975406872,6.350097468,0
0.00118,0.2908077155,3615.213984,24,0.4467295013,6.979385172,6.400699923,0
0.00119,0.290973478,3615.201929,24,0.4505138422,6.983363472,6.451244362,0
0.0012,0.2911392405,3615.189873,24,0.4542981579,6.987341772,6.501730883,0
0.00121,0.291305003,3615.177818,24,0.4580824483,6.991320072,6.552159586,0
0.00122,0.2914707655,3615.165763,24,0.4618667135,6.995298373,6.60253057,0
0.00123,0.291636528,3615.153707,24,0.4656509534,6.999276673,6.652843932,0
0.00124,0.2918022905,3615.141652,24,0.4694351681,7.003254973,6.703099772,0
0.00125,0.291968053,3615.129596,24,0.4732193575,7.007233273,6.753298186,0
0.00126,0.2921338156,3615.117541,24,0.4770035217,7.011211573,6.803439274,0
0.00127,0.2922995781,3615.105485,24,0.4807876607,7.015189873,6.853523131,0
0.00128,0.2924653406,3615.09343,24,0.4845717743,7.019168174,6.903549856,0
0.00129,0.2926311031,3615.081374,24,0.4883558628,7.023146474,6.953519546,0
0.0013,0.2927968656,3615.069319,24,0.492139926,7.027124774,7.003432297,0
0.00131,0.2929626281,3615.057263,24,0.4959239639,7.031103074,7.053288206,0
0.00132,0.2931283906,3615.045208,24,0.4997079766,7.035081374,7.10308737,0
0.00133,0.2932941531,3615.033153,24,0.503491964,7.039059675,7.152829885,0
0.00134,0.2934599156,3615.021097,24,0.5072759262,7.043037975,7.202515847,0
0.00135,0.2936256781,3615.009042,24,0.5110598631,7.047016275,7.252145351,0
0.00136,0.2937914406,3614.996986,24,0.5148437748,7.050994575,7.301718493,0
0.00137,0.2939572031,3614.984931,24,0.5186276613,7.054972875,7.351235369,0
0.00138,0.2941229656,3614.972875,24,0.5224115225,7.058951175,7.400696074,0
0.00139,0.2942887281,3614.96082,24,0.5261953584,7.062929476,7.450100702,0
0.0014,0.2944544907,3614.948764,24,0.5299791691,7.066907776,7.499449348,0
0.00141,0.2946202532,3614.936709,24,0.5337629546,7.070886076,7.548742107,0
0.00142,0.2947860157,3614.924653,24,0.5375467148,7.074864376,7.597979073,0
0.00143,0.2949517782,3614.912598,24,0.5413304497,7.078842676,7.647160341,0
0.00144,0.2951175407,3614.900542,24,0.5451141594,7.082820976,7.696286003,0
0.00145,0.2952833032,3614.888487,24,0.5488978439,7.086799277,7.745356154,0
0.00146,0.2954490657,3614.876432,24,0.5526815031,7.090777577,7.794370886,0
0.00147,0.2956148282,3614.864376,24,0.556465137,7.094755877,7.843330294,0
0.00148,0.2957805907,3614.852321,24,0.5602487457,7.098734177,7.892234471,0
0.00149,0.2959463532,3614.840265,24,0.5640323292,7.102712477,7.941083508,0
0.0015,0.2961121157,3614.82821,24,0.5678158874,7.106690778,7.989877499,0
0.00151,0.2962778782,3614.816154,24,0.5715994203,7.110669078,8.038616537,0
0.00152,0.2964436407,3614.804099,24,0.5753829281,7.114647378,8.087300712,0
0.00153,0.2966094033,3614.792043,24,0.5791664105,7.118625678,8.135930118,0
0.00154,0.2967751658,3614.779988,24,0.5829498677,7.122603978,8.184504845,0
0.00155,0.2969409283,3614.767932,24,0.5867332997,7.126582278,8.233024987,0
0.00156,0.2971066908,3614.755877,24,0.5905167064,7.130560579,8.281490633,0
0.00157,0.2972724533,3614.743822,24,0.5943000879,7.134538879,8.329901875,0
0.00158,0.2974382158,3614.731766,24,0.5980834441,7.138517179,8.378258805,0
0.00159,0.2976039783,3614.719711,24,0.6018667751,7.142495479,8.426561512,0
0.0016,0.2977697408,3614.707655,24,0.6056500808,7.146473779,8.474810088,0
0.00161,0.2979355033,3614.6956,24,0.6094333612,7.15045208,8.523004622,0
0.00162,0.2981012658,3614.683544,24,0.6132166165,7.15443038,8.571145205,0
0.00163,0.2982670283,3614.671489,24,0.6169998464,7.15840868,8.619231927,0
0.00164,0.2984327908,3614.659433,24,0.6207830512,7.16238698,8.667264878,0
0.00165,0.2985985533,3614.647378,24,0.6245662306,7.16636528,8.715244147,0
0.00166,0.2987643159,3614.635322,24,0.6283493849,7.17034358,8.763169823,0
0.00167,0.2989300784,3614.623267,24,0.6321325138,7.174321881,8.811041996,0
0.00168,0.2990958409,3614.611212,24,0.6359156176,7.178300181,8.858860755,0
0.00169,0.2992616034,3614.599156,24,0.639698696,7.182278481,8.906626187,0
0.0017,0.2994273659,3614.587101,24,0.6434817493,7.186256781,8.954338383,0
0.00171,0.2995931284,3614.575045,24,0.6472647772,7.190235081,9.00199743,0
0.00172,0.2997588909,3614.56299,24,0.65104778,7.194213382,9.049603417,0
0.00173,0.2999246534,3614.550934,24,0.6548307575,7.198191682,9.097156431,0
0.00174,0.3000904159,3614.538879,24,0.6586137097,7.202169982,9.14465656,0
0.00175,0.3002561784,3614.526823,24,0.6623966367,7.206148282,9.192103892,0
0.00176,0.3004219409,3614.514768,24,0.6661795384,7.210126582,9.239498514,0
0.00177,0.3005877034,3614.502712,24,0.6699624149,7.214104882,9.286840513,0
0.00178,0.3007534659,3614.490657,24,0.6737452661,7.218083183,9.334129977,0
0.00179,0.3009192285,3614.478602,24,0.6775280921,7.222061483,9.381366993,0
0.0018,0.301084991,3614.466546,24,0.6813108929,7.226039783,9.428551646,0
0.00181,0.3012507535,3614.454491,24,0.6850936684,7.230018083,9.475684023,0
0.00182,0.301416516,3614.442435,24,0.6888764186,7.233996383,9.522764211,0
0.00183,0.3015822785,3614.43038,24,0.6926591436,7.237974684,9.569792295,0
0.00184,0.301748041,3614.418324,24,0.6964418433,7.241952984,9.616768362,0
0.00185,0.3019138035,3614.406269,24,0.7002245178,7.245931284,9.663692497,0
0.00186,0.302079566,3614.394213,24,0.7040071671,7.249909584,9.710564786,0
0.00187,0.3022453285,3614.382158,24,0.7077897911,7.253887884,9.757385314,0
0.00188,0.302411091,3614.370102,24,0.7115723898,7.257866184,9.804154165,0
0.00189,0.3025768535,3614.358047,24,0.7153549633,7.261844485,9.850871426,0
0.0019,0.302742616,3614.345992,24,0.7191375116,7.265822785,9.89753718,0
0.00191,0.3029083785,3614.333936,24,0.7229200346,7.269801085,9.944151513,0
0.00192,0.303074141,3614.321881,24,0.7267025323,7.273779385,9.990714508,0
0.00193,0.3032399036,3614.309825,24,0.7304850049,7.277757685,10.03722625,0
0.00194,0.3034056661,3614.29777,24,0.7342674521,7.281735986,10.08368682,0
0.00195,0.3035714286,3614.285714,24,0.7380498741,7.285714286,10.13009631,0
0.00196,0.3037371911,3614.273659,24,0.7418322709,7.289692586,10.1764548,0
0.00197,0.3039029536,3614.261603,24,0.7456146424,7.293670886,10.22276237,0
0.00198,0.3040687161,3614.249548,24,0.7493969886,7.297649186,10.2690191,0
0.00199,0.3042344786,3614.237492,24,0.7531793097,7.301627486,10.31522508,0
0.002,0.3044002411,3614.225437,24,0.7569616054,7.305605787,10.36138039,0
0.00201,0.3045660036,3614.213382,24,0.7607438759,7.309584087,10.40748512,0
0.00202,0.3047317661,3614.201326,24,0.7645261212,7.313562387,10.45353934,0
0.00203,0.3048975286,3614.189271,24,0.7683083412,7.317540687,10.49954314,0
0.00204,0.3050632911,3614.177215,24,0.772090536,7.321518987,10.5454966,0
0.00205,0.3052290536,3614.16516,24,0.7758727055,7.325497288,10.59139981,0
0.00206,0.3053948162,3614.153104,24,0.7796548498,7.329475588,10.63725284,0
0.00207,0.3055605787,3614.141049,24,0.7834369688,7.333453888,10.68305577,0
0.00208,0.3057263412,3614.128993,24,0.7872190626,7.337432188,10.72880869,0
0.00209,0.3058921037,3614.116938,24,0.7910011311,7.341410488,10.77451169,0
0.0021,0.3060578662,3614.104882,24,0.7947831744,7.345388788,10.82016483,0
0.00211,0.3062236287,3614.092827,24,0.7985651924,7.349367089,10.86576821,0
0.00212,0.3063893912,3614.080772,24,0.8023471852,7.353345389,10.91132189,0
0.00213,0.3065551537,3614.068716,24,0.8061291527,7.357323689,10.95682597,0
0.00214,0.3067209162,3614.056661,24,0.809911095,7.361301989,11.00228052,0
0.00215,0.3068866787,3614.044605,24,0.813693012,7.365280289,11.04768563,0
0.00216,0.3070524412,3614.03255,24,0.8174749038,7.36925859,11.09304137,0
0.00217,0.3072182037,3614.020494,24,0.8212567703,7.37323689,11.13834782,0
0.00218,0.3073839662,3614.008439,24,0.8250386116,7.37721519,11.18360506,0
0.00219,0.3075497288,3613.996383,24,0.8288204276,7.38119349,11.22881318,0
0.0022,0.3077154913,3613.984328,24,0.8326022184,7.38517179,11.27397225,0
0.00221,0.3078812538,3613.972272,24,0.836383984,7.38915009,11.31908235,0
0.00222,0.3080470163,3613.960217,24,0.8401657242,7.393128391,11.36414356,0
0.00223,0.3082127788,3613.948162,24,0.8439474393,7.397106691,11.40915597,0
0.00224,0.3083785413,3613.936106,24,0.8477291291,7.401084991,11.45411963,0
0.00225,0.3085443038,3613.924051,24,0.8515107936,7.405063291,11.49903465,0
0.00226,0.3087100663,3613.911995,24,0.8552924329,7.409041591,11.54390109,0
0.00227,0.3088758288,3613.89994,24,0.8590740469,7.413019892,11.58871903,0
0.00228,0.3090415913,3613.887884,24,0.8628556357,7.416998192,11.63348855,0
0.00229,0.3092073538,3613.875829,24,0.8666371993,7.420976492,11.67820974,0
0.0023,0.3093731163,3613.863773,24,0.8704187376,7.424954792,11.72288266,0
0.00231,0.3095388788,3613.851718,24,0.8742002506,7.428933092,11.76750739,0
0.00232,0.3097046414,3613.839662,24,0.8779817384,7.432911392,11.81208401,0
0.00233,0.3098704039,3613.827607,24,0.881763201,7.436889693,11.85661261,0
0.00234,0.3100361664,3613.815552,24,0.8855446383,7.440867993,11.90109325,0
0.00235,0.3102019289,3613.803496,24,0.8893260503,7.444846293,11.94552601,0
0.00236,0.3103676914,3613.791441,24,0.8931074371,7.448824593,11.98991097,0
0.00237,0.3105334539,3613.779385,24,0.8968887987,7.452802893,12.03424821,0
0.00238,0.3106992164,3613.76733,24,0.900670135,7.456781193,12.0785378,0
0.00239,0.3108649789,3613.755274,24,0.904451446,7.460759494,12.12277982,0
0.0024,0.3110307414,3613.743219,24,0.9082327319,7.464737794,12.16697434,0
0.00241,0.3111965039,3613.731163,24,0.9120139924,7.468716094,12.21112144,0
0.00242,0.3113622664,3613.719108,24,0.9157952277,7.472694394,12.2552212,0
0.00243,0.3115280289,3613.707052,24,0.9195764378,7.476672694,12.29927369,0
0.00244,0.3116937914,3613.694997,24,0.9233576226,7.480650995,12.34327899,0
0.00245,0.3118595539,3613.682942,24,0.9271387822,7.484629295,12.38723717,0
0.00246,0.3120253165,3613.670886,24,0.9309199165,7.488607595,12.43114831,0
0.00247,0.312191079,3613.658831,24,0.9347010255,7.492585895,12.47501248,0
0.00248,0.3123568415,3613.646775,24,0.9384821094,7.496564195,12.51882976,0
0.00249,0.312522604,3613.63472,24,0.9422631679,7.500542495,12.56260022,0
0.0025,0.3126883665,3613.622664,24,0.9460442012,7.504520796,12.60632393,0
0.00251,0.312854129,3613.610609,24,0.9498252093,7.508499096,12.65000098,0
0.00252,0.3130198915,3613.598553,24,0.9536061921,7.512477396,12.69363143,0
0.00253,0.313185654,3613.586498,24,0.9573871497,7.516455696,12.73721536,0
0.00254,0.3133514165,3613.574442,24,0.961168082,7.520433996,12.78075285,0
0.00255,0.313517179,3613.562387,24,0.9649489891,7.524412297,12.82424396,0
0.00256,0.3136829415,3613.550332,24,0.9687298709,7.528390597,12.86768876,0
0.00257,0.313848704,3613.538276,24,0.9725107275,7.532368897,12.91108735,0
0.00258,0.3140144665,3613.526221,24,0.9762915588,7.536347197,12.95443977,0
0.00259,0.3141802291,3613.514165,24,0.9800723649,7.540325497,12.99774612,0
0.0026,0.3143459916,3613.50211,24,0.9838531457,7.544303797,13.04100646,0
0.00261,0.3145117541,3613.490054,24,0.9876339013,7.548282098,13.08422087,0
0.00262,0.3146775166,3613.477999,24,0.9914146316,7.552260398,13.12738941,0
0.00263,0.3148432791,3613.465943,24,0.9951953367,7.556238698,13.17051216,0
0.00264,0.3150090416,3613.453888,24,0.9989760166,7.560216998,13.2135892,0
0.00265,0.3151748041,3613.441832,24,1.002756671,7.564195298,13.25662059,0
0.00266,0.3153405666,3613.429777,24,1.0065373,7.568173599,13.2996064,0
0.00267,0.3155063291,3613.417722,24,1.010317905,7.572151899,13.34254672,0
0.00268,0.3156720916,3613.405666,24,1.014098483,7.576130199,13.3854416,0
0.00269,0.3158378541,3613.393611,24,1.017879037,7.580108499,13.42829113,0
0.0027,0.3160036166,3613.381555,24,1.021659565,7.584086799,13.47109537,0
0.00271,0.3161693791,3613.3695,24,1.025440068,7.588065099,13.51385439,0
0.00272,0.3163351417,3613.357444,24,1.029220546,7.5920434,13.55656827,0
0.00273,0.3165009042,3613.345389,24,1.033000999,7.5960217,13.59923707,0
0.00274,0.3166666667,3613.333333,24,1.036781426,7.6,13.64186087,0
0.00275,0.3168324292,3613.321278,24,1.040561828,7.6039783,13.68443974,0
0.00276,0.3169981917,3613.309222,24,1.044342205,7.6079566,13.72697375,0
0.00277,0.3171639542,3613.297167,24,1.048122557,7.611934901,13.76946296,0
0.00278,0.3173297167,3613.285112,24,1.051902883,7.615913201,13.81190745,0
0.00279,0.3174954792,3613.273056,24,1.055683184,7.619891501,13.8543073,0
0.0028,0.3176612417,3613.261001,24,1.05946346,7.623869801,13.89666256,0
0.00281,0.3178270042,3613.248945,24,1.063243711,7.627848101,13.93897331,0
0.00282,0.3179927667,3613.23689,24,1.067023936,7.631826401,13.98123961,0
0.00283,0.3181585292,3613.224834,24,1.070804136,7.635804702,14.02346155,0
0.00284,0.3183242917,3613.212779,24,1.074584311,7.639783002,14.06563918,0
0.00285,0.3184900542,3613.200723,24,1.078364461,7.643761302,14.10777257,0
0.00286,0.3186558168,3613.188668,24,1.082144585,7.647739602,14.14986181,0
0.00287,0.3188215793,3613.176612,24,1.085924684,7.651717902,14.19190694,0
0.00288,0.3189873418,3613.164557,24,1.089704758,7.655696203,14.23390805,0
0.00289,0.3191531043,3613.152502,24,1.093484807,7.659674503,14.2758652,0
0.0029,0.3193188668,3613.140446,24,1.09726483,7.663652803,14.31777846,0
0.00291,0.3194846293,3613.128391,24,1.101044828,7.667631103,14.35964789,0
0.00292,0.3196503918,3613.116335,24,1.104824801,7.671609403,14.40147357,0
0.00293,0.3198161543,3613.10428,24,1.108604748,7.675587703,14.44325557,0
0.00294,0.3199819168,3613.092224,24,1.112384671,7.679566004,14.48499395,0
0.00295,0.3201476793,3613.080169,24,1.116164568,7.683544304,14.52668878,0
0.00296,0.3203134418,3613.068113,24,1.11994444,7.687522604,14.56834012,0
0.00297,0.3204792043,3613.056058,24,1.123724286,7.691500904,14.60994805,0
0.00298,0.3206449668,3613.044002,24,1.127504108,7.695479204,14.65151263,0
0.00299,0.3208107294,3613.031947,24,1.131283904,7.699457505,14.69303394,0
0.003,0.3209764919,3613.019892,24,1.135063675,7.703435805,14.73451202,0
0.00301,0.3211422544,3613.007836,24,1.13884342,7.707414105,14.77594696,0
0.00302,0.3213080169,3612.995781,24,1.142623141,7.711392405,14.81733883,0
0.00303,0.3214737794,3612.983725,24,1.146402836,7.715370705,14.85868767,0
0.00304,0.3216395419,3612.97167,24,1.150182506,7.719349005,14.89999358,0
0.00305,0.3218053044,3612.959614,24,1.15396215,7.723327306,14.9412566,0
0.00306,0.3219710669,3612.947559,24,1.15774177,7.727305606,14.9824768,0
0.00307,0.3221368294,3612.935503,24,1.161521364,7.731283906,15.02365426,0
0.00308,0.3223025919,3612.923448,24,1.165300933,7.735262206,15.06478904,0
0.00309,0.3224683544,3612.911392,24,1.169080477,7.739240506,15.1058812,0
0.0031,0.3226341169,3612.899337,24,1.172859995,7.743218807,15.14693081,0
0.00311,0.3227998794,3612.887281,24,1.176639488,7.747197107,15.18793793,0
0.00312,0.322965642,3612.875226,24,1.180418956,7.751175407,15.22890264,0
0.00313,0.3231314045,3612.863171,24,1.184198399,7.755153707,15.26982499,0
0.00314,0.323297167,3612.851115,24,1.187977816,7.759132007,15.31070505,0
0.00315,0.3234629295,3612.83906,24,1.191757208,7.763110307,15.35154289,0
0.00316,0.323628692,3612.827004,24,1.195536575,7.767088608,15.39233856,0
0.00317,0.3237944545,3612.814949,24,1.199315917,7.771066908,15.43309215,0
0.00318,0.323960217,3612.802893,24,1.203095233,7.775045208,15.4738037,0
0.00319,0.3241259795,3612.790838,24,1.206874524,7.779023508,15.51447329,0
0.0032,0.324291742,3612.778782,24,1.21065379,7.783001808,15.55510097,0
0.00321,0.3244575045,3612.766727,24,1.214433031,7.786980108,15.59568682,0
0.00322,0.324623267,3612.754671,24,1.218212246,7.790958409,15.6362309,0
0.00323,0.3247890295,3612.742616,24,1.221991436,7.794936709,15.67673327,0
0.00324,0.324954792,3612.730561,24,1.225770601,7.798915009,15.71719399,0
0.00325,0.3251205546,3612.718505,24,1.229549741,7.802893309,15.75761313,0
0.00326,0.3252863171,3612.70645,24,1.233328855,7.806871609,15.79799076,0
0.00327,0.3254520796,3612.694394,24,1.237107944,7.81084991,15.83832693,0
0.00328,0.3256178421,3612.682339,24,1.240887008,7.81482821,15.8786217,0
0.00329,0.3257836046,3612.670283,24,1.244666047,7.81880651,15.91887516,0
0.0033,0.3259493671,3612.658228,24,1.24844506,7.82278481,15.95908734,0
0.00331,0.3261151296,3612.646172,24,1.252224048,7.82676311,15.99925832,0
0.00332,0.3262808921,3612.634117,24,1.256003011,7.83074141,16.03938817,0
0.00333,0.3264466546,3612.622061,24,1.259781949,7.834719711,16.07947694,0
0.00334,0.3266124171,3612.610006,24,1.263560861,7.838698011,16.11952469,0
0.00335,0.3267781796,3612.597951,24,1.267339749,7.842676311,16.1595315,0
0.00336,0.3269439421,3612.585895,24,1.271118611,7.846654611,16.19949741,0
0.00337,0.3271097046,3612.57384,24,1.274897447,7.850632911,16.2394225,0
0.00338,0.3272754671,3612.561784,24,1.278676259,7.854611212,16.27930682,0
0.00339,0.3274412297,3612.549729,24,1.282455045,7.858589512,16.31915044,0
0.0034,0.3276069922,3612.537673,24,1.286233806,7.862567812,16.35895342,0
0.00341,0.3277727547,3612.525618,24,1.290012541,7.866546112,16.39871582,0
0.00342,0.3279385172,3612.513562,24,1.293791252,7.870524412,16.4384377,0
0.00343,0.3281042797,3612.501507,24,1.297569937,7.874502712,16.47811912,0
0.00344,0.3282700422,3612.489451,24,1.301348597,7.878481013,16.51776015,0
0.00345,0.3284358047,3612.477396,24,1.305127232,7.882459313,16.55736084,0
0.00346,0.3286015672,3612.465341,24,1.308905841,7.886437613,16.59692126,0
0.00347,0.3287673297,3612.453285,24,1.312684425,7.890415913,16.63644147,0
0.00348,0.3289330922,3612.44123,24,1.316462984,7.894394213,16.67592153,0
0.00349,0.3290988547,3612.429174,24,1.320241518,7.898372514,16.71536149,0
0.0035,0.3292646172,3612.417119,24,1.324020026,7.902350814,16.75476143,0
0.00351,0.3294303797,3612.405063,24,1.327798509,7.906329114,16.7941214,0
0.00352,0.3295961423,3612.393008,24,1.331576967,7.910307414,16.83344145,0
0.00353,0.3297619048,3612.380952,24,1.3353554,7.914285714,16.87272166,0
0.00354,0.3299276673,3612.368897,24,1.339133807,7.918264014,16.91196208,0
0.00355,0.3300934298,3612.356841,24,1.34291219,7.922242315,16.95116277,0
0.00356,0.3302591923,3612.344786,24,1.346690547,7.926220615,16.99032379,0
0.00357,0.3304249548,3612.332731,24,1.350468878,7.930198915,17.0294452,0
0.00358,0.3305907173,3612.320675,24,1.354247185,7.934177215,17.06852706,0
0.00359,0.3307564798,3612.30862,24,1.358025466,7.938155515,17.10756943,0
0.0036,0.3309222423,3612.296564,24,1.361803722,7.942133816,17.14657236,0
0.00361,0.3310880048,3612.284509,24,1.365581953,7.946112116,17.18553593,0
0.00362,0.3312537673,3612.272453,24,1.369360158,7.950090416,17.22446018,0
0.00363,0.3314195298,3612.260398,24,1.373138338,7.954068716,17.26334518,0
0.00364,0.3315852923,3612.248342,24,1.376916493,7.958047016,17.30219098,0
0.00365,0.3317510549,3612.236287,24,1.380694623,7.962025316,17.34099765,0
0.00366,0.3319168174,3612.224231,24,1.384472727,7.966003617,17.37976524,0
0.00367,0.3320825799,3612.212176,24,1.388250806,7.969981917,17.41849381,0
0.00368,0.3322483424,3612.200121,24,1.39202886,7.973960217,17.45718341,0
0.00369,0.3324141049,3612.188065,24,1.395806889,7.977938517,17.49583412,0
0.0037,0.3325798674,3612.17601,24,1.399584893,7.981916817,17.53444598,0
0.00371,0.3327456299,3612.163954,24,1.403362871,7.985895118,17.57301906,0
0.00372,0.3329113924,3612.151899,24,1.407140824,7.989873418,17.6115534,0
0.00373,0.3330771549,3612.139843,24,1.410918751,7.993851718,17.65004908,0
0.00374,0.3332429174,3612.127788,24,1.414696654,7.997830018,17.68850614,0
0.00375,0.3334086799,3612.115732,24,1.418474531,8.001808318,17.72692465,0
0.00376,0.3335744424,3612.103677,24,1.422252383,8.005786618,17.76530466,0
0.00377,0.3337402049,3612.091621,24,1.42603021,8.009764919,17.80364623,0
0.00378,0.3339059675,3612.079566,24,1.429808011,8.013743219,17.84194941,0
0.00379,0.33407173,3612.067511,24,1.433585787,8.017721519,17.88021427,0
0.0038,0.3342374925,3612.055455,24,1.437363538,8.021699819,17.91844086,0
0.00381,0.334403255,3612.0434,24,1.441141264,8.025678119,17.95662924,0
0.00382,0.3345690175,3612.031344,24,1.444918965,8.02965642,17.99477947,0
0.00383,0.33473478,3612.019289,24,1.44869664,8.03363472,18.03289159,0
0.00384,0.3349005425,3612.007233,24,1.45247429,8.03761302,18.07096567,0
0.00385,0.335066305,3611.995178,24,1.456251914,8.04159132,18.10900177,0
0.00386,0.3352320675,3611.983122,24,1.460029514,8.04556962,18.14699994,0
0.00387,0.33539783,3611.971067,24,1.463807088,8.04954792,18.18496023,0
0.00388,0.3355635925,3611.959011,24,1.467584637,8.053526221,18.22288271,0
0.00389,0.335729355,3611.946956,24,1.471362161,8.057504521,18.26076743,0
0.0039,0.3358951175,3611.934901,24,1.475139659,8.061482821,18.29861444,0
0.00391,0.33606088,3611.922845,24,1.478917133,8.065461121,18.3364238,0
0.00392,0.3362266426,3611.91079,24,1.482694581,8.069439421,18.37419557,0
0.00393,0.3363924051,3611.898734,24,1.486472003,8.073417722,18.4119298,0
0.00394,0.3365581676,3611.886679,24,1.490249401,8.077396022,18.44962655,0
0.00395,0.3367239301,3611.874623,24,1.494026773,8.081374322,18.48728587,0
0.00396,0.3368896926,3611.862568,24,1.49780412,8.085352622,18.52490782,0
0.00397,0.3370554551,3611.850512,24,1.501581442,8.089330922,18.56249245,0
0.00398,0.3372212176,3611.838457,24,1.505358738,8.093309222,18.60003982,0
0.00399,0.3373869801,3611.826401,24,1.509136009,8.097287523,18.63754998,0
0.004,0.3375527426,3611.814346,24,1.512913255,8.101265823,18.675023,0
0.00401,0.3377185051,3611.802291,24,1.516690476,8.105244123,18.71245891,0
0.00402,0.3378842676,3611.790235,24,1.520467672,8.109222423,18.74985778,0
0.00403,0.3380500301,3611.77818,24,1.524244842,8.113200723,18.78721967,0
0.00404,0.3382157926,3611.766124,24,1.528021987,8.117179024,18.82454462,0
0.00405,0.3383815552,3611.754069,24,1.531799107,8.121157324,18.86183269,0
0.00406,0.3385473177,3611.742013,24,1.535576201,8.125135624,18.89908393,0
0.00407,0.3387130802,3611.729958,24,1.53935327,8.129113924,18.9362984,0
0.00408,0.3388788427,3611.717902,24,1.543130314,8.133092224,18.97347616,0
0.00409,0.3390446052,3611.705847,24,1.546907333,8.137070524,19.01061725,0
0.0041,0.3392103677,3611.693791,24,1.550684327,8.141048825,19.04772174,0
0.00411,0.3393761302,3611.681736,24,1.554461295,8.145027125,19.08478966,0
0.00412,0.3395418927,3611.669681,24,1.558238238,8.149005425,19.12182109,0
0.00413,0.3397076552,3611.657625,24,1.562015156,8.152983725,19.15881606,0
0.00414,0.3398734177,3611.64557,24,1.565792048,8.156962025,19.19577464,0
0.00415,0.3400391802,3611.633514,24,1.569568915,8.160940325,19.23269688,0
0.00416,0.3402049427,3611.621459,24,1.573345757,8.164918626,19.26958283,0
0.00417,0.3403707052,3611.609403,24,1.577122574,8.168896926,19.30643254,0
0.00418,0.3405364678,3611.597348,24,1.580899366,8.172875226,19.34324607,0
0.00419,0.3407022303,3611.585292,24,1.584676132,8.176853526,19.38002346,0
0.0042,0.3408679928,3611.573237,24,1.588452873,8.180831826,19.41676478,0
0.00421,0.3410337553,3611.561181,24,1.592229589,8.184810127,19.45347007,0
0.00422,0.3411995178,3611.549126,24,1.596006279,8.188788427,19.49013939,0
0.00423,0.3413652803,3611.537071,24,1.599782944,8.192766727,19.52677279,0
0.00424,0.3415310428,3611.525015,24,1.603559584,8.196745027,19.56337033,0
0.00425,0.3416968053,3611.51296,24,1.607336199,8.200723327,19.59993204,0
0.00426,0.3418625678,3611.500904,24,1.611112789,8.204701627,19.63645799,0
0.00427,0.3420283303,3611.488849,24,1.614889353,8.208679928,19.67294823,0
0.00428,0.3421940928,3611.476793,24,1.618665892,8.212658228,19.70940282,0
0.00429,0.3423598553,3611.464738,24,1.622442406,8.216636528,19.74582179,0
0.0043,0.3425256178,3611.452682,24,1.626218894,8.220614828,19.7822052,0
0.00431,0.3426913803,3611.440627,24,1.629995358,8.224593128,19.81855311,0
0.00432,0.3428571429,3611.428571,24,1.633771796,8.228571429,19.85486557,0
0.00433,0.3430229054,3611.416516,24,1.637548208,8.232549729,19.89114263,0
0.00434,0.3431886679,3611.404461,24,1.641324596,8.236528029,19.92738433,0
0.00435,0.3433544304,3611.392405,24,1.645100958,8.240506329,19.96359074,0
0.00436,0.3435201929,3611.38035,24,1.648877295,8.244484629,19.99976189,0
0.00437,0.3436859554,3611.368294,24,1.652653607,8.248462929,20.03589785,0
0.00438,0.3438517179,3611.356239,24,1.656429893,8.25244123,20.07199866,0
0.00439,0.3440174804,3611.344183,24,1.660206155,8.25641953,20.10806438,0
0.0044,0.3441832429,3611.332128,24,1.663982391,8.26039783,20.14409505,0
0.00441,0.3443490054,3611.320072,24,1.667758602,8.26437613,20.18009073,0
0.00442,0.3445147679,3611.308017,24,1.671534787,8.26835443,20.21605147,0
0.00443,0.3446805304,3611.295961,24,1.675310947,8.272332731,20.25197731,0
0.00444,0.3448462929,3611.283906,24,1.679087082,8.276311031,20.2878683,0
0.00445,0.3450120555,3611.271851,24,1.682863192,8.280289331,20.32372451,0
0.00446,0.345177818,3611.259795,24,1.686639277,8.284267631,20.35954597,0
0.00447,0.3453435805,3611.24774,24,1.690415336,8.288245931,20.39533274,0
0.00448,0.345509343,3611.235684,24,1.69419137,8.292224231,20.43108487,0
0.00449,0.3456751055,3611.223629,24,1.697967379,8.296202532,20.4668024,0
0.0045,0.345840868,3611.211573,24,1.701743362,8.300180832,20.50248539,0
0.00451,0.3460066305,3611.199518,24,1.705519321,8.304159132,20.53813389,0
0.00452,0.346172393,3611.187462,24,1.709295254,8.308137432,20.57374794,0
0.00453,0.3463381555,3611.175407,24,1.713071161,8.312115732,20.6093276,0
0.00454,0.346503918,3611.163351,24,1.716847044,8.316094033,20.64487291,0
0.00455,0.3466696805,3611.151296,24,1.720622901,8.320072333,20.68038393,0
0.00456,0.346835443,3611.139241,24,1.724398733,8.324050633,20.7158607,0
0.00457,0.3470012055,3611.127185,24,1.72817454,8.328028933,20.75130327,0
0.00458,0.3471669681,3611.11513,24,1.731950322,8.332007233,20.78671169,0
0.00459,0.3473327306,3611.103074,24,1.735726078,8.335985533,20.82208602,0
0.0046,0.3474984931,3611.091019,24,1.739501809,8.339963834,20.85742629,0
0.00461,0.3476642556,3611.078963,24,1.743277515,8.343942134,20.89273256,0
0.00462,0.3478300181,3611.066908,24,1.747053195,8.347920434,20.92800488,0
0.00463,0.3479957806,3611.054852,24,1.750828851,8.351898734,20.96324329,0
0.00464,0.3481615431,3611.042797,24,1.754604481,8.355877034,20.99844784,0
0.00465,0.3483273056,3611.030741,24,1.758380086,8.359855335,21.03361859,0
0.00466,0.3484930681,3611.018686,24,1.762155665,8.363833635,21.06875557,0
0.00467,0.3486588306,3611.006631,24,1.765931219,8.367811935,21.10385885,0
0.00468,0.3488245931,3610.994575,24,1.769706749,8.371790235,21.13892846,0
0.00469,0.3489903556,3610.98252,24,1.773482252,8.375768535,21.17396445,0
0.0047,0.3491561181,3610.970464,24,1.777257731,8.379746835,21.20896688,0
0.00471,0.3493218807,3610.958409,24,1.781033184,8.383725136,21.24393579,0
0.00472,0.3494876432,3610.946353,24,1.784808612,8.387703436,21.27887122,0
0.00473,0.3496534057,3610.934298,24,1.788584015,8.391681736,21.31377323,0
0.00474,0.3498191682,3610.922242,24,1.792359393,8.395660036,21.34864186,0
0.00475,0.3499849307,3610.910187,24,1.796134745,8.399638336,21.38347716,0
0.00476,0.3501506932,3610.898131,24,1.799910072,8.403616637,21.41827918,0
0.00477,0.3503164557,3610.886076,24,1.803685374,8.407594937,21.45304796,0
0.00478,0.3504822182,3610.87402,24,1.80746065,8.411573237,21.48778355,0
0.00479,0.3506479807,3610.861965,24,1.811235902,8.415551537,21.522486,0
0.0048,0.3508137432,3610.84991,24,1.815011128,8.419529837,21.55715536,0
0.00481,0.3509795057,3610.837854,24,1.818786329,8.423508137,21.59179167,0
0.00482,0.3511452682,3610.825799,24,1.822561504,8.427486438,21.62639498,0
0.00483,0.3513110307,3610.813743,24,1.826336655,8.431464738,21.66096534,0
0.00484,0.3514767932,3610.801688,24,1.83011178,8.435443038,21.69550279,0
0.00485,0.3516425558,3610.789632,24,1.83388688,8.439421338,21.73000738,0
0.00486,0.3518083183,3610.777577,24,1.837661954,8.443399638,21.76447915,0
0.00487,0.3519740808,3610.765521,24,1.841437003,8.447377939,21.79891816,0
0.00488,0.3521398433,3610.753466,24,1.845212028,8.451356239,21.83332444,0
0.00489,0.3523056058,3610.74141,24,1.848987026,8.455334539,21.86769805,0
0.0049,0.3524713683,3610.729355,24,1.852762,8.459312839,21.90203903,0
0.00491,0.3526371308,3610.7173,24,1.856536948,8.463291139,21.93634743,0
0.00492,0.3528028933,3610.705244,24,1.860311871,8.467269439,21.97062329,0
0.00493,0.3529686558,3610.693189,24,1.864086769,8.47124774,22.00486666,0
0.00494,0.3531344183,3610.681133,24,1.867861642,8.47522604,22.03907758,0
0.00495,0.3533001808,3610.669078,24,1.871636489,8.47920434,22.0732561,0
0.00496,0.3534659433,3610.657022,24,1.875411311,8.48318264,22.10740227,0
0.00497,0.3536317058,3610.644967,24,1.879186108,8.48716094,22.14151612,0
0.00498,0.3537974684,3610.632911,24,1.88296088,8.491139241,22.17559772,0
0.00499,0.3539632309,3610.620856,24,1.886735626,8.495117541,22.20964709,0
0.005,0.3541289934,3610.6088,24,1.890510347,8.499095841,22.2436643,0
0.00501,0.3542947559,3610.596745,24,1.894285043,8.503074141,22.27764937,0
0.00502,0.3544605184,3610.58469,24,1.898059714,8.507052441,22.31160236,0
0.00503,0.3546262809,3610.572634,24,1.901834359,8.511030741,22.34552332,0
0.00504,0.3547920434,3610.560579,24,1.905608979,8.515009042,22.37941228,0
0.00505,0.3549578059,3610.548523,24,1.909383574,8.518987342,22.41326929,0
0.00506,0.3551235684,3610.536468,24,1.913158143,8.522965642,22.4470944,0
0.00507,0.3552893309,3610.524412,24,1.916932688,8.526943942,22.48088765,0
0.00508,0.3554550934,3610.512357,24,1.920707207,8.530922242,22.51464909,0
0.00509,0.3556208559,3610.500301,24,1.924481701,8.534900542,22.54837876,0
0.0051,0.3557866184,3610.488246,24,1.928256169,8.538878843,22.5820767,0
0.00511,0.355952381,3610.47619,24,1.932030613,8.542857143,22.61574296,0
0.00512,0.3561181435,3610.464135,24,1.935805031,8.546835443,22.64937758,0
0.00513,0.356283906,3610.45208,24,1.939579424,8.550813743,22.68298061,0
0.00514,0.3564496685,3610.440024,24,1.943353791,8.554792043,22.7165521,0
0.00515,0.356615431,3610.427969,24,1.947128134,8.558770344,22.75009208,0
0.00516,0.3567811935,3610.415913,24,1.950902451,8.562748644,22.78360059,0
0.00517,0.356946956,3610.403858,24,1.954676743,8.566726944,22.81707769,0
0.00518,0.3571127185,3610.391802,24,1.958451009,8.570705244,22.85052342,0
0.00519,0.357278481,3610.379747,24,1.962225251,8.574683544,22.88393782,0
0.0052,0.3574442435,3610.367691,24,1.965999467,8.578661844,22.91732093,0
0.00521,0.357610006,3610.355636,24,1.969773658,8.582640145,22.95067281,0
0.00522,0.3577757685,3610.34358,24,1.973547823,8.586618445,22.98399348,0
0.00523,0.357941531,3610.331525,24,1.977321964,8.590596745,23.01728299,0
0.00524,0.3581072936,3610.31947,24,1.981096079,8.594575045,23.0505414,0
0.00525,0.3582730561,3610.307414,24,1.984870169,8.598553345,23.08376873,0
0.00526,0.3584388186,3610.295359,24,1.988644233,8.602531646,23.11696504,0
0.00527,0.3586045811,3610.283303,24,1.992418273,8.606509946,23.15013037,0
0.00528,0.3587703436,3610.271248,24,1.996192287,8.610488246,23.18326476,0
0.00529,0.3589361061,3610.259192,24,1.999966276,8.614466546,23.21636824,0
0.0053,0.3591018686,3610.247137,24,2.003740239,8.618444846,23.24944088,0
0.00531,0.3592676311,3610.235081,24,2.007514178,8.622423146,23.2824827,0
0.00532,0.3594333936,3610.223026,24,2.011288091,8.626401447,23.31549376,0
0.00533,0.3595991561,3610.21097,24,2.015061979,8.630379747,23.34847409,0
0.00534,0.3597649186,3610.198915,24,2.018835841,8.634358047,23.38142373,0
0.00535,0.3599306811,3610.18686,24,2.022609679,8.638336347,23.41434273,0
0.00536,0.3600964436,3610.174804,24,2.026383491,8.642314647,23.44723114,0
0.00537,0.3602622061,3610.162749,24,2.030157278,8.646292948,23.48008898,0
0.00538,0.3604279687,3610.150693,24,2.033931039,8.650271248,23.51291631,0
0.00539,0.3605937312,3610.138638,24,2.037704776,8.654249548,23.54571317,0
0.0054,0.3607594937,3610.126582,24,2.041478487,8.658227848,23.5784796,0
0.00541,0.3609252562,3610.114527,24,2.045252173,8.662206148,23.61121564,0
0.00542,0.3610910187,3610.102471,24,2.049025833,8.666184448,23.64392133,0
0.00543,0.3612567812,3610.090416,24,2.052799469,8.670162749,23.67659672,0
0.00544,0.3614225437,3610.07836,24,2.056573079,8.674141049,23.70924184,0
0.00545,0.3615883062,3610.066305,24,2.060346664,8.678119349,23.74185674,0
0.00546,0.3617540687,3610.05425,24,2.064120224,8.682097649,23.77444146,0
0.00547,0.3619198312,3610.042194,24,2.067893758,8.686075949,23.80699605,0
0.00548,0.3620855937,3610.030139,24,2.071667267,8.69005425,23.83952053,0
0.00549,0.3622513562,3610.018083,24,2.075440751,8.69403255,23.87201496,0
0.0055,0.3624171187,3610.006028,24,2.07921421,8.69801085,23.90447937,0
0.00551,0.3625828813,3609.993972,24,2.082987643,8.70198915,23.93691381,0
0.00552,0.3627486438,3609.981917,24,2.086761051,8.70596745,23.96931832,0
0.00553,0.3629144063,3609.969861,24,2.090534434,8.70994575,24.00169294,0
0.00554,0.3630801688,3609.957806,24,2.094307792,8.713924051,24.0340377,0
0.00555,0.3632459313,3609.94575,24,2.098081124,8.717902351,24.06635266,0
0.00556,0.3634116938,3609.933695,24,2.101854431,8.721880651,24.09863784,0
0.00557,0.3635774563,3609.92164,24,2.105627713,8.725858951,24.1308933,0
0.00558,0.3637432188,3609.909584,24,2.10940097,8.729837251,24.16311907,0
0.00559,0.3639089813,3609.897529,24,2.113174201,8.733815552,24.1953152,0
0.0056,0.3640747438,3609.885473,24,2.116947407,8.737793852,24.22748171,0
0.00561,0.3642405063,3609.873418,24,2.120720588,8.741772152,24.25961866,0
0.00562,0.3644062688,3609.861362,24,2.124493744,8.745750452,24.29172609,0
0.00563,0.3645720313,3609.849307,24,2.128266874,8.749728752,24.32380403,0
0.00564,0.3647377939,3609.837251,24,2.13203998,8.753707052,24.35585252,0
0.00565,0.3649035564,3609.825196,24,2.13581306,8.757685353,24.38787161,0
0.00566,0.3650693189,3609.81314,24,2.139586114,8.761663653,24.41986133,0
0.00567,0.3652350814,3609.801085,24,2.143359144,8.765641953,24.45182173,0
0.00568,0.3654008439,3609.78903,24,2.147132148,8.769620253,24.48375284,0
0.00569,0.3655666064,3609.776974,24,2.150905127,8.773598553,24.51565471,0
0.0057,0.3657323689,3609.764919,24,2.15467808,8.777576854,24.54752737,0
0.00571,0.3658981314,3609.752863,24,2.158451009,8.781555154,24.57937086,0
0.00572,0.3660638939,3609.740808,24,2.162223912,8.785533454,24.61118523,0
0.00573,0.3662296564,3609.728752,24,2.16599679,8.789511754,24.64297051,0
0.00574,0.3663954189,3609.716697,24,2.169769643,8.793490054,24.67472675,0
0.00575,0.3665611814,3609.704641,24,2.17354247,8.797468354,24.70645398,0
0.00576,0.3667269439,3609.692586,24,2.177315272,8.801446655,24.73815223,0
0.00577,0.3668927064,3609.68053,24,2.181088049,8.805424955,24.76982156,0
0.00578,0.367058469,3609.668475,24,2.184860801,8.809403255,24.801462,0
0.00579,0.3672242315,3609.65642,24,2.188633527,8.813381555,24.83307359,0
0.0058,0.367389994,3609.644364,24,2.192406228,8.817359855,24.86465636,0
0.00581,0.3675557565,3609.632309,24,2.196178904,8.821338156,24.89621037,0
0.00582,0.367721519,3609.620253,24,2.199951555,8.825316456,24.92773564,0
0.00583,0.3678872815,3609.608198,24,2.203724181,8.829294756,24.95923221,0
0.00584,0.368053044,3609.596142,24,2.207496781,8.833273056,24.99070013,0
0.00585,0.3682188065,3609.584087,24,2.211269356,8.837251356,25.02213942,0
0.00586,0.368384569,3609.572031,24,2.215041905,8.841229656,25.05355014,0
0.00587,0.3685503315,3609.559976,24,2.21881443,8.845207957,25.08493232,0
0.00588,0.368716094,3609.54792,24,2.222586929,8.849186257,25.116286,0
0.00589,0.3688818565,3609.535865,24,2.226359403,8.853164557,25.14761121,0
0.0059,0.369047619,3609.52381,24,2.230131852,8.857142857,25.178908,0
0.00591,0.3692133816,3609.511754,24,2.233904275,8.861121157,25.2101764,0
0.00592,0.3693791441,3609.499699,24,2.237676673,8.865099458,25.24141646,0
0.00593,0.3695449066,3609.487643,24,2.241449046,8.869077758,25.2726282,0
0.00594,0.3697106691,3609.475588,24,2.245221394,8.873056058,25.30381167,0
0.00595,0.3698764316,3609.463532,24,2.248993716,8.877034358,25.3349669,0
0.00596,0.3700421941,3609.451477,24,2.252766014,8.881012658,25.36609394,0
0.00597,0.3702079566,3609.439421,24,2.256538286,8.884990958,25.39719282,0
0.00598,0.3703737191,3609.427366,24,2.260310532,8.888969259,25.42826358,0
0.00599,0.3705394816,3609.41531,24,2.264082754,8.892947559,25.45930625,0
0.006,0.3707052441,3609.403255,24,2.26785495,8.896925859,25.49032088,0
0.00601,0.3708710066,3609.3912,24,2.271627121,8.900904159,25.5213075,0
0.00602,0.3710367691,3609.379144,24,2.275399267,8.904882459,25.55226615,0
0.00603,0.3712025316,3609.367089,24,2.279171387,8.908860759,25.58319687,0
0.00604,0.3713682942,3609.355033,24,2.282943482,8.91283906,25.61409969,0
0.00605,0.3715340567,3609.342978,24,2.286715552,8.91681736,25.64497466,0
0.00606,0.3716998192,3609.330922,24,2.290487597,8.92079566,25.6758218,0
0.00607,0.3718655817,3609.318867,24,2.294259616,8.92477396,25.70664116,0
0.00608,0.3720313442,3609.306811,24,2.298031611,8.92875226,25.73743277,0
0.00609,0.3721971067,3609.294756,24,2.30180358,8.932730561,25.76819668,0
0.0061,0.3723628692,3609.2827,24,2.305575523,8.936708861,25.79893291,0
0.00611,0.3725286317,3609.270645,24,2.309347442,8.940687161,25.82964151,0
0.00612,0.3726943942,3609.25859,24,2.313119335,8.944665461,25.8603225,0
0.00613,0.3728601567,3609.246534,24,2.316891203,8.948643761,25.89097594,0
0.00614,0.3730259192,3609.234479,24,2.320663046,8.952622061,25.92160185,0
0.00615,0.3731916817,3609.222423,24,2.324434863,8.956600362,25.95220027,0
0.00616,0.3733574442,3609.210368,24,2.328206655,8.960578662,25.98277124,0
0.00617,0.3735232068,3609.198312,24,2.331978422,8.964556962,26.01331479,0
0.00618,0.3736889693,3609.186257,24,2.335750164,8.968535262,26.04383097,0
0.00619,0.3738547318,3609.174201,24,2.339521881,8.972513562,26.0743198,0
0.0062,0.3740204943,3609.162146,24,2.343293572,8.976491863,26.10478133,0
0.00621,0.3741862568,3609.15009,24,2.347065238,8.980470163,26.13521559,0
0.00622,0.3743520193,3609.138035,24,2.350836879,8.984448463,26.16562261,0
0.00623,0.3745177818,3609.12598,24,2.354608494,8.988426763,26.19600244,0
0.00624,0.3746835443,3609.113924,24,2.358380084,8.992405063,26.2263551,0
0.00625,0.3748493068,3609.101869,24,2.362151649,8.996383363,26.25668064,0
0.00626,0.3750150693,3609.089813,24,2.365923189,9.000361664,26.28697909,0
0.00627,0.3751808318,3609.077758,24,2.369694703,9.004339964,26.31725049,0
0.00628,0.3753465943,3609.065702,24,2.373466193,9.008318264,26.34749487,0
0.00629,0.3755123568,3609.053647,24,2.377237657,9.012296564,26.37771227,0
0.0063,0.3756781193,3609.041591,24,2.381009095,9.016274864,26.40790272,0
0.00631,0.3758438819,3609.029536,24,2.384780509,9.020253165,26.43806627,0
0.00632,0.3760096444,3609.01748,24,2.388551897,9.024231465,26.46820293,0
0.00633,0.3761754069,3609.005425,24,2.39232326,9.028209765,26.49831276,0
0.00634,0.3763411694,3608.993369,24,2.396094598,9.032188065,26.52839578,0
0.00635,0.3765069319,3608.981314,24,2.39986591,9.036166365,26.55845204,0
0.00636,0.3766726944,3608.969259,24,2.403637198,9.040144665,26.58848156,0
0.00637,0.3768384569,3608.957203,24,2.40740846,9.044122966,26.61848439,0
0.00638,0.3770042194,3608.945148,24,2.411179696,9.048101266,26.64846055,0
0.00639,0.3771699819,3608.933092,24,2.414950908,9.052079566,26.67841009,0
0.0064,0.3773357444,3608.921037,24,2.418722094,9.056057866,26.70833303,0
0.00641,0.3775015069,3608.908981,24,2.422493255,9.060036166,26.73822941,0
0.00642,0.3776672694,3608.896926,24,2.426264391,9.064014467,26.76809928,0
0.00643,0.3778330319,3608.88487,24,2.430035501,9.067992767,26.79794265,0
0.00644,0.3779987945,3608.872815,24,2.433806587,9.071971067,26.82775958,0
0.00645,0.378164557,3608.860759,24,2.437577647,9.075949367,26.85755008,0
0.00646,0.3783303195,3608.848704,24,2.441348681,9.079927667,26.8873142,0
0.00647,0.378496082,3608.836649,24,2.445119691,9.083905967,26.91705198,0
0.00648,0.3786618445,3608.824593,24,2.448890675,9.087884268,26.94676344,0
0.00649,0.378827607,3608.812538,24,2.452661634,9.091862568,26.97644862,0
0.0065,0.3789933695,3608.800482,24,2.456432568,9.095840868,27.00610756,0
0.00651,0.379159132,3608.788427,24,2.460203477,9.099819168,27.03574028,0
0.00652,0.3793248945,3608.776371,24,2.46397436,9.103797468,27.06534683,0
0.00653,0.379490657,3608.764316,24,2.467745218,9.107775769,27.09492724,0
0.00654,0.3796564195,3608.75226,24,2.471516051,9.111754069,27.12448154,0
0.00655,0.379822182,3608.740205,24,2.475286858,9.115732369,27.15400977,0
0.00656,0.3799879445,3608.728149,24,2.47905764,9.119710669,27.18351196,0
0.00657,0.3801537071,3608.716094,24,2.482828397,9.123688969,27.21298814,0
0.00658,0.3803194696,3608.704039,24,2.486599129,9.127667269,27.24243836,0
0.00659,0.3804852321,3608.691983,24,2.490369836,9.13164557,27.27186263,0
0.0066,0.3806509946,3608.679928,24,2.494140517,9.13562387,27.301261,0
0.00661,0.3808167571,3608.667872,24,2.497911173,9.13960217,27.33063351,0
0.00662,0.3809825196,3608.655817,24,2.501681804,9.14358047,27.35998017,0
0.00663,0.3811482821,3608.643761,24,2.505452409,9.14755877,27.38930104,0
0.00664,0.3813140446,3608.631706,24,2.50922299,9.151537071,27.41859614,0
0.00665,0.3814798071,3608.61965,24,2.512993545,9.155515371,27.4478655,0
0.00666,0.3816455696,3608.607595,24,2.516764074,9.159493671,27.47710916,0
0.00667,0.3818113321,3608.595539,24,2.520534579,9.163471971,27.50632715,0
0.00668,0.3819770946,3608.583484,24,2.524305058,9.167450271,27.53551951,0
0.00669,0.3821428571,3608.571429,24,2.528075512,9.171428571,27.56468627,0
0.0067,0.3823086197,3608.559373,24,2.531845941,9.175406872,27.59382746,0
0.00671,0.3824743822,3608.547318,24,2.535616345,9.179385172,27.62294312,0
0.00672,0.3826401447,3608.535262,24,2.539386723,9.183363472,27.65203327,0
0.00673,0.3828059072,3608.523207,24,2.543157076,9.187341772,27.68109796,0
0.00674,0.3829716697,3608.511151,24,2.546927404,9.191320072,27.71013721,0
0.00675,0.3831374322,3608.499096,24,2.550697706,9.195298373,27.73915106,0
0.00676,0.3833031947,3608.48704,24,2.554467984,9.199276673,27.76813954,0
0.00677,0.3834689572,3608.474985,24,2.558238236,9.203254973,27.79710269,0
0.00678,0.3836347197,3608.462929,24,2.562008462,9.207233273,27.82604053,0
0.00679,0.3838004822,3608.450874,24,2.565778664,9.211211573,27.8549531,0
0.0068,0.3839662447,3608.438819,24,2.56954884,9.215189873,27.88384044,0
0.00681,0.3841320072,3608.426763,24,2.573318991,9.219168174,27.91270257,0
0.00682,0.3842977697,3608.414708,24,2.577089117,9.223146474,27.94153952,0
0.00683,0.3844635322,3608.402652,24,2.580859218,9.227124774,27.97035134,0
0.00684,0.3846292948,3608.390597,24,2.584629293,9.231103074,27.99913805,0
0.00685,0.3847950573,3608.378541,24,2.588399343,9.235081374,28.02789968,0
0.00686,0.3849608198,3608.366486,24,2.592169368,9.239059675,28.05663627,0
0.00687,0.3851265823,3608.35443,24,2.595939367,9.243037975,28.08534785,0
0.00688,0.3852923448,3608.342375,24,2.599709342,9.247016275,28.11403446,0
0.00689,0.3854581073,3608.330319,24,2.603479291,9.250994575,28.14269611,0
0.0069,0.3856238698,3608.318264,24,2.607249215,9.254972875,28.17133286,0
0.00691,0.3857896323,3608.306209,24,2.611019113,9.258951175,28.19994472,0
0.00692,0.3859553948,3608.294153,24,2.614788986,9.262929476,28.22853173,0
0.00693,0.3861211573,3608.282098,24,2.618558834,9.266907776,28.25709393,0
0.00694,0.3862869198,3608.270042,24,2.622328657,9.270886076,28.28563134,0
0.00695,0.3864526823,3608.257987,24,2.626098455,9.274864376,28.314144,0
0.00696,0.3866184448,3608.245931,24,2.629868227,9.278842676,28.34263193,0
0.00697,0.3867842074,3608.233876,24,2.633637974,9.282820976,28.37109518,0
0.00698,0.3869499699,3608.22182,24,2.637407696,9.286799277,28.39953376,0
0.00699,0.3871157324,3608.209765,24,2.641177393,9.290777577,28.42794772,0
0.007,0.3872814949,3608.197709,24,2.644947064,9.294755877,28.45633709,0
0.00701,0.3874472574,3608.185654,24,2.64871671,9.298734177,28.48470189,0
0.00702,0.3876130199,3608.173599,24,2.652486331,9.302712477,28.51304216,0
0.00703,0.3877787824,3608.161543,24,2.656255926,9.306690778,28.54135793,0
0.00704,0.3879445449,3608.149488,24,2.660025497,9.310669078,28.56964923,0
0.00705,0.3881103074,3608.137432,24,2.663795042,9.314647378,28.5979161,0
0.00706,0.3882760699,3608.125377,24,2.667564562,9.318625678,28.62615855,0
0.00707,0.3884418324,3608.113321,24,2.671334056,9.322603978,28.65437664,0
0.00708,0.3886075949,3608.101266,24,2.675103526,9.326582278,28.68257037,0
0.00709,0.3887733574,3608.08921,24,2.67887297,9.330560579,28.7107398,0
0.0071,0.38893912,3608.077155,24,2.682642388,9.334538879,28.73888494,0
0.00711,0.3891048825,3608.065099,24,2.686411782,9.338517179,28.76700584,0
0.00712,0.389270645,3608.053044,24,2.69018115,9.342495479,28.79510251,0
0.00713,0.3894364075,3608.040989,24,2.693950493,9.346473779,28.823175,0
0.00714,0.38960217,3608.028933,24,2.697719811,9.35045208,28.85122332,0
0.00715,0.3897679325,3608.016878,24,2.701489104,9.35443038,28.87924752,0
0.00716,0.389933695,3608.004822,24,2.705258371,9.35840868,28.90724763,0
0.00717,0.3900994575,3607.992767,24,2.709027613,9.36238698,28.93522367,0
0.00718,0.39026522,3607.980711,24,2.71279683,9.36636528,28.96317567,0
0.00719,0.3904309825,3607.968656,24,2.716566022,9.37034358,28.99110367,0
0.0072,0.390596745,3607.9566,24,2.720335188,9.374321881,29.0190077,0
0.00721,0.3907625075,3607.944545,24,2.724104329,9.378300181,29.04688778,0
0.00722,0.39092827,3607.932489,24,2.727873445,9.382278481,29.07474395,0
0.00723,0.3910940325,3607.920434,24,2.731642536,9.386256781,29.10257624,0
0.00724,0.3912597951,3607.908379,24,2.735411601,9.390235081,29.13038467,0
0.00725,0.3914255576,3607.896323,24,2.739180641,9.394213382,29.15816929,0
0.00726,0.3915913201,3607.884268,24,2.742949656,9.398191682,29.18593011,0
0.00727,0.3917570826,3607.872212,24,2.746718645,9.402169982,29.21366717,0
0.00728,0.3919228451,3607.860157,24,2.75048761,9.406148282,29.2413805,0
0.00729,0.3920886076,3607.848101,24,2.754256549,9.410126582,29.26907013,0
0.0073,0.3922543701,3607.836046,24,2.758025463,9.414104882,29.29673609,0
0.00731,0.3924201326,3607.82399,24,2.761794351,9.418083183,29.32437841,0
0.00732,0.3925858951,3607.811935,24,2.765563215,9.422061483,29.35199712,0
0.00733,0.3927516576,3607.799879,24,2.769332053,9.426039783,29.37959224,0
0.00734,0.3929174201,3607.787824,24,2.773100866,9.430018083,29.40716382,0
0.00735,0.3930831826,3607.775769,24,2.776869653,9.433996383,29.43471187,0
0.00736,0.3932489451,3607.763713,24,2.780638416,9.437974684,29.46223643,0
0.00737,0.3934147077,3607.751658,24,2.784407153,9.441952984,29.48973753,0
0.00738,0.3935804702,3607.739602,24,2.788175865,9.445931284,29.5172152,0
0.00739,0.3937462327,3607.727547,24,2.791944551,9.449909584,29.54466946,0
0.0074,0.3939119952,3607.715491,24,2.795713213,9.453887884,29.57210036,0
0.00741,0.3940777577,3607.703436,24,2.799481849,9.457866184,29.5995079,0
0.00742,0.3942435202,3607.69138,24,2.80325046,9.461844485,29.62689214,0
0.00743,0.3944092827,3607.679325,24,2.807019045,9.465822785,29.65425309,0
0.00744,0.3945750452,3607.667269,24,2.810787606,9.469801085,29.68159078,0
0.00745,0.3947408077,3607.655214,24,2.814556141,9.473779385,29.70890525,0
0.00746,0.3949065702,3607.643159,24,2.818324651,9.477757685,29.73619652,0
0.00747,0.3950723327,3607.631103,24,2.822093135,9.481735986,29.76346462,0
0.00748,0.3952380952,3607.619048,24,2.825861595,9.485714286,29.79070958,0
0.00749,0.3954038577,3607.606992,24,2.829630029,9.489692586,29.81793144,0
0.0075,0.3955696203,3607.594937,24,2.833398438,9.493670886,29.84513021,0
0.00751,0.3957353828,3607.582881,24,2.837166821,9.497649186,29.87230593,0
0.00752,0.3959011453,3607.570826,24,2.84093518,9.501627486,29.89945863,0
0.00753,0.3960669078,3607.55877,24,2.844703513,9.505605787,29.92658834,0
0.00754,0.3962326703,3607.546715,24,2.848471821,9.509584087,29.95369508,0
0.00755,0.3963984328,3607.534659,24,2.852240103,9.513562387,29.98077888,0
0.00756,0.3965641953,3607.522604,24,2.856008361,9.517540687,30.00783978,0
0.00757,0.3967299578,3607.510549,24,2.859776593,9.521518987,30.0348778,0
0.00758,0.3968957203,3607.498493,24,2.8635448,9.525497288,30.06189297,0
0.00759,0.3970614828,3607.486438,24,2.867312981,9.529475588,30.08888532,0
0.0076,0.3972272453,3607.474382,24,2.871081138,9.533453888,30.11585488,0
0.00761,0.3973930078,3607.462327,24,2.874849269,9.537432188,30.14280167,0
0.00762,0.3975587703,3607.450271,24,2.878617375,9.541410488,30.16972573,0
0.00763,0.3977245329,3607.438216,24,2.882385455,9.545388788,30.19662708,0
0.00764,0.3978902954,3607.42616,24,2.886153511,9.549367089,30.22350575,0
0.00765,0.3980560579,3607.414105,24,2.889921541,9.553345389,30.25036177,0
0.00766,0.3982218204,3607.402049,24,2.893689546,9.557323689,30.27719516,0
0.00767,0.3983875829,3607.389994,24,2.897457525,9.561301989,30.30400597,0
0.00768,0.3985533454,3607.377939,24,2.90122548,9.565280289,30.33079421,0
0.00769,0.3987191079,3607.365883,24,2.904993409,9.56925859,30.35755991,0
0.0077,0.3988848704,3607.353828,24,2.908761313,9.57323689,30.3843031,0
0.00771,0.3990506329,3607.341772,24,2.912529191,9.57721519,30.41102381,0
0.00772,0.3992163954,3607.329717,24,2.916297045,9.58119349,30.43772206,0
0.00773,0.3993821579,3607.317661,24,2.920064873,9.58517179,30.46439789,0
0.00774,0.3995479204,3607.305606,24,2.923832676,9.58915009,30.49105133,0
0.00775,0.3997136829,3607.29355,24,2.927600454,9.593128391,30.51768239,0
0.00776,0.3998794454,3607.281495,24,2.931368206,9.597106691,30.54429111,0
0.00777,0.400045208,3607.269439,24,2.935135933,9.601084991,30.57087752,0
0.00778,0.4002109705,3607.257384,24,2.938903635,9.605063291,30.59744164,0
0.00779,0.400376733,3607.245329,24,2.942671312,9.609041591,30.6239835,0
0.0078,0.4005424955,3607.233273,24,2.946438963,9.613019892,30.65050313,0
0.00781,0.400708258,3607.221218,24,2.950206589,9.616998192,30.67700056,0
0.00782,0.4008740205,3607.209162,24,2.95397419,9.620976492,30.70347581,0
0.00783,0.401039783,3607.197107,24,2.957741766,9.624954792,30.72992892,0
0.00784,0.4012055455,3607.185051,24,2.961509316,9.628933092,30.7563599,0
0.00785,0.401371308,3607.172996,24,2.965276841,9.632911392,30.78276879,0
0.00786,0.4015370705,3607.16094,24,2.969044341,9.636889693,30.80915561,0
0.00787,0.401702833,3607.148885,24,2.972811816,9.640867993,30.83552039,0
0.00788,0.4018685955,3607.136829,24,2.976579265,9.644846293,30.86186317,0
0.00789,0.402034358,3607.124774,24,2.98034669,9.648824593,30.88818395,0
0.0079,0.4022001206,3607.112719,24,2.984114089,9.652802893,30.91448278,0
0.00791,0.4023658831,3607.100663,24,2.987881462,9.656781193,30.94075968,0
0.00792,0.4025316456,3607.088608,24,2.991648811,9.660759494,30.96701468,0
0.00793,0.4026974081,3607.076552,24,2.995416134,9.664737794,30.9932478,0
0.00794,0.4028631706,3607.064497,24,2.999183432,9.668716094,31.01945907,0
0.00795,0.4030289331,3607.052441,24,3.002950704,9.672694394,31.04564852,0
0.00796,0.4031946956,3607.040386,24,3.006717952,9.676672694,31.07181618,0
0.00797,0.4033604581,3607.02833,24,3.010485174,9.680650995,31.09796207,0
0.00798,0.4035262206,3607.016275,24,3.014252371,9.684629295,31.12408621,0
0.00799,0.4036919831,3607.004219,24,3.018019543,9.688607595,31.15018864,0
0.008,0.4038577456,3606.992164,24,3.021786689,9.692585895,31.17626938,0
0.00801,0.4040235081,3606.980108,24,3.02555381,9.696564195,31.20232847,0
0.00802,0.4041892706,3606.968053,24,3.029320906,9.700542495,31.22836591,0
0.00803,0.4043550332,3606.955998,24,3.033087977,9.704520796,31.25438175,0
0.00804,0.4045207957,3606.943942,24,3.036855022,9.708499096,31.28037601,0
0.00805,0.4046865582,3606.931887,24,3.040622042,9.712477396,31.30634871,0
0.00806,0.4048523207,3606.919831,24,3.044389037,9.716455696,31.33229989,0
0.00807,0.4050180832,3606.907776,24,3.048156007,9.720433996,31.35822956,0
0.00808,0.4051838457,3606.89572,24,3.051922952,9.724412297,31.38413776,0
0.00809,0.4053496082,3606.883665,24,3.055689871,9.728390597,31.41002451,0
0.0081,0.4055153707,3606.871609,24,3.059456765,9.732368897,31.43588983,0
0.00811,0.4056811332,3606.859554,24,3.063223633,9.736347197,31.46173376,0
0.00812,0.4058468957,3606.847498,24,3.066990477,9.740325497,31.48755632,0
0.00813,0.4060126582,3606.835443,24,3.070757295,9.744303797,31.51335753,0
0.00814,0.4061784207,3606.823388,24,3.074524088,9.748282098,31.53913743,0
0.00815,0.4063441832,3606.811332,24,3.078290856,9.752260398,31.56489603,0
0.00816,0.4065099458,3606.799277,24,3.082057598,9.756238698,31.59063337,0
0.00817,0.4066757083,3606.787221,24,3.085824315,9.760216998,31.61634947,0
0.00818,0.4068414708,3606.775166,24,3.089591007,9.764195298,31.64204436,0
0.00819,0.4070072333,3606.76311,24,3.093357674,9.768173599,31.66771805,0
0.0082,0.4071729958,3606.751055,24,3.097124315,9.772151899,31.69337058,0
0.00821,0.4073387583,3606.738999,24,3.100890932,9.776130199,31.71900198,0
0.00822,0.4075045208,3606.726944,24,3.104657523,9.780108499,31.74461227,0
0.00823,0.4076702833,3606.714888,24,3.108424088,9.784086799,31.77020147,0
0.00824,0.4078360458,3606.702833,24,3.112190629,9.788065099,31.79576961,0
0.00825,0.4080018083,3606.690778,24,3.115957144,9.7920434,31.82131672,0
0.00826,0.4081675708,3606.678722,24,3.119723634,9.7960217,31.84684283,0
0.00827,0.4083333333,3606.666667,24,3.123490099,9.8,31.87234794,0
0.00828,0.4084990958,3606.654611,24,3.127256538,9.8039783,31.89783211,0
0.00829,0.4086648583,3606.642556,24,3.131022952,9.8079566,31.92329534,0
0.0083,0.4088306209,3606.6305,24,3.134789341,9.811934901,31.94873766,0
0.00831,0.4089963834,3606.618445,24,3.138555705,9.815913201,31.97415911,0
0.00832,0.4091621459,3606.606389,24,3.142322043,9.819891501,31.9995597,0
0.00833,0.4093279084,3606.594334,24,3.146088357,9.823869801,32.02493946,0
0.00834,0.4094936709,3606.582278,24,3.149854645,9.827848101,32.05029842,0
0.00835,0.4096594334,3606.570223,24,3.153620907,9.831826401,32.0756366,0
0.00836,0.4098251959,3606.558168,24,3.157387145,9.835804702,32.10095402,0
0.00837,0.4099909584,3606.546112,24,3.161153357,9.839783002,32.12625072,0
0.00838,0.4101567209,3606.534057,24,3.164919544,9.843761302,32.15152671,0
0.00839,0.4103224834,3606.522001,24,3.168685706,9.847739602,32.17678202,0
0.0084,0.4104882459,3606.509946,24,3.172451842,9.851717902,32.20201668,0
0.00841,0.4106540084,3606.49789,24,3.176217953,9.855696203,32.22723071,0
0.00842,0.4108197709,3606.485835,24,3.179984039,9.859674503,32.25242414,0
0.00843,0.4109855335,3606.473779,24,3.1837501,9.863652803,32.27759699,0
0.00844,0.411151296,3606.461724,24,3.187516136,9.867631103,32.30274929,0
0.00845,0.4113170585,3606.449668,24,3.191282146,9.871609403,32.32788105,0
0.00846,0.411482821,3606.437613,24,3.195048131,9.875587703,32.35299232,0
0.00847,0.4116485835,3606.425558,24,3.198814091,9.879566004,32.3780831,0
0.00848,0.411814346,3606.413502,24,3.202580025,9.883544304,32.40315343,0
0.00849,0.4119801085,3606.401447,24,3.206345934,9.887522604,32.42820333,0
0.0085,0.412145871,3606.389391,24,3.210111818,9.891500904,32.45323282,0
0.00851,0.4123116335,3606.377336,24,3.213877677,9.895479204,32.47824194,0
0.00852,0.412477396,3606.36528,24,3.21764351,9.899457505,32.5032307,0
0.00853,0.4126431585,3606.353225,24,3.221409319,9.903435805,32.52819912,0
0.00854,0.412808921,3606.341169,24,3.225175102,9.907414105,32.55314724,0
0.00855,0.4129746835,3606.329114,24,3.228940859,9.911392405,32.57807508,0
0.00856,0.4131404461,3606.317058,24,3.232706592,9.915370705,32.60298266,0
0.00857,0.4133062086,3606.305003,24,3.236472299,9.919349005,32.62787001,0
0.00858,0.4134719711,3606.292948,24,3.240237981,9.923327306,32.65273715,0
0.00859,0.4136377336,3606.280892,24,3.244003638,9.927305606,32.6775841,0
0.0086,0.4138034961,3606.268837,24,3.247769269,9.931283906,32.70241089,0
0.00861,0.4139692586,3606.256781,24,3.251534876,9.935262206,32.72721754,0
0.00862,0.4141350211,3606.244726,24,3.255300457,9.939240506,32.75200409,0
0.00863,0.4143007836,3606.23267,24,3.259066012,9.943218807,32.77677054,0
0.00864,0.4144665461,3606.220615,24,3.262831543,9.947197107,32.80151693,0
0.00865,0.4146323086,3606.208559,24,3.266597048,9.951175407,32.82624328,0
0.00866,0.4147980711,3606.196504,24,3.270362528,9.955153707,32.85094961,0
0.00867,0.4149638336,3606.184448,24,3.274127983,9.959132007,32.87563595,0
0.00868,0.4151295961,3606.172393,24,3.277893412,9.963110307,32.90030233,0
0.00869,0.4152953586,3606.160338,24,3.281658817,9.967088608,32.92494876,0
0.0087,0.4154611212,3606.148282,24,3.285424196,9.971066908,32.94957527,0
0.00871,0.4156268837,3606.136227,24,3.289189549,9.975045208,32.97418188,0
0.00872,0.4157926462,3606.124171,24,3.292954878,9.979023508,32.99876862,0
0.00873,0.4159584087,3606.112116,24,3.296720181,9.983001808,33.02333551,0
0.00874,0.4161241712,3606.10006,24,3.300485459,9.986980108,33.04788258,0
0.00875,0.4162899337,3606.088005,24,3.304250712,9.990958409,33.07240984,0
0.00876,0.4164556962,3606.075949,24,3.30801594,9.994936709,33.09691733,0
0.00877,0.4166214587,3606.063894,24,3.311781142,9.998915009,33.12140506,0
0.00878,0.4167872212,3606.051838,24,3.315546319,10.00289331,33.14587306,0
0.00879,0.4169529837,3606.039783,24,3.319311471,10.00687161,33.17032136,0
0.0088,0.4171187462,3606.027728,24,3.323076597,10.01084991,33.19474997,0
0.00881,0.4172845087,3606.015672,24,3.326841698,10.01482821,33.21915892,0
0.00882,0.4174502712,3606.003617,24,3.330606774,10.01880651,33.24354823,0
0.00883,0.4176160338,3605.991561,24,3.334371825,10.02278481,33.26791793,0
0.00884,0.4177817963,3605.979506,24,3.338136851,10.02676311,33.29226804,0
0.00885,0.4179475588,3605.96745,24,3.341901851,10.03074141,33.31659859,0
0.00886,0.4181133213,3605.955395,24,3.345666826,10.03471971,33.34090959,0
0.00887,0.4182790838,3605.943339,24,3.349431776,10.03869801,33.36520107,0
0.00888,0.4184448463,3605.931284,24,3.3531967,10.04267631,33.38947305,0
0.00889,0.4186106088,3605.919228,24,3.3569616,10.04665461,33.41372556,0
0.0089,0.4187763713,3605.907173,24,3.360726474,10.05063291,33.43795862,0
0.00891,0.4189421338,3605.895118,24,3.364491322,10.05461121,33.46217225,0
0.00892,0.4191078963,3605.883062,24,3.368256146,10.05858951,33.48636647,0
0.00893,0.4192736588,3605.871007,24,3.372020944,10.06256781,33.51054132,0
0.00894,0.4194394213,3605.858951,24,3.375785717,10.06654611,33.5346968,0
0.00895,0.4196051838,3605.846896,24,3.379550465,10.07052441,33.55883295,0
0.00896,0.4197709464,3605.83484,24,3.383315188,10.07450271,33.58294979,0
0.00897,0.4199367089,3605.822785,24,3.387079885,10.07848101,33.60704734,0
0.00898,0.4201024714,3605.810729,24,3.390844557,10.08245931,33.63112562,0
0.00899,0.4202682339,3605.798674,24,3.394609204,10.08643761,33.65518465,0
0.009,0.4204339964,3605.786618,24,3.398373825,10.09041591,33.67922447,0
0.00901,0.4205997589,3605.774563,24,3.402138422,10.09439421,33.70324508,0
0.00902,0.4207655214,3605.762508,24,3.405902993,10.09837251,33.72724652,0
0.00903,0.4209312839,3605.750452,24,3.409667538,10.10235081,33.75122881,0
0.00904,0.4210970464,3605.738397,24,3.413432059,10.10632911,33.77519197,0
0.00905,0.4212628089,3605.726341,24,3.417196554,10.11030741,33.79913601,0
0.00906,0.4214285714,3605.714286,24,3.420961024,10.11428571,33.82306097,0
0.00907,0.4215943339,3605.70223,24,3.424725469,10.11826401,33.84696687,0
0.00908,0.4217600964,3605.690175,24,3.428489889,10.12224231,33.87085373,0
0.00909,0.421925859,3605.678119,24,3.432254283,10.12622061,33.89472157,0
0.0091,0.4220916215,3605.666064,24,3.436018652,10.13019892,33.91857041,0
0.00911,0.422257384,3605.654008,24,3.439782996,10.13417722,33.94240028,0
0.00912,0.4224231465,3605.641953,24,3.443547314,10.13815552,33.9662112,0
0.00913,0.422588909,3605.629898,24,3.447311608,10.14213382,33.99000319,0
0.00914,0.4227546715,3605.617842,24,3.451075876,10.14611212,34.01377628,0
0.00915,0.422920434,3605.605787,24,3.454840119,10.15009042,34.03753047,0
0.00916,0.4230861965,3605.593731,24,3.458604336,10.15406872,34.06126581,0
0.00917,0.423251959,3605.581676,24,3.462368528,10.15804702,34.08498231,0
0.00918,0.4234177215,3605.56962,24,3.466132695,10.16202532,34.10867999,0
0.00919,0.423583484,3605.557565,24,3.469896837,10.16600362,34.13235887,0
0.0092,0.4237492465,3605.545509,24,3.473660954,10.16998192,34.15601898,0
0.00921,0.423915009,3605.533454,24,3.477425045,10.17396022,34.17966034,0
0.00922,0.4240807715,3605.521398,24,3.481189111,10.17793852,34.20328297,0
0.00923,0.4242465341,3605.509343,24,3.484953152,10.18191682,34.22688689,0
0.00924,0.4244122966,3605.497288,24,3.488717168,10.18589512,34.25047212,0
0.00925,0.4245780591,3605.485232,24,3.492481158,10.18987342,34.27403869,0
0.00926,0.4247438216,3605.473177,24,3.496245123,10.19385172,34.29758662,0
0.00927,0.4249095841,3605.461121,24,3.500009063,10.19783002,34.32111593,0
0.00928,0.4250753466,3605.449066,24,3.503772977,10.20180832,34.34462664,0
0.00929,0.4252411091,3605.43701,24,3.507536867,10.20578662,34.36811877,0
0.0093,0.4254068716,3605.424955,24,3.511300731,10.20976492,34.39159235,0
0.00931,0.4255726341,3605.412899,24,3.51506457,10.21374322,34.4150474,0
0.00932,0.4257383966,3605.400844,24,3.518828383,10.21772152,34.43848393,0
0.00933,0.4259041591,3605.388788,24,3.522592172,10.22169982,34.46190197,0
0.00934,0.4260699216,3605.376733,24,3.526355935,10.22567812,34.48530155,0
0.00935,0.4262356841,3605.364678,24,3.530119672,10.22965642,34.50868267,0
0.00936,0.4264014467,3605.352622,24,3.533883385,10.23363472,34.53204538,0
0.00937,0.4265672092,3605.340567,24,3.537647072,10.23761302,34.55538967,0
0.00938,0.4267329717,3605.328511,24,3.541410734,10.24159132,34.57871559,0
0.00939,0.4268987342,3605.316456,24,3.545174371,10.24556962,34.60202314,0
0.0094,0.4270644967,3605.3044,24,3.548937983,10.24954792,34.62531236,0
0.00941,0.4272302592,3605.292345,24,3.552701569,10.25352622,34.64858326,0
0.00942,0.4273960217,3605.280289,24,3.55646513,10.25750452,34.67183586,0
0.00943,0.4275617842,3605.268234,24,3.560228666,10.26148282,34.69507018,0
0.00944,0.4277275467,3605.256178,24,3.563992177,10.26546112,34.71828625,0
0.00945,0.4278933092,3605.244123,24,3.567755662,10.26943942,34.74148408,0
0.00946,0.4280590717,3605.232068,24,3.571519122,10.27341772,34.76466371,0
0.00947,0.4282248342,3605.220012,24,3.575282557,10.27739602,34.78782514,0
0.00948,0.4283905967,3605.207957,24,3.579045967,10.28137432,34.8109684,0
0.00949,0.4285563593,3605.195901,24,3.582809351,10.28535262,34.83409352,0
0.0095,0.4287221218,3605.183846,24,3.58657271,10.28933092,34.8572005,0
0.00951,0.4288878843,3605.17179,24,3.590336044,10.29330922,34.88028938,0
0.00952,0.4290536468,3605.159735,24,3.594099353,10.29728752,34.90336018,0
0.00953,0.4292194093,3605.147679,24,3.597862636,10.30126582,34.92641291,0
0.00954,0.4293851718,3605.135624,24,3.601625894,10.30524412,34.94944759,0
0.00955,0.4295509343,3605.123568,24,3.605389127,10.30922242,34.97246425,0
0.00956,0.4297166968,3605.111513,24,3.609152334,10.31320072,34.99546291,0
0.00957,0.4298824593,3605.099458,24,3.612915517,10.31717902,35.01844359,0
0.00958,0.4300482218,3605.087402,24,3.616678674,10.32115732,35.04140631,0
0.00959,0.4302139843,3605.075347,24,3.620441806,10.32513562,35.06435109,0
0.0096,0.4303797468,3605.063291,24,3.624204912,10.32911392,35.08727795,0
0.00961,0.4305455093,3605.051236,24,3.627967994,10.33309222,35.11018691,0
0.00962,0.4307112719,3605.03918,24,3.63173105,10.33707052,35.133078,0
0.00963,0.4308770344,3605.027125,24,3.635494081,10.34104882,35.15595122,0
0.00964,0.4310427969,3605.015069,24,3.639257086,10.34502712,35.17880661,0
0.00965,0.4312085594,3605.003014,24,3.643020067,10.34900542,35.20164419,0
0.00966,0.4313743219,3604.990958,24,3.646783022,10.35298373,35.22446397,0
0.00967,0.4315400844,3604.978903,24,3.650545952,10.35696203,35.24726597,0
0.00968,0.4317058469,3604.966847,24,3.654308856,10.36094033,35.27005022,0
0.00969,0.4318716094,3604.954792,24,3.658071736,10.36491863,35.29281674,0
0.0097,0.4320373719,3604.942737,24,3.66183459,10.36889693,35.31556554,0
0.00971,0.4322031344,3604.930681,24,3.665597419,10.37287523,35.33829665,0
0.00972,0.4323688969,3604.918626,24,3.669360222,10.37685353,35.36101009,0
0.00973,0.4325346594,3604.90657,24,3.673123001,10.38083183,35.38370587,0
0.00974,0.4327004219,3604.894515,24,3.676885754,10.38481013,35.40638403,0
0.00975,0.4328661844,3604.882459,24,3.680648482,10.38878843,35.42904457,0
0.00976,0.433031947,3604.870404,24,3.684411184,10.39276673,35.45168752,0
0.00977,0.4331977095,3604.858348,24,3.688173862,10.39674503,35.47431289,0
0.00978,0.433363472,3604.846293,24,3.691936514,10.40072333,35.49692072,0
0.00979,0.4335292345,3604.834237,24,3.695699141,10.40470163,35.51951102,0
0.0098,0.433694997,3604.822182,24,3.699461742,10.40867993,35.5420838,0
0.00981,0.4338607595,3604.810127,24,3.703224319,10.41265823,35.56463909,0
0.00982,0.434026522,3604.798071,24,3.70698687,10.41663653,35.58717691,0
0.00983,0.4341922845,3604.786016,24,3.710749396,10.42061483,35.60969729,0
0.00984,0.434358047,3604.77396,24,3.714511896,10.42459313,35.63220023,0
0.00985,0.4345238095,3604.761905,24,3.718274372,10.42857143,35.65468576,0
0.00986,0.434689572,3604.749849,24,3.722036822,10.43254973,35.67715389,0
0.00987,0.4348553345,3604.737794,24,3.725799247,10.43652803,35.69960466,0
0.00988,0.435021097,3604.725738,24,3.729561646,10.44050633,35.72203808,0
0.00989,0.4351868596,3604.713683,24,3.733324021,10.44448463,35.74445416,0
0.0099,0.4353526221,3604.701627,24,3.73708637,10.44846293,35.76685293,0
0.00991,0.4355183846,3604.689572,24,3.740848694,10.45244123,35.78923442,0
0.00992,0.4356841471,3604.677517,24,3.744610992,10.45641953,35.81159862,0
0.00993,0.4358499096,3604.665461,24,3.748373266,10.46039783,35.83394558,0
0.00994,0.4360156721,3604.653406,24,3.752135514,10.46437613,35.8562753,0
0.00995,0.4361814346,3604.64135,24,3.755897737,10.46835443,35.87858781,0
0.00996,0.4363471971,3604.629295,24,3.759659935,10.47233273,35.90088313,0
0.00997,0.4365129596,3604.617239,24,3.763422107,10.47631103,35.92316127,0
0.00998,0.4366787221,3604.605184,24,3.767184254,10.48028933,35.94542226,0
0.00999,0.4368444846,3604.593128,24,3.770946376,10.48426763,35.96766611,0
0.01,0.4370102471,3604.581073,24,3.774708473,10.48824593,35.98989285,0
0.01001,0.4371760096,3604.569017,24,3.778470544,10.49222423,36.01210249,0
0.01002,0.4373417722,3604.556962,24,3.78223259,10.49620253,36.03429506,0
0.01003,0.4375075347,3604.544907,24,3.785994611,10.50018083,36.05647057,0
0.01004,0.4376732972,3604.532851,24,3.789756607,10.50415913,36.07862904,0
0.01005,0.4378390597,3604.520796,24,3.793518577,10.50813743,36.10077049,0
0.01006,0.4380048222,3604.50874,24,3.797280522,10.51211573,36.12289494,0
0.01007,0.4381705847,3604.496685,24,3.801042442,10.51609403,36.14500242,0
0.01008,0.4383363472,3604.484629,24,3.804804337,10.52007233,36.16709293,0
0.01009,0.4385021097,3604.472574,24,3.808566206,10.52405063,36.1891665,0
0.0101,0.4386678722,3604.460518,24,3.812328051,10.52802893,36.21122315,0
0.01011,0.4388336347,3604.448463,24,3.816089869,10.53200723,36.2332629,0
0.01012,0.4389993972,3604.436407,24,3.819851663,10.53598553,36.25528576,0
0.01013,0.4391651597,3604.424352,24,3.823613432,10.53996383,36.27729176,0
0.01014,0.4393309222,3604.412297,24,3.827375175,10.54394213,36.29928092,0
0.01015,0.4394966847,3604.400241,24,3.831136893,10.54792043,36.32125324,0
0.01016,0.4396624473,3604.388186,24,3.834898585,10.55189873,36.34320876,0
0.01017,0.4398282098,3604.37613,24,3.838660253,10.55587703,36.36514749,0
0.01018,0.4399939723,3604.364075,24,3.842421895,10.55985533,36.38706945,0
0.01019,0.4401597348,3604.352019,24,3.846183512,10.56383363,36.40897467,0
0.0102,0.4403254973,3604.339964,24,3.849945103,10.56781193,36.43086315,0
0.01021,0.4404912598,3604.327908,24,3.85370667,10.57179024,36.45273491,0
0.01022,0.4406570223,3604.315853,24,3.857468211,10.57576854,36.47458999,0
0.01023,0.4408227848,3604.303797,24,3.861229727,10.57974684,36.49642838,0
0.01024,0.4409885473,3604.291742,24,3.864991218,10.58372514,36.51825013,0
0.01025,0.4411543098,3604.279687,24,3.868752683,10.58770344,36.54005523,0
0.01026,0.4413200723,3604.267631,24,3.872514123,10.59168174,36.56184372,0
0.01027,0.4414858348,3604.255576,24,3.876275538,10.59566004,36.5836156,0
0.01028,0.4416515973,3604.24352,24,3.880036928,10.59963834,36.60537091,0
0.01029,0.4418173599,3604.231465,24,3.883798292,10.60361664,36.62710965,0
0.0103,0.4419831224,3604.219409,24,3.887559632,10.60759494,36.64883185,0
0.01031,0.4421488849,3604.207354,24,3.891320945,10.61157324,36.67053752,0
0.01032,0.4423146474,3604.195298,24,3.895082234,10.61555154,36.69222669,0
0.01033,0.4424804099,3604.183243,24,3.898843498,10.61952984,36.71389937,0
0.01034,0.4426461724,3604.171187,24,3.902604736,10.62350814,36.73555557,0
0.01035,0.4428119349,3604.159132,24,3.906365949,10.62748644,36.75719533,0
0.01036,0.4429776974,3604.147077,24,3.910127136,10.63146474,36.77881866,0
0.01037,0.4431434599,3604.135021,24,3.913888299,10.63544304,36.80042557,0
0.01038,0.4433092224,3604.122966,24,3.917649436,10.63942134,36.82201608,0
0.01039,0.4434749849,3604.11091,24,3.921410548,10.64339964,36.84359022,0
0.0104,0.4436407474,3604.098855,24,3.925171635,10.64737794,36.865148,0
0.01041,0.4438065099,3604.086799,24,3.928932696,10.65135624,36.88668943,0
0.01042,0.4439722725,3604.074744,24,3.932693732,10.65533454,36.90821455,0
0.01043,0.444138035,3604.062688,24,3.936454743,10.65931284,36.92972336,0
0.01044,0.4443037975,3604.050633,24,3.940215729,10.66329114,36.95121588,0
0.01045,0.44446956,3604.038577,24,3.94397669,10.66726944,36.97269214,0
0.01046,0.4446353225,3604.026522,24,3.947737625,10.67124774,36.99415215,0
0.01047,0.444801085,3604.014467,24,3.951498535,10.67522604,37.01559592,0
0.01048,0.4449668475,3604.002411,24,3.955259419,10.67920434,37.03702348,0
0.01049,0.44513261,3603.990356,24,3.959020279,10.68318264,37.05843485,0
0.0105,0.4452983725,3603.9783,24,3.962781113,10.68716094,37.07983004,0
0.01051,0.445464135,3603.966245,24,3.966541922,10.69113924,37.10120907,0
0.01052,0.4456298975,3603.954189,24,3.970302706,10.69511754,37.12257196,0
0.01053,0.44579566,3603.942134,24,3.974063464,10.69909584,37.14391873,0
0.01054,0.4459614225,3603.930078,24,3.977824197,10.70307414,37.16524939,0
0.01055,0.4461271851,3603.918023,24,3.981584905,10.70705244,37.18656397,0
0.01056,0.4462929476,3603.905967,24,3.985345588,10.71103074,37.20786248,0
0.01057,0.4464587101,3603.893912,24,3.989106246,10.71500904,37.22914493,0
0.01058,0.4466244726,3603.881857,24,3.992866878,10.71898734,37.25041135,0
0.01059,0.4467902351,3603.869801,24,3.996627485,10.72296564,37.27166176,0
0.0106,0.4469559976,3603.857746,24,4.000388066,10.72694394,37.29289617,0
0.01061,0.4471217601,3603.84569,24,4.004148623,10.73092224,37.3141146,0
0.01062,0.4472875226,3603.833635,24,4.007909154,10.73490054,37.33531706,0
0.01063,0.4474532851,3603.821579,24,4.01166966,10.73887884,37.35650359,0
0.01064,0.4476190476,3603.809524,24,4.015430141,10.74285714,37.37767418,0
0.01065,0.4477848101,3603.797468,24,4.019190596,10.74683544,37.39882887,0
0.01066,0.4479505726,3603.785413,24,4.022951027,10.75081374,37.41996767,0
0.01067,0.4481163351,3603.773357,24,4.026711432,10.75479204,37.44109059,0
0.01068,0.4482820976,3603.761302,24,4.030471811,10.75877034,37.46219765,0
0.01069,0.4484478602,3603.749247,24,4.034232166,10.76274864,37.48328888,0
0.0107,0.4486136227,3603.737191,24,4.037992495,10.76672694,37.50436429,0
0.01071,0.4487793852,3603.725136,24,4.041752799,10.77070524,37.52542389,0
0.01072,0.4489451477,3603.71308,24,4.045513078,10.77468354,37.54646771,0
0.01073,0.4491109102,3603.701025,24,4.049273331,10.77866184,37.56749576,0
0.01074,0.4492766727,3603.688969,24,4.053033559,10.78264014,37.58850806,0
0.01075,0.4494424352,3603.676914,24,4.056793762,10.78661844,37.60950462,0
0.01076,0.4496081977,3603.664858,24,4.06055394,10.79059675,37.63048547,0
0.01077,0.4497739602,3603.652803,24,4.064314093,10.79457505,37.65145062,0
0.01078,0.4499397227,3603.640747,24,4.06807422,10.79855335,37.67240009,0
0.01079,0.4501054852,3603.628692,24,4.071834322,10.80253165,37.69333389,0
0.0108,0.4502712477,3603.616637,24,4.075594399,10.80650995,37.71425205,0
0.01081,0.4504370102,3603.604581,24,4.07935445,10.81048825,37.73515458,0
0.01082,0.4506027728,3603.592526,24,4.083114476,10.81446655,37.75604149,0
0.01083,0.4507685353,3603.58047,24,4.086874477,10.81844485,37.77691281,0
0.01084,0.4509342978,3603.568415,24,4.090634453,10.82242315,37.79776856,0
0.01085,0.4511000603,3603.556359,24,4.094394404,10.82640145,37.81860874,0
0.01086,0.4512658228,3603.544304,24,4.098154329,10.83037975,37.83943338,0
0.01087,0.4514315853,3603.532248,24,4.101914229,10.83435805,37.86024249,0
0.01088,0.4515973478,3603.520193,24,4.105674104,10.83833635,37.88103609,0
0.01089,0.4517631103,3603.508137,24,4.109433953,10.84231465,37.9018142,0
0.0109,0.4519288728,3603.496082,24,4.113193777,10.84629295,37.92257684,0
0.01091,0.4520946353,3603.484027,24,4.116953576,10.85027125,37.94332402,0
0.01092,0.4522603978,3603.471971,24,4.12071335,10.85424955,37.96405575,0
0.01093,0.4524261603,3603.459916,24,4.124473099,10.85822785,37.98477207,0
0.01094,0.4525919228,3603.44786,24,4.128232822,10.86220615,38.00547297,0
0.01095,0.4527576854,3603.435805,24,4.13199252,10.86618445,38.02615849,0
0.01096,0.4529234479,3603.423749,24,4.135752193,10.87016275,38.04682863,0
0.01097,0.4530892104,3603.411694,24,4.13951184,10.87414105,38.06748341,0
0.01098,0.4532549729,3603.399638,24,4.143271462,10.87811935,38.08812286,0
0.01099,0.4534207354,3603.387583,24,4.147031059,10.88209765,38.10874698,0
0.011,0.4535864979,3603.375527,24,4.150790631,10.88607595,38.1293558,0
0.01101,0.4537522604,3603.363472,24,4.154550178,10.89005425,38.14994933,0
0.01102,0.4539180229,3603.351417,24,4.158309699,10.89403255,38.17052758,0
0.01103,0.4540837854,3603.339361,24,4.162069195,10.89801085,38.19109058,0
0.01104,0.4542495479,3603.327306,24,4.165828666,10.90198915,38.21163834,0
0.01105,0.4544153104,3603.31525,24,4.169588111,10.90596745,38.23217088,0
0.01106,0.4545810729,3603.303195,24,4.173347532,10.90994575,38.25268821,0
0.01107,0.4547468354,3603.291139,24,4.177106927,10.91392405,38.27319035,0
0.01108,0.454912598,3603.279084,24,4.180866296,10.91790235,38.29367732,0
0.01109,0.4550783605,3603.267028,24,4.184625641,10.92188065,38.31414913,0
0.0111,0.455244123,3603.254973,24,4.18838496,10.92585895,38.33460581,0
0.01111,0.4554098855,3603.242917,24,4.192144254,10.92983725,38.35504736,0
0.01112,0.455575648,3603.230862,24,4.195903523,10.93381555,38.37547381,0
0.01113,0.4557414105,3603.218807,24,4.199662767,10.93779385,38.39588516,0
0.01114,0.455907173,3603.206751,24,4.203421985,10.94177215,38.41628144,0
0.01115,0.4560729355,3603.194696,24,4.207181178,10.94575045,38.43666267,0
0.01116,0.456238698,3603.18264,24,4.210940346,10.94972875,38.45702885,0
0.01117,0.4564044605,3603.170585,24,4.214699488,10.95370705,38.47738001,0
0.01118,0.456570223,3603.158529,24,4.218458605,10.95768535,38.49771617,0
0.01119,0.4567359855,3603.146474,24,4.222217697,10.96166365,38.51803733,0
0.0112,0.456901748,3603.134418,24,4.225976764,10.96564195,38.53834351,0
0.01121,0.4570675105,3603.122363,24,4.229735806,10.96962025,38.55863474,0
0.01122,0.4572332731,3603.110307,24,4.233494822,10.97359855,38.57891102,0
0.01123,0.4573990356,3603.098252,24,4.237253813,10.97757685,38.59917238,0
0.01124,0.4575647981,3603.086197,24,4.241012779,10.98155515,38.61941883,0
0.01125,0.4577305606,3603.074141,24,4.244771719,10.98553345,38.63965038,0
0.01126,0.4578963231,3603.062086,24,4.248530635,10.98951175,38.65986706,0
0.01127,0.4580620856,3603.05003,24,4.252289525,10.99349005,38.68006888,0
0.01128,0.4582278481,3603.037975,24,4.25604839,10.99746835,38.70025584,0
0.01129,0.4583936106,3603.025919,24,4.259807229,11.00144665,38.72042798,0
0.0113,0.4585593731,3603.013864,24,4.263566043,11.00542495,38.74058531,0
0.01131,0.4587251356,3603.001808,24,4.267324832,11.00940325,38.76072784,0
0.01132,0.4588908981,3602.989753,24,4.271083596,11.01338156,38.78085559,0
0.01133,0.4590566606,3602.977697,24,4.274842335,11.01735986,38.80096857,0
0.01134,0.4592224231,3602.965642,24,4.278601048,11.02133816,38.8210668,0
0.01135,0.4593881857,3602.953586,24,4.282359736,11.02531646,38.84115031,0
0.01136,0.4595539482,3602.941531,24,4.286118399,11.02929476,38.86121909,0
0.01137,0.4597197107,3602.929476,24,4.289877037,11.03327306,38.88127317,0
0.01138,0.4598854732,3602.91742,24,4.293635649,11.03725136,38.90131257,0
0.01139,0.4600512357,3602.905365,24,4.297394236,11.04122966,38.92133729,0
0.0114,0.4602169982,3602.893309,24,4.301152798,11.04520796,38.94134737,0
0.01141,0.4603827607,3602.881254,24,4.304911334,11.04918626,38.9613428,0
0.01142,0.4605485232,3602.869198,24,4.308669846,11.05316456,38.98132361,0
0.01143,0.4607142857,3602.857143,24,4.312428332,11.05714286,39.00128982,0
0.01144,0.4608800482,3602.845087,24,4.316186792,11.06112116,39.02124144,0
0.01145,0.4610458107,3602.833032,24,4.319945228,11.06509946,39.04117848,0
0.01146,0.4612115732,3602.820976,24,4.323703638,11.06907776,39.06110096,0
0.01147,0.4613773357,3602.808921,24,4.327462023,11.07305606,39.0810089,0
0.01148,0.4615430983,3602.796866,24,4.331220383,11.07703436,39.10090231,0
0.01149,0.4617088608,3602.78481,24,4.334978718,11.08101266,39.12078121,0
0.0115,0.4618746233,3602.772755,24,4.338737027,11.08499096,39.14064561,0
0.01151,0.4620403858,3602.760699,24,4.342495311,11.08896926,39.16049553,0
0.01152,0.4622061483,3602.748644,24,4.34625357,11.09294756,39.18033099,0
0.01153,0.4623719108,3602.736588,24,4.350011804,11.09692586,39.200152,0
0.01154,0.4625376733,3602.724533,24,4.353770012,11.10090416,39.21995857,0
0.01155,0.4627034358,3602.712477,24,4.357528195,11.10488246,39.23975072,0
0.01156,0.4628691983,3602.700422,24,4.361286353,11.10886076,39.25952847,0
0.01157,0.4630349608,3602.688366,24,4.365044485,11.11283906,39.27929184,0
0.01158,0.4632007233,3602.676311,24,4.368802593,11.11681736,39.29904083,0
0.01159,0.4633664858,3602.664256,24,4.372560675,11.12079566,39.31877546,0
0.0116,0.4635322483,3602.6522,24,4.376318732,11.12477396,39.33849575,0
0.01161,0.4636980108,3602.640145,24,4.380076763,11.12875226,39.35820172,0
0.01162,0.4638637734,3602.628089,24,4.38383477,11.13273056,39.37789337,0
0.01163,0.4640295359,3602.616034,24,4.387592751,11.13670886,39.39757073,0
0.01164,0.4641952984,3602.603978,24,4.391350707,11.14068716,39.41723381,0
0.01165,0.4643610609,3602.591923,24,4.395108637,11.14466546,39.43688263,0
0.01166,0.4645268234,3602.579867,24,4.398866542,11.14864376,39.45651719,0
0.01167,0.4646925859,3602.567812,24,4.402624423,11.15262206,39.47613752,0
0.01168,0.4648583484,3602.555756,24,4.406382277,11.15660036,39.49574364,0
0.01169,0.4650241109,3602.543701,24,4.410140107,11.16057866,39.51533554,0
0.0117,0.4651898734,3602.531646,24,4.413897911,11.16455696,39.53491326,0
0.01171,0.4653556359,3602.51959,24,4.41765569,11.16853526,39.55447681,0
0.01172,0.4655213984,3602.507535,24,4.421413444,11.17251356,39.5740262,0
0.01173,0.4656871609,3602.495479,24,4.425171173,11.17649186,39.59356144,0
0.01174,0.4658529234,3602.483424,24,4.428928876,11.18047016,39.61308256,0
0.01175,0.466018686,3602.471368,24,4.432686554,11.18444846,39.63258956,0
0.01176,0.4661844485,3602.459313,24,4.436444207,11.18842676,39.65208247,0
0.01177,0.466350211,3602.447257,24,4.440201835,11.19240506,39.67156129,0
0.01178,0.4665159735,3602.435202,24,4.443959437,11.19638336,39.69102605,0
0.01179,0.466681736,3602.423146,24,4.447717014,11.20036166,39.71047675,0
0.0118,0.4668474985,3602.411091,24,4.451474566,11.20433996,39.72991341,0
0.01181,0.467013261,3602.399036,24,4.455232093,11.20831826,39.74933605,0
0.01182,0.4671790235,3602.38698,24,4.458989594,11.21229656,39.76874469,0
0.01183,0.467344786,3602.374925,24,4.46274707,11.21627486,39.78813933,0
0.01184,0.4675105485,3602.362869,24,4.466504521,11.22025316,39.80751999,0
0.01185,0.467676311,3602.350814,24,4.470261947,11.22423146,39.82688668,0
0.01186,0.4678420735,3602.338758,24,4.474019347,11.22820976,39.84623943,0
0.01187,0.468007836,3602.326703,24,4.477776722,11.23218807,39.86557825,0
0.01188,0.4681735986,3602.314647,24,4.481534072,11.23616637,39.88490314,0
0.01189,0.4683393611,3602.302592,24,4.485291397,11.24014467,39.90421414,0
0.0119,0.4685051236,3602.290536,24,4.489048696,11.24412297,39.92351124,0
0.01191,0.4686708861,3602.278481,24,4.49280597,11.24810127,39.94279447,0
0.01192,0.4688366486,3602.266426,24,4.496563219,11.25207957,39.96206383,0
0.01193,0.4690024111,3602.25437,24,4.500320443,11.25605787,39.98131936,0
0.01194,0.4691681736,3602.242315,24,4.504077641,11.26003617,40.00056105,0
0.01195,0.4693339361,3602.230259,24,4.507834814,11.26401447,40.01978893,0
0.01196,0.4694996986,3602.218204,24,4.511591962,11.26799277,40.039003,0
0.01197,0.4696654611,3602.206148,24,4.515349084,11.27197107,40.05820329,0
0.01198,0.4698312236,3602.194093,24,4.519106182,11.27594937,40.0773898,0
0.01199,0.4699969861,3602.182037,24,4.522863254,11.27992767,40.09656256,0
0.012,0.4701627486,3602.169982,24,4.526620301,11.28390597,40.11572158,0
0.01201,0.4703285112,3602.157926,24,4.530377322,11.28788427,40.13486686,0
0.01202,0.4704942737,3602.145871,24,4.534134319,11.29186257,40.15399844,0
0.01203,0.4706600362,3602.133816,24,4.53789129,11.29584087,40.17311631,0
0.01204,0.4708257987,3602.12176,24,4.541648236,11.29981917,40.1922205,0
0.01205,0.4709915612,3602.109705,24,4.545405157,11.30379747,40.21131102,0
0.01206,0.4711573237,3602.097649,24,4.549162052,11.30777577,40.23038788,0
0.01207,0.4713230862,3602.085594,24,4.552918922,11.31175407,40.2494511,0
0.01208,0.4714888487,3602.073538,24,4.556675767,11.31573237,40.26850069,0
0.01209,0.4716546112,3602.061483,24,4.560432587,11.31971067,40.28753667,0
0.0121,0.4718203737,3602.049427,24,4.564189381,11.32368897,40.30655905,0
0.01211,0.4719861362,3602.037372,24,4.56794615,11.32766727,40.32556785,0
0.01212,0.4721518987,3602.025316,24,4.571702894,11.33164557,40.34456307,0
0.01213,0.4723176612,3602.013261,24,4.575459613,11.33562387,40.36354474,0
0.01214,0.4724834237,3602.001206,24,4.579216306,11.33960217,40.38251287,0
0.01215,0.4726491863,3601.98915,24,4.582972974,11.34358047,40.40146748,0
0.01216,0.4728149488,3601.977095,24,4.586729617,11.34755877,40.42040856,0
0.01217,0.4729807113,3601.965039,24,4.590486235,11.35153707,40.43933615,0
0.01218,0.4731464738,3601.952984,24,4.594242827,11.35551537,40.45825026,0
0.01219,0.4733122363,3601.940928,24,4.597999394,11.35949367,40.4771509,0
0.0122,0.4734779988,3601.928873,24,4.601755936,11.36347197,40.49603808,0
0.01221,0.4736437613,3601.916817,24,4.605512453,11.36745027,40.51491181,0
0.01222,0.4738095238,3601.904762,24,4.609268944,11.37142857,40.53377212,0
0.01223,0.4739752863,3601.892706,24,4.61302541,11.37540687,40.55261902,0
0.01224,0.4741410488,3601.880651,24,4.616781851,11.37938517,40.57145251,0
0.01225,0.4743068113,3601.868596,24,4.620538267,11.38336347,40.59027262,0
0.01226,0.4744725738,3601.85654,24,4.624294657,11.38734177,40.60907936,0
0.01227,0.4746383363,3601.844485,24,4.628051022,11.39132007,40.62787274,0
0.01228,0.4748040989,3601.832429,24,4.631807362,11.39529837,40.64665278,0
0.01229,0.4749698614,3601.820374,24,4.635563677,11.39927667,40.66541948,0
0.0123,0.4751356239,3601.808318,24,4.639319966,11.40325497,40.68417287,0
0.01231,0.4753013864,3601.796263,24,4.643076231,11.40723327,40.70291296,0
0.01232,0.4754671489,3601.784207,24,4.64683247,11.41121157,40.72163976,0
0.01233,0.4756329114,3601.772152,24,4.650588683,11.41518987,40.74035329,0
0.01234,0.4757986739,3601.760096,24,4.654344872,11.41916817,40.75905356,0
0.01235,0.4759644364,3601.748041,24,4.658101035,11.42314647,40.77774058,0
0.01236,0.4761301989,3601.735986,24,4.661857173,11.42712477,40.79641436,0
0.01237,0.4762959614,3601.72393,24,4.665613285,11.43110307,40.81507493,0
0.01238,0.4764617239,3601.711875,24,4.669369373,11.43508137,40.8337223,0
0.01239,0.4766274864,3601.699819,24,4.673125435,11.43905967,40.85235647,0
0.0124,0.4767932489,3601.687764,24,4.676881472,11.44303797,40.87097746,0
0.01241,0.4769590115,3601.675708,24,4.680637484,11.44701627,40.8895853,0
0.01242,0.477124774,3601.663653,24,4.68439347,11.45099458,40.90817998,0
0.01243,0.4772905365,3601.651597,24,4.688149431,11.45497288,40.92676152,0
0.01244,0.477456299,3601.639542,24,4.691905367,11.45895118,40.94532995,0
0.01245,0.4776220615,3601.627486,24,4.695661278,11.46292948,40.96388526,0
0.01246,0.477787824,3601.615431,24,4.699417163,11.46690778,40.98242748,0
0.01247,0.4779535865,3601.603376,24,4.703173023,11.47088608,41.00095661,0
0.01248,0.478119349,3601.59132,24,4.706928858,11.47486438,41.01947268,0
0.01249,0.4782851115,3601.579265,24,4.710684668,11.47884268,41.0379757,0
0.0125,0.478450874,3601.567209,24,4.714440452,11.48282098,41.05646567,0
0.01251,0.4786166365,3601.555154,24,4.718196212,11.48679928,41.07494262,0
0.01252,0.478782399,3601.543098,24,4.721951945,11.49077758,41.09340655,0
0.01253,0.4789481615,3601.531043,24,4.725707654,11.49475588,41.11185748,0
0.01254,0.4791139241,3601.518987,24,4.729463338,11.49873418,41.13029543,0
0.01255,0.4792796866,3601.506932,24,4.733218996,11.50271248,41.1487204,0
0.01256,0.4794454491,3601.494876,24,4.736974629,11.50669078,41.16713241,0
0.01257,0.4796112116,3601.482821,24,4.740730236,11.51066908,41.18553148,0
0.01258,0.4797769741,3601.470766,24,4.744485819,11.51464738,41.20391761,0
0.01259,0.4799427366,3601.45871,24,4.748241376,11.51862568,41.22229082,0
0.0126,0.4801084991,3601.446655,24,4.751996908,11.52260398,41.24065113,0
0.01261,0.4802742616,3601.434599,24,4.755752415,11.52658228,41.25899855,0
0.01262,0.4804400241,3601.422544,24,4.759507896,11.53056058,41.27733308,0
0.01263,0.4806057866,3601.410488,24,4.763263352,11.53453888,41.29565475,0
0.01264,0.4807715491,3601.398433,24,4.767018783,11.53851718,41.31396357,0
0.01265,0.4809373116,3601.386377,24,4.770774189,11.54249548,41.33225954,0
0.01266,0.4811030741,3601.374322,24,4.774529569,11.54647378,41.35054269,0
0.01267,0.4812688366,3601.362266,24,4.778284925,11.55045208,41.36881303,0
0.01268,0.4814345992,3601.350211,24,4.782040255,11.55443038,41.38707056,0
0.01269,0.4816003617,3601.338156,24,4.785795559,11.55840868,41.40531531,0
0.0127,0.4817661242,3601.3261,24,4.789550839,11.56238698,41.42354729,0
0.01271,0.4819318867,3601.314045,24,4.793306093,11.56636528,41.44176651,0
0.01272,0.4820976492,3601.301989,24,4.797061322,11.57034358,41.45997298,0
0.01273,0.4822634117,3601.289934,24,4.800816526,11.57432188,41.47816671,0
0.01274,0.4824291742,3601.277878,24,4.804571704,11.57830018,41.49634773,0
0.01275,0.4825949367,3601.265823,24,4.808326857,11.58227848,41.51451604,0
0.01276,0.4827606992,3601.253767,24,4.812081985,11.58625678,41.53267165,0
0.01277,0.4829264617,3601.241712,24,4.815837088,11.59023508,41.55081458,0
0.01278,0.4830922242,3601.229656,24,4.819592165,11.59421338,41.56894484,0
0.01279,0.4832579867,3601.217601,24,4.823347218,11.59819168,41.58706245,0
0.0128,0.4834237492,3601.205546,24,4.827102245,11.60216998,41.60516741,0
0.01281,0.4835895118,3601.19349,24,4.830857246,11.60614828,41.62325975,0
0.01282,0.4837552743,3601.181435,24,4.834612223,11.61012658,41.64133947,0
0.01283,0.4839210368,3601.169379,24,4.838367174,11.61410488,41.65940658,0
0.01284,0.4840867993,3601.157324,24,4.8421221,11.61808318,41.67746111,0
0.01285,0.4842525618,3601.145268,24,4.845877001,11.62206148,41.69550306,0
0.01286,0.4844183243,3601.133213,24,4.849631876,11.62603978,41.71353244,0
0.01287,0.4845840868,3601.121157,24,4.853386726,11.63001808,41.73154927,0
0.01288,0.4847498493,3601.109102,24,4.857141551,11.63399638,41.74955356,0
0.01289,0.4849156118,3601.097046,24,4.860896351,11.63797468,41.76754533,0
0.0129,0.4850813743,3601.084991,24,4.864651126,11.64195298,41.78552458,0
0.01291,0.4852471368,3601.072936,24,4.868405875,11.64593128,41.80349133,0
0.01292,0.4854128993,3601.06088,24,4.872160599,11.64990958,41.8214456,0
0.01293,0.4855786618,3601.048825,24,4.875915298,11.65388788,41.83938739,0
0.01294,0.4857444244,3601.036769,24,4.879669971,11.65786618,41.85731671,0
0.01295,0.4859101869,3601.024714,24,4.883424619,11.66184448,41.87523359,0
0.01296,0.4860759494,3601.012658,24,4.887179242,11.66582278,41.89313804,0
0.01297,0.4862417119,3601.000603,24,4.89093384,11.66980108,41.91103005,0
0.01298,0.4864074744,3600.988547,24,4.894688412,11.67377939,41.92890966,0
0.01299,0.4865732369,3600.976492,24,4.89844296,11.67775769,41.94677687,0
0.013,0.4867389994,3600.964436,24,4.902197482,11.68173599,41.96463169,0
0.01301,0.4869047619,3600.952381,24,4.905951978,11.68571429,41.98247414,0
0.01302,0.4870705244,3600.940325,24,4.90970645,11.68969259,42.00030423,0
0.01303,0.4872362869,3600.92827,24,4.913460896,11.69367089,42.01812197,0
0.01304,0.4874020494,3600.916215,24,4.917215317,11.69764919,42.03592738,0
0.01305,0.4875678119,3600.904159,24,4.920969713,11.70162749,42.05372046,0
0.01306,0.4877335744,3600.892104,24,4.924724083,11.70560579,42.07150124,0
0.01307,0.4878993369,3600.880048,24,4.928478429,11.70958409,42.08926971,0
0.01308,0.4880650995,3600.867993,24,4.932232749,11.71356239,42.1070259,0
0.01309,0.488230862,3600.855937,24,4.935987043,11.71754069,42.12476982,0
0.0131,0.4883966245,3600.843882,24,4.939741313,11.72151899,42.14250148,0
0.01311,0.488562387,3600.831826,24,4.943495557,11.72549729,42.16022089,0
0.01312,0.4887281495,3600.819771,24,4.947249776,11.72947559,42.17792807,0
0.01313,0.488893912,3600.807715,24,4.95100397,11.73345389,42.19562302,0
0.01314,0.4890596745,3600.79566,24,4.954758138,11.73743219,42.21330576,0
0.01315,0.489225437,3600.783605,24,4.958512282,11.74141049,42.23097631,0
0.01316,0.4893911995,3600.771549,24,4.9622664,11.74538879,42.24863467,0
0.01317,0.489556962,3600.759494,24,4.966020492,11.74936709,42.26628086,0
0.01318,0.4897227245,3600.747438,24,4.96977456,11.75334539,42.28391488,0
0.01319,0.489888487,3600.735383,24,4.973528602,11.75732369,42.30153676,0
0.0132,0.4900542495,3600.723327,24,4.977282619,11.76130199,42.3191465,0
0.01321,0.4902200121,3600.711272,24,4.981036611,11.76528029,42.33674412,0
0.01322,0.4903857746,3600.699216,24,4.984790577,11.76925859,42.35432963,0
0.01323,0.4905515371,3600.687161,24,4.988544519,11.77323689,42.37190303,0
0.01324,0.4907172996,3600.675105,24,4.992298435,11.77721519,42.38946435,0
0.01325,0.4908830621,3600.66305,24,4.996052325,11.78119349,42.4070136,0
0.01326,0.4910488246,3600.650995,24,4.999806191,11.78517179,42.42455078,0
0.01327,0.4912145871,3600.638939,24,5.003560031,11.78915009,42.44207592,0
0.01328,0.4913803496,3600.626884,24,5.007313846,11.79312839,42.45958901,0
0.01329,0.4915461121,3600.614828,24,5.011067636,11.79710669,42.47709008,0
0.0133,0.4917118746,3600.602773,24,5.014821401,11.80108499,42.49457914,0
0.01331,0.4918776371,3600.590717,24,5.01857514,11.80506329,42.51205619,0
0.01332,0.4920433996,3600.578662,24,5.022328854,11.80904159,42.52952126,0
0.01333,0.4922091621,3600.566606,24,5.026082543,11.81301989,42.54697435,0
0.01334,0.4923749247,3600.554551,24,5.029836206,11.81699819,42.56441547,0
0.01335,0.4925406872,3600.542495,24,5.033589844,11.82097649,42.58184464,0
0.01336,0.4927064497,3600.53044,24,5.037343457,11.82495479,42.59926187,0
0.01337,0.4928722122,3600.518385,24,5.041097045,11.82893309,42.61666717,0
0.01338,0.4930379747,3600.506329,24,5.044850608,11.83291139,42.63406055,0
0.01339,0.4932037372,3600.494274,24,5.048604145,11.83688969,42.65144203,0
0.0134,0.4933694997,3600.482218,24,5.052357657,11.84086799,42.66881161,0
0.01341,0.4935352622,3600.470163,24,5.056111144,11.84484629,42.68616932,0
0.01342,0.4937010247,3600.458107,24,5.059864605,11.84882459,42.70351515,0
0.01343,0.4938667872,3600.446052,24,5.063618042,11.85280289,42.72084913,0
0.01344,0.4940325497,3600.433996,24,5.067371453,11.85678119,42.73817126,0
0.01345,0.4941983122,3600.421941,24,5.071124839,11.86075949,42.75548156,0
0.01346,0.4943640747,3600.409885,24,5.074878199,11.86473779,42.77278004,0
0.01347,0.4945298373,3600.39783,24,5.078631534,11.86871609,42.79006671,0
0.01348,0.4946955998,3600.385775,24,5.082384844,11.87269439,42.80734158,0
0.01349,0.4948613623,3600.373719,24,5.086138129,11.87667269,42.82460467,0
0.0135,0.4950271248,3600.361664,24,5.089891389,11.88065099,42.84185598,0
0.01351,0.4951928873,3600.349608,24,5.093644623,11.88462929,42.85909553,0
0.01352,0.4953586498,3600.337553,24,5.097397832,11.88860759,42.87632333,0
0.01353,0.4955244123,3600.325497,24,5.101151016,11.8925859,42.89353939,0
0.01354,0.4956901748,3600.313442,24,5.104904174,11.8965642,42.91074373,0
0.01355,0.4958559373,3600.301386,24,5.108657308,11.9005425,42.92793635,0
0.01356,0.4960216998,3600.289331,24,5.112410416,11.9045208,42.94511727,0
0.01357,0.4961874623,3600.277275,24,5.116163499,11.9084991,42.96228649,0
0.01358,0.4963532248,3600.26522,24,5.119916556,11.9124774,42.97944404,0
0.01359,0.4965189873,3600.253165,24,5.123669588,11.9164557,42.99658992,0
0.0136,0.4966847498,3600.241109,24,5.127422596,11.920434,43.01372414,0
0.01361,0.4968505124,3600.229054,24,5.131175577,11.9244123,43.03084672,0
0.01362,0.4970162749,3600.216998,24,5.134928534,11.9283906,43.04795766,0
0.01363,0.4971820374,3600.204943,24,5.138681465,11.9323689,43.06505699,0
0.01364,0.4973477999,3600.192887,24,5.142434371,11.9363472,43.0821447,0
0.01365,0.4975135624,3600.180832,24,5.146187252,11.9403255,43.09922081,0
0.01366,0.4976793249,3600.168776,24,5.149940108,11.9443038,43.11628534,0
0.01367,0.4978450874,3600.156721,24,5.153692938,11.9482821,43.1333383,0
0.01368,0.4980108499,3600.144665,24,5.157445743,11.9522604,43.15037969,0
0.01369,0.4981766124,3600.13261,24,5.161198523,11.9562387,43.16740953,0
0.0137,0.4983423749,3600.120555,24,5.164951277,11.960217,43.18442783,0
0.01371,0.4985081374,3600.108499,24,5.168704007,11.9641953,43.2014346,0
0.01372,0.4986738999,3600.096444,24,5.172456711,11.9681736,43.21842985,0
0.01373,0.4988396624,3600.084388,24,5.17620939,11.9721519,43.23541359,0
0.01374,0.499005425,3600.072333,24,5.179962043,11.9761302,43.25238585,0
0.01375,0.4991711875,3600.060277,24,5.183714671,11.9801085,43.26934662,0
0.01376,0.49933695,3600.048222,24,5.187467275,11.9840868,43.28629591,0
0.01377,0.4995027125,3600.036166,24,5.191219852,11.9880651,43.30323375,0
0.01378,0.499668475,3600.024111,24,5.194972405,11.9920434,43.32016014,0
0.01379,0.4998342375,3600.012055,24,5.198724932,11.9960217,43.33707509,0
0.0138,0.5,3600,24,5.202477434,12,43.35397862,0
0.01381,0.5001657625,3599.987945,24,5.206229911,12.0039783,43.37087073,0
0.01382,0.500331525,3599.975889,24,5.209982363,12.0079566,43.38775144,0
0.01383,0.5004972875,3599.963834,24,5.213734789,12.0119349,43.40462076,0
0.01384,0.50066305,3599.951778,24,5.21748719,12.0159132,43.42147869,0
0.01385,0.5008288125,3599.939723,24,5.221239566,12.0198915,43.43832526,0
0.01386,0.500994575,3599.927667,24,5.224991917,12.0238698,43.45516047,0
0.01387,0.5011603376,3599.915612,24,5.228744242,12.0278481,43.47198433,0
0.01388,0.5013261001,3599.903556,24,5.232496542,12.0318264,43.48879686,0
0.01389,0.5014918626,3599.891501,24,5.236248817,12.0358047,43.50559806,0
0.0139,0.5016576251,3599.879445,24,5.240001066,12.039783,43.52238795,0
0.01391,0.5018233876,3599.86739,24,5.243753291,12.0437613,43.53916654,0
0.01392,0.5019891501,3599.855335,24,5.24750549,12.0477396,43.55593384,0
0.01393,0.5021549126,3599.843279,24,5.251257664,12.0517179,43.57268985,0
0.01394,0.5023206751,3599.831224,24,5.255009812,12.0556962,43.5894346,0
0.01395,0.5024864376,3599.819168,24,5.258761936,12.0596745,43.6061681,0
0.01396,0.5026522001,3599.807113,24,5.262514034,12.0636528,43.62289034,0
0.01397,0.5028179626,3599.795057,24,5.266266107,12.0676311,43.63960136,0
0.01398,0.5029837251,3599.783002,24,5.270018154,12.0716094,43.65630115,0
0.01399,0.5031494876,3599.770946,24,5.273770177,12.0755877,43.67298972,0
0.014,0.5033152502,3599.758891,24,5.277522174,12.079566,43.6896671,0
0.01401,0.5034810127,3599.746835,24,5.281274145,12.0835443,43.70633328,0
0.01402,0.5036467752,3599.73478,24,5.285026092,12.0875226,43.72298828,0
0.01403,0.5038125377,3599.722725,24,5.288778013,12.0915009,43.73963212,0
0.01404,0.5039783002,3599.710669,24,5.29252991,12.0954792,43.7562648,0
0.01405,0.5041440627,3599.698614,24,5.29628178,12.0994575,43.77288633,0
0.01406,0.5043098252,3599.686558,24,5.300033626,12.1034358,43.78949673,0
0.01407,0.5044755877,3599.674503,24,5.303785446,12.1074141,43.806096,0
0.01408,0.5046413502,3599.662447,24,5.307537241,12.11139241,43.82268416,0
0.01409,0.5048071127,3599.650392,24,5.311289011,12.11537071,43.83926122,0
0.0141,0.5049728752,3599.638336,24,5.315040756,12.11934901,43.85582719,0
0.01411,0.5051386377,3599.626281,24,5.318792475,12.12332731,43.87238207,0
0.01412,0.5053044002,3599.614225,24,5.322544169,12.12730561,43.88892589,0
0.01413,0.5054701627,3599.60217,24,5.326295838,12.13128391,43.90545864,0
0.01414,0.5056359253,3599.590115,24,5.330047482,12.13526221,43.92198035,0
0.01415,0.5058016878,3599.578059,24,5.3337991,12.13924051,43.93849102,0
0.01416,0.5059674503,3599.566004,24,5.337550693,12.14321881,43.95499067,0
0.01417,0.5061332128,3599.553948,24,5.341302261,12.14719711,43.9714793,0
0.01418,0.5062989753,3599.541893,24,5.345053804,12.15117541,43.98795693,0
0.01419,0.5064647378,3599.529837,24,5.348805321,12.15515371,44.00442356,0
0.0142,0.5066305003,3599.517782,24,5.352556813,12.15913201,44.02087921,0
0.01421,0.5067962628,3599.505726,24,5.35630828,12.16311031,44.03732388,0
0.01422,0.5069620253,3599.493671,24,5.360059722,12.16708861,44.0537576,0
0.01423,0.5071277878,3599.481615,24,5.363811138,12.17106691,44.07018036,0
0.01424,0.5072935503,3599.46956,24,5.367562529,12.17504521,44.08659219,0
0.01425,0.5074593128,3599.457505,24,5.371313895,12.17902351,44.10299308,0
0.01426,0.5076250753,3599.445449,24,5.375065236,12.18300181,44.11938306,0
0.01427,0.5077908379,3599.433394,24,5.378816551,12.18698011,44.13576213,0
0.01428,0.5079566004,3599.421338,24,5.382567841,12.19095841,44.1521303,0
0.01429,0.5081223629,3599.409283,24,5.386319106,12.19493671,44.16848758,0
0.0143,0.5082881254,3599.397227,24,5.390070346,12.19891501,44.18483399,0
0.01431,0.5084538879,3599.385172,24,5.39382156,12.20289331,44.20116954,0
0.01432,0.5086196504,3599.373116,24,5.397572749,12.20687161,44.21749423,0
0.01433,0.5087854129,3599.361061,24,5.401323913,12.21084991,44.23380807,0
0.01434,0.5089511754,3599.349005,24,5.405075052,12.21482821,44.25011109,0
0.01435,0.5091169379,3599.33695,24,5.408826165,12.21880651,44.26640328,0
0.01436,0.5092827004,3599.324895,24,5.412577253,12.22278481,44.28268465,0
0.01437,0.5094484629,3599.312839,24,5.416328316,12.22676311,44.29895523,0
0.01438,0.5096142254,3599.300784,24,5.420079354,12.23074141,44.31521501,0
0.01439,0.5097799879,3599.288728,24,5.423830366,12.23471971,44.33146402,0
0.0144,0.5099457505,3599.276673,24,5.427581354,12.23869801,44.34770225,0
0.01441,0.510111513,3599.264617,24,5.431332315,12.24267631,44.36392973,0
0.01442,0.5102772755,3599.252562,24,5.435083252,12.24665461,44.38014645,0
0.01443,0.510443038,3599.240506,24,5.438834163,12.25063291,44.39635244,0
0.01444,0.5106088005,3599.228451,24,5.44258505,12.25461121,44.4125477,0
0.01445,0.510774563,3599.216395,24,5.446335911,12.25858951,44.42873224,0
0.01446,0.5109403255,3599.20434,24,5.450086746,12.26256781,44.44490607,0
0.01447,0.511106088,3599.192285,24,5.453837557,12.26654611,44.46106921,0
0.01448,0.5112718505,3599.180229,24,5.457588342,12.27052441,44.47722166,0
0.01449,0.511437613,3599.168174,24,5.461339102,12.27450271,44.49336343,0
0.0145,0.5116033755,3599.156118,24,5.465089836,12.27848101,44.50949454,0
0.01451,0.511769138,3599.144063,24,5.468840546,12.28245931,44.525615,0
0.01452,0.5119349005,3599.132007,24,5.47259123,12.28643761,44.5417248,0
0.01453,0.5121006631,3599.119952,24,5.476341889,12.29041591,44.55782398,0
0.01454,0.5122664256,3599.107896,24,5.480092522,12.29439421,44.57391253,0
0.01455,0.5124321881,3599.095841,24,5.483843131,12.29837251,44.58999046,0
0.01456,0.5125979506,3599.083785,24,5.487593714,12.30235081,44.60605779,0
0.01457,0.5127637131,3599.07173,24,5.491344272,12.30632911,44.62211453,0
0.01458,0.5129294756,3599.059675,24,5.495094805,12.31030741,44.63816069,0
0.01459,0.5130952381,3599.047619,24,5.498845312,12.31428571,44.65419627,0
0.0146,0.5132610006,3599.035564,24,5.502595794,12.31826401,44.67022129,0
0.01461,0.5134267631,3599.023508,24,5.506346251,12.32224231,44.68623576,0
0.01462,0.5135925256,3599.011453,24,5.510096683,12.32622061,44.70223968,0
0.01463,0.5137582881,3598.999397,24,5.513847089,12.33019892,44.71823307,0
0.01464,0.5139240506,3598.987342,24,5.51759747,12.33417722,44.73421594,0
0.01465,0.5140898131,3598.975286,24,5.521347826,12.33815552,44.7501883,0
0.01466,0.5142555756,3598.963231,24,5.525098157,12.34213382,44.76615016,0
0.01467,0.5144213382,3598.951175,24,5.528848462,12.34611212,44.78210153,0
0.01468,0.5145871007,3598.93912,24,5.532598743,12.35009042,44.79804241,0
0.01469,0.5147528632,3598.927064,24,5.536348997,12.35406872,44.81397283,0
0.0147,0.5149186257,3598.915009,24,5.540099227,12.35804702,44.82989278,0
0.01471,0.5150843882,3598.902954,24,5.543849432,12.36202532,44.84580228,0
0.01472,0.5152501507,3598.890898,24,5.547599611,12.36600362,44.86170134,0
0.01473,0.5154159132,3598.878843,24,5.551349765,12.36998192,44.87758998,0
0.01474,0.5155816757,3598.866787,24,5.555099893,12.37396022,44.89346819,0
0.01475,0.5157474382,3598.854732,24,5.558849997,12.37793852,44.90933599,0
0.01476,0.5159132007,3598.842676,24,5.562600075,12.38191682,44.92519338,0
0.01477,0.5160789632,3598.830621,24,5.566350128,12.38589512,44.94104039,0
0.01478,0.5162447257,3598.818565,24,5.570100156,12.38987342,44.95687702,0
0.01479,0.5164104882,3598.80651,24,5.573850158,12.39385172,44.97270328,0
0.0148,0.5165762508,3598.794454,24,5.577600135,12.39783002,44.98851918,0
0.01481,0.5167420133,3598.782399,24,5.581350087,12.40180832,45.00432472,0
0.01482,0.5169077758,3598.770344,24,5.585100014,12.40578662,45.02011993,0
0.01483,0.5170735383,3598.758288,24,5.588849915,12.40976492,45.03590481,0
0.01484,0.5172393008,3598.746233,24,5.592599791,12.41374322,45.05167936,0
0.01485,0.5174050633,3598.734177,24,5.596349642,12.41772152,45.0674436,0
0.01486,0.5175708258,3598.722122,24,5.600099468,12.42169982,45.08319755,0
0.01487,0.5177365883,3598.710066,24,5.603849269,12.42567812,45.0989412,0
0.01488,0.5179023508,3598.698011,24,5.607599044,12.42965642,45.11467457,0
0.01489,0.5180681133,3598.685955,24,5.611348794,12.43363472,45.13039767,0
0.0149,0.5182338758,3598.6739,24,5.615098518,12.43761302,45.14611051,0
0.01491,0.5183996383,3598.661844,24,5.618848218,12.44159132,45.16181309,0
0.01492,0.5185654008,3598.649789,24,5.622597892,12.44556962,45.17750544,0
0.01493,0.5187311634,3598.637734,24,5.626347541,12.44954792,45.19318755,0
0.01494,0.5188969259,3598.625678,24,5.630097165,12.45352622,45.20885944,0
0.01495,0.5190626884,3598.613623,24,5.633846763,12.45750452,45.22452112,0
0.01496,0.5192284509,3598.601567,24,5.637596336,12.46148282,45.2401726,0
0.01497,0.5193942134,3598.589512,24,5.641345884,12.46546112,45.25581388,0
0.01498,0.5195599759,3598.577456,24,5.645095407,12.46943942,45.27144498,0
0.01499,0.5197257384,3598.565401,24,5.648844905,12.47341772,45.28706591,0
0.015,0.5198915009,3598.553345,24,5.652594377,12.47739602,45.30267667,0
0.01501,0.5200572634,3598.54129,24,5.656343824,12.48137432,45.31827728,0
0.01502,0.5202230259,3598.529234,24,5.660093245,12.48535262,45.33386775,0
0.01503,0.5203887884,3598.517179,24,5.663842642,12.48933092,45.34944808,0
0.01504,0.5205545509,3598.505124,24,5.667592013,12.49330922,45.36501828,0
0.01505,0.5207203134,3598.493068,24,5.671341359,12.49728752,45.38057838,0
0.01506,0.5208860759,3598.481013,24,5.67509068,12.50126582,45.39612836,0
0.01507,0.5210518385,3598.468957,24,5.678839975,12.50524412,45.41166825,0
0.01508,0.521217601,3598.456902,24,5.682589245,12.50922242,45.42719806,0
0.01509,0.5213833635,3598.444846,24,5.68633849,12.51320072,45.44271778,0
0.0151,0.521549126,3598.432791,24,5.69008771,12.51717902,45.45822744,0
0.01511,0.5217148885,3598.420735,24,5.693836905,12.52115732,45.47372705,0
0.01512,0.521880651,3598.40868,24,5.697586074,12.52513562,45.4892166,0
0.01513,0.5220464135,3598.396624,24,5.701335218,12.52911392,45.50469612,0
0.01514,0.522212176,3598.384569,24,5.705084337,12.53309222,45.52016561,0
0.01515,0.5223779385,3598.372514,24,5.70883343,12.53707052,45.53562508,0
0.01516,0.522543701,3598.360458,24,5.712582498,12.54104882,45.55107454,0
0.01517,0.5227094635,3598.348403,24,5.716331541,12.54502712,45.566514,0
0.01518,0.522875226,3598.336347,24,5.720080559,12.54900542,45.58194347,0
0.01519,0.5230409885,3598.324292,24,5.723829551,12.55298373,45.59736296,0
0.0152,0.5232067511,3598.312236,24,5.727578519,12.55696203,45.61277248,0
0.01521,0.5233725136,3598.300181,24,5.731327461,12.56094033,45.62817203,0
0.01522,0.5235382761,3598.288125,24,5.735076377,12.56491863,45.64356164,0
0.01523,0.5237040386,3598.27607,24,5.738825269,12.56889693,45.6589413,0
0.01524,0.5238698011,3598.264014,24,5.742574135,12.57287523,45.67431102,0
0.01525,0.5240355636,3598.251959,24,5.746322976,12.57685353,45.68967082,0
0.01526,0.5242013261,3598.239904,24,5.750071792,12.58083183,45.70502071,0
0.01527,0.5243670886,3598.227848,24,5.753820582,12.58481013,45.72036069,0
0.01528,0.5245328511,3598.215793,24,5.757569348,12.58878843,45.73569078,0
0.01529,0.5246986136,3598.203737,24,5.761318088,12.59276673,45.75101098,0
0.0153,0.5248643761,3598.191682,24,5.765066802,12.59674503,45.7663213,0
0.01531,0.5250301386,3598.179626,24,5.768815492,12.60072333,45.78162175,0
0.01532,0.5251959011,3598.167571,24,5.772564156,12.60470163,45.79691235,0
0.01533,0.5253616637,3598.155515,24,5.776312795,12.60867993,45.81219309,0
0.01534,0.5255274262,3598.14346,24,5.780061409,12.61265823,45.827464,0
0.01535,0.5256931887,3598.131404,24,5.783809997,12.61663653,45.84272508,0
0.01536,0.5258589512,3598.119349,24,5.787558561,12.62061483,45.85797633,0
0.01537,0.5260247137,3598.107294,24,5.791307099,12.62459313,45.87321777,0
0.01538,0.5261904762,3598.095238,24,5.795055611,12.62857143,45.88844941,0
0.01539,0.5263562387,3598.083183,24,5.798804099,12.63254973,45.90367126,0
0.0154,0.5265220012,3598.071127,24,5.802552561,12.63652803,45.91888332,0
0.01541,0.5266877637,3598.059072,24,5.806300998,12.64050633,45.9340856,0
0.01542,0.5268535262,3598.047016,24,5.81004941,12.64448463,45.94927813,0
0.01543,0.5270192887,3598.034961,24,5.813797796,12.64846293,45.96446089,0
0.01544,0.5271850512,3598.022905,24,5.817546158,12.65244123,45.97963391,0
0.01545,0.5273508137,3598.01085,24,5.821294494,12.65641953,45.99479718,0
0.01546,0.5275165763,3597.998794,24,5.825042804,12.66039783,46.00995073,0
0.01547,0.5276823388,3597.986739,24,5.82879109,12.66437613,46.02509456,0
0.01548,0.5278481013,3597.974684,24,5.83253935,12.66835443,46.04022868,0
0.01549,0.5280138638,3597.962628,24,5.836287585,12.67233273,46.0553531,0
0.0155,0.5281796263,3597.950573,24,5.840035795,12.67631103,46.07046783,0
0.01551,0.5283453888,3597.938517,24,5.843783979,12.68028933,46.08557287,0
0.01552,0.5285111513,3597.926462,24,5.847532139,12.68426763,46.10066824,0
0.01553,0.5286769138,3597.914406,24,5.851280273,12.68824593,46.11575394,0
0.01554,0.5288426763,3597.902351,24,5.855028382,12.69222423,46.13082998,0
0.01555,0.5290084388,3597.890295,24,5.858776465,12.69620253,46.14589638,0
0.01556,0.5291742013,3597.87824,24,5.862524523,12.70018083,46.16095315,0
0.01557,0.5293399638,3597.866184,24,5.866272556,12.70415913,46.17600028,0
0.01558,0.5295057263,3597.854129,24,5.870020564,12.70813743,46.19103779,0
0.01559,0.5296714888,3597.842074,24,5.873768547,12.71211573,46.2060657,0
0.0156,0.5298372514,3597.830018,24,5.877516504,12.71609403,46.221084,0
0.01561,0.5300030139,3597.817963,24,5.881264436,12.72007233,46.23609271,0
0.01562,0.5301687764,3597.805907,24,5.885012343,12.72405063,46.25109183,0
0.01563,0.5303345389,3597.793852,24,5.888760224,12.72802893,46.26608138,0
0.01564,0.5305003014,3597.781796,24,5.892508081,12.73200723,46.28106136,0
0.01565,0.5306660639,3597.769741,24,5.896255912,12.73598553,46.29603179,0
0.01566,0.5308318264,3597.757685,24,5.900003717,12.73996383,46.31099267,0
0.01567,0.5309975889,3597.74563,24,5.903751498,12.74394213,46.32594401,0
0.01568,0.5311633514,3597.733574,24,5.907499253,12.74792043,46.34088582,0
0.01569,0.5313291139,3597.721519,24,5.911246983,12.75189873,46.35581811,0
0.0157,0.5314948764,3597.709464,24,5.914994688,12.75587703,46.37074089,0
0.01571,0.5316606389,3597.697408,24,5.918742368,12.75985533,46.38565417,0
0.01572,0.5318264014,3597.685353,24,5.922490022,12.76383363,46.40055795,0
0.01573,0.531992164,3597.673297,24,5.926237651,12.76781193,46.41545224,0
0.01574,0.5321579265,3597.661242,24,5.929985255,12.77179024,46.43033706,0
0.01575,0.532323689,3597.649186,24,5.933732833,12.77576854,46.44521241,0
0.01576,0.5324894515,3597.637131,24,5.937480387,12.77974684,46.4600783,0
0.01577,0.532655214,3597.625075,24,5.941227915,12.78372514,46.47493474,0
0.01578,0.5328209765,3597.61302,24,5.944975417,12.78770344,46.48978174,0
0.01579,0.532986739,3597.600964,24,5.948722895,12.79168174,46.50461931,0
0.0158,0.5331525015,3597.588909,24,5.952470347,12.79566004,46.51944746,0
0.01581,0.533318264,3597.576854,24,5.956217774,12.79963834,46.53426619,0
0.01582,0.5334840265,3597.564798,24,5.959965176,12.80361664,46.54907551,0
0.01583,0.533649789,3597.552743,24,5.963712553,12.80759494,46.56387544,0
0.01584,0.5338155515,3597.540687,24,5.967459904,12.81157324,46.57866597,0
0.01585,0.533981314,3597.528632,24,5.97120723,12.81555154,46.59344713,0
0.01586,0.5341470766,3597.516576,24,5.974954531,12.81952984,46.60821892,0
0.01587,0.5343128391,3597.504521,24,5.978701806,12.82350814,46.62298134,0
0.01588,0.5344786016,3597.492465,24,5.982449057,12.82748644,46.63773441,0
0.01589,0.5346443641,3597.48041,24,5.986196282,12.83146474,46.65247814,0
0.0159,0.5348101266,3597.468354,24,5.989943482,12.83544304,46.66721253,0
0.01591,0.5349758891,3597.456299,24,5.993690656,12.83942134,46.68193759,0
0.01592,0.5351416516,3597.444244,24,5.997437805,12.84339964,46.69665333,0
0.01593,0.5353074141,3597.432188,24,6.001184929,12.84737794,46.71135977,0
0.01594,0.5354731766,3597.420133,24,6.004932028,12.85135624,46.7260569,0
0.01595,0.5356389391,3597.408077,24,6.008679102,12.85533454,46.74074474,0
0.01596,0.5358047016,3597.396022,24,6.01242615,12.85931284,46.75542329,0
0.01597,0.5359704641,3597.383966,24,6.016173173,12.86329114,46.77009257,0
0.01598,0.5361362266,3597.371911,24,6.019920171,12.86726944,46.78475258,0
0.01599,0.5363019892,3597.359855,24,6.023667144,12.87124774,46.79940333,0
0.016,0.5364677517,3597.3478,24,6.027414091,12.87522604,46.81404484,0
0.01601,0.5366335142,3597.335744,24,6.031161013,12.87920434,46.8286771,0
0.01602,0.5367992767,3597.323689,24,6.03490791,12.88318264,46.84330013,0
0.01603,0.5369650392,3597.311634,24,6.038654781,12.88716094,46.85791393,0
0.01604,0.5371308017,3597.299578,24,6.042401628,12.89113924,46.87251852,0
0.01605,0.5372965642,3597.287523,24,6.046148449,12.89511754,46.8871139,0
0.01606,0.5374623267,3597.275467,24,6.049895245,12.89909584,46.90170008,0
0.01607,0.5376280892,3597.263412,24,6.053642015,12.90307414,46.91627708,0
0.01608,0.5377938517,3597.251356,24,6.057388761,12.90705244,46.93084489,0
0.01609,0.5379596142,3597.239301,24,6.061135481,12.91103074,46.94540352,0
0.0161,0.5381253767,3597.227245,24,6.064882175,12.91500904,46.959953,0
0.01611,0.5382911392,3597.21519,24,6.068628845,12.91898734,46.97449331,0
0.01612,0.5384569017,3597.203134,24,6.072375489,12.92296564,46.98902448,0
0.01613,0.5386226643,3597.191079,24,6.076122108,12.92694394,47.00354651,0
0.01614,0.5387884268,3597.179024,24,6.079868702,12.93092224,47.01805941,0
0.01615,0.5389541893,3597.166968,24,6.083615271,12.93490054,47.03256319,0
0.01616,0.5391199518,3597.154913,24,6.087361814,12.93887884,47.04705785,0
0.01617,0.5392857143,3597.142857,24,6.091108332,12.94285714,47.06154341,0
0.01618,0.5394514768,3597.130802,24,6.094854825,12.94683544,47.07601987,0
0.01619,0.5396172393,3597.118746,24,6.098601293,12.95081374,47.09048724,0
0.0162,0.5397830018,3597.106691,24,6.102347735,12.95479204,47.10494553,0
0.01621,0.5399487643,3597.094635,24,6.106094152,12.95877034,47.11939474,0
0.01622,0.5401145268,3597.08258,24,6.109840544,12.96274864,47.1338349,0
0.01623,0.5402802893,3597.070524,24,6.113586911,12.96672694,47.148266,0
0.01624,0.5404460518,3597.058469,24,6.117333252,12.97070524,47.16268805,0
0.01625,0.5406118143,3597.046414,24,6.121079568,12.97468354,47.17710106,0
0.01626,0.5407775769,3597.034358,24,6.124825859,12.97866184,47.19150504,0
0.01627,0.5409433394,3597.022303,24,6.128572125,12.98264014,47.2059,0
0.01628,0.5411091019,3597.010247,24,6.132318365,12.98661844,47.22028595,0
0.01629,0.5412748644,3596.998192,24,6.13606458,12.99059675,47.23466289,0
0.0163,0.5414406269,3596.986136,24,6.13981077,12.99457505,47.24903083,0
0.01631,0.5416063894,3596.974081,24,6.143556934,12.99855335,47.26338979,0
0.01632,0.5417721519,3596.962025,24,6.147303074,13.00253165,47.27773976,0
0.01633,0.5419379144,3596.94997,24,6.151049188,13.00650995,47.29208076,0
0.01634,0.5421036769,3596.937914,24,6.154795277,13.01048825,47.3064128,0
0.01635,0.5422694394,3596.925859,24,6.15854134,13.01446655,47.32073588,0
0.01636,0.5424352019,3596.913803,24,6.162287379,13.01844485,47.33505001,0
0.01637,0.5426009644,3596.901748,24,6.166033392,13.02242315,47.3493552,0
0.01638,0.5427667269,3596.889693,24,6.16977938,13.02640145,47.36365147,0
0.01639,0.5429324895,3596.877637,24,6.173525342,13.03037975,47.3779388,0
0.0164,0.543098252,3596.865582,24,6.17727128,13.03435805,47.39221723,0
0.01641,0.5432640145,3596.853526,24,6.181017192,13.03833635,47.40648674,0
0.01642,0.543429777,3596.841471,24,6.184763079,13.04231465,47.42074736,0
0.01643,0.5435955395,3596.829415,24,6.18850894,13.04629295,47.43499909,0
0.01644,0.543761302,3596.81736,24,6.192254777,13.05027125,47.44924193,0
0.01645,0.5439270645,3596.805304,24,6.196000588,13.05424955,47.4634759,0
0.01646,0.544092827,3596.793249,24,6.199746374,13.05822785,47.477701,0
0.01647,0.5442585895,3596.781193,24,6.203492134,13.06220615,47.49191725,0
0.01648,0.544424352,3596.769138,24,6.20723787,13.06618445,47.50612464,0
0.01649,0.5445901145,3596.757083,24,6.21098358,13.07016275,47.52032319,0
0.0165,0.544755877,3596.745027,24,6.214729265,13.07414105,47.53451291,0
0.01651,0.5449216395,3596.732972,24,6.218474924,13.07811935,47.5486938,0
0.01652,0.545087402,3596.720916,24,6.222220559,13.08209765,47.56286588,0
0.01653,0.5452531646,3596.708861,24,6.225966168,13.08607595,47.57702914,0
0.01654,0.5454189271,3596.696805,24,6.229711752,13.09005425,47.5911836,0
0.01655,0.5455846896,3596.68475,24,6.23345731,13.09403255,47.60532927,0
0.01656,0.5457504521,3596.672694,24,6.237202844,13.09801085,47.61946616,0
0.01657,0.5459162146,3596.660639,24,6.240948352,13.10198915,47.63359426,0
0.01658,0.5460819771,3596.648583,24,6.244693835,13.10596745,47.6477136,0
0.01659,0.5462477396,3596.636528,24,6.248439292,13.10994575,47.66182417,0
0.0166,0.5464135021,3596.624473,24,6.252184725,13.11392405,47.67592599,0
0.01661,0.5465792646,3596.612417,24,6.255930132,13.11790235,47.69001906,0
0.01662,0.5467450271,3596.600362,24,6.259675514,13.12188065,47.7041034,0
0.01663,0.5469107896,3596.588306,24,6.26342087,13.12585895,47.71817901,0
0.01664,0.5470765521,3596.576251,24,6.267166202,13.12983725,47.73224589,0
0.01665,0.5472423146,3596.564195,24,6.270911508,13.13381555,47.74630406,0
0.01666,0.5474080772,3596.55214,24,6.274656789,13.13779385,47.76035352,0
0.01667,0.5475738397,3596.540084,24,6.278402045,13.14177215,47.77439429,0
0.01668,0.5477396022,3596.528029,24,6.282147275,13.14575045,47.78842637,0
0.01669,0.5479053647,3596.515973,24,6.28589248,13.14972875,47.80244976,0
0.0167,0.5480711272,3596.503918,24,6.28963766,13.15370705,47.81646448,0
0.01671,0.5482368897,3596.491863,24,6.293382815,13.15768535,47.83047053,0
0.01672,0.5484026522,3596.479807,24,6.297127944,13.16166365,47.84446792,0
0.01673,0.5485684147,3596.467752,24,6.300873048,13.16564195,47.85845666,0
0.01674,0.5487341772,3596.455696,24,6.304618127,13.16962025,47.87243676,0
0.01675,0.5488999397,3596.443641,24,6.308363181,13.17359855,47.88640822,0
0.01676,0.5490657022,3596.431585,24,6.312108209,13.17757685,47.90037106,0
0.01677,0.5492314647,3596.41953,24,6.315853212,13.18155515,47.91432527,0
0.01678,0.5493972272,3596.407474,24,6.31959819,13.18553345,47.92827088,0
0.01679,0.5495629898,3596.395419,24,6.323343143,13.18951175,47.94220788,0
0.0168,0.5497287523,3596.383363,24,6.32708807,13.19349005,47.95613628,0
0.01681,0.5498945148,3596.371308,24,6.330832973,13.19746835,47.97005609,0
0.01682,0.5500602773,3596.359253,24,6.334577849,13.20144665,47.98396733,0
0.01683,0.5502260398,3596.347197,24,6.338322701,13.20542495,47.99786999,0
0.01684,0.5503918023,3596.335142,24,6.342067527,13.20940325,48.01176408,0
0.01685,0.5505575648,3596.323086,24,6.345812329,13.21338156,48.02564962,0
0.01686,0.5507233273,3596.311031,24,6.349557105,13.21735986,48.03952661,0
0.01687,0.5508890898,3596.298975,24,6.353301855,13.22133816,48.05339505,0
0.01688,0.5510548523,3596.28692,24,6.357046581,13.22531646,48.06725496,0
0.01689,0.5512206148,3596.274864,24,6.360791281,13.22929476,48.08110635,0
0.0169,0.5513863773,3596.262809,24,6.364535956,13.23327306,48.09494921,0
0.01691,0.5515521398,3596.250753,24,6.368280605,13.23725136,48.10878357,0
0.01692,0.5517179024,3596.238698,24,6.37202523,13.24122966,48.12260942,0
0.01693,0.5518836649,3596.226643,24,6.375769829,13.24520796,48.13642677,0
0.01694,0.5520494274,3596.214587,24,6.379514403,13.24918626,48.15023564,0
0.01695,0.5522151899,3596.202532,24,6.383258952,13.25316456,48.16403602,0
0.01696,0.5523809524,3596.190476,24,6.387003475,13.25714286,48.17782794,0
0.01697,0.5525467149,3596.178421,24,6.390747973,13.26112116,48.19161138,0
0.01698,0.5527124774,3596.166365,24,6.394492446,13.26509946,48.20538637,0
0.01699,0.5528782399,3596.15431,24,6.398236894,13.26907776,48.21915291,0
0.017,0.5530440024,3596.142254,24,6.401981316,13.27305606,48.23291101,0
0.01701,0.5532097649,3596.130199,24,6.405725713,13.27703436,48.24666067,0
0.01702,0.5533755274,3596.118143,24,6.409470085,13.28101266,48.2604019,0
0.01703,0.5535412899,3596.106088,24,6.413214432,13.28499096,48.27413471,0
0.01704,0.5537070524,3596.094033,24,6.416958754,13.28896926,48.28785912,0
0.01705,0.5538728149,3596.081977,24,6.42070305,13.29294756,48.30157511,0
0.01706,0.5540385775,3596.069922,24,6.424447321,13.29692586,48.31528271,0
0.01707,0.55420434,3596.057866,24,6.428191566,13.30090416,48.32898192,0
0.01708,0.5543701025,3596.045811,24,6.431935787,13.30488246,48.34267275,0
0.01709,0.554535865,3596.033755,24,6.435679982,13.30886076,48.3563552,0
0.0171,0.5547016275,3596.0217,24,6.439424152,13.31283906,48.37002929,0
0.01711,0.55486739,3596.009644,24,6.443168297,13.31681736,48.38369501,0
0.01712,0.5550331525,3595.997589,24,6.446912416,13.32079566,48.39735239,0
0.01713,0.555198915,3595.985533,24,6.45065651,13.32477396,48.41100141,0
0.01714,0.5553646775,3595.973478,24,6.454400579,13.32875226,48.42464211,0
0.01715,0.55553044,3595.961423,24,6.458144623,13.33273056,48.43827447,0
0.01716,0.5556962025,3595.949367,24,6.461888641,13.33670886,48.45189851,0
0.01717,0.555861965,3595.937312,24,6.465632635,13.34068716,48.46551423,0
0.01718,0.5560277275,3595.925256,24,6.469376603,13.34466546,48.47912165,0
0.01719,0.5561934901,3595.913201,24,6.473120545,13.34864376,48.49272077,0
0.0172,0.5563592526,3595.901145,24,6.476864463,13.35262206,48.50631159,0
0.01721,0.5565250151,3595.88909,24,6.480608355,13.35660036,48.51989413,0
0.01722,0.5566907776,3595.877034,24,6.484352222,13.36057866,48.53346839,0
0.01723,0.5568565401,3595.864979,24,6.488096064,13.36455696,48.54703438,0
0.01724,0.5570223026,3595.852923,24,6.49183988,13.36853526,48.56059211,0
0.01725,0.5571880651,3595.840868,24,6.495583671,13.37251356,48.57414158,0
0.01726,0.5573538276,3595.828813,24,6.499327437,13.37649186,48.58768281,0
0.01727,0.5575195901,3595.816757,24,6.503071178,13.38047016,48.60121579,0
0.01728,0.5576853526,3595.804702,24,6.506814893,13.38444846,48.61474054,0
0.01729,0.5578511151,3595.792646,24,6.510558584,13.38842676,48.62825707,0
0.0173,0.5580168776,3595.780591,24,6.514302249,13.39240506,48.64176537,0
0.01731,0.5581826401,3595.768535,24,6.518045888,13.39638336,48.65526547,0
0.01732,0.5583484027,3595.75648,24,6.521789503,13.40036166,48.66875735,0
0.01733,0.5585141652,3595.744424,24,6.525533092,13.40433996,48.68224105,0
0.01734,0.5586799277,3595.732369,24,6.529276656,13.40831826,48.69571655,0
0.01735,0.5588456902,3595.720313,24,6.533020195,13.41229656,48.70918387,0
0.01736,0.5590114527,3595.708258,24,6.536763708,13.41627486,48.72264302,0
0.01737,0.5591772152,3595.696203,24,6.540507196,13.42025316,48.73609399,0
0.01738,0.5593429777,3595.684147,24,6.544250659,13.42423146,48.74953681,0
0.01739,0.5595087402,3595.672092,24,6.547994097,13.42820976,48.76297147,0
0.0174,0.5596745027,3595.660036,24,6.55173751,13.43218807,48.77639799,0
0.01741,0.5598402652,3595.647981,24,6.555480897,13.43616637,48.78981637,0
0.01742,0.5600060277,3595.635925,24,6.559224259,13.44014467,48.80322662,0
0.01743,0.5601717902,3595.62387,24,6.562967596,13.44412297,48.81662874,0
0.01744,0.5603375527,3595.611814,24,6.566710907,13.44810127,48.83002275,0
0.01745,0.5605033153,3595.599759,24,6.570454193,13.45207957,48.84340864,0
0.01746,0.5606690778,3595.587703,24,6.574197454,13.45605787,48.85678643,0
0.01747,0.5608348403,3595.575648,24,6.57794069,13.46003617,48.87015613,0
0.01748,0.5610006028,3595.563593,24,6.5816839,13.46401447,48.88351774,0
0.01749,0.5611663653,3595.551537,24,6.585427086,13.46799277,48.89687127,0
0.0175,0.5613321278,3595.539482,24,6.589170246,13.47197107,48.91021672,0
0.01751,0.5614978903,3595.527426,24,6.59291338,13.47594937,48.92355411,0
0.01752,0.5616636528,3595.515371,24,6.59665649,13.47992767,48.93688344,0
0.01753,0.5618294153,3595.503315,24,6.600399574,13.48390597,48.95020471,0
0.01754,0.5619951778,3595.49126,24,6.604142633,13.48788427,48.96351794,0
0.01755,0.5621609403,3595.479204,24,6.607885667,13.49186257,48.97682313,0
0.01756,0.5623267028,3595.467149,24,6.611628675,13.49584087,48.99012029,0
0.01757,0.5624924653,3595.455093,24,6.615371659,13.49981917,49.00340943,0
0.01758,0.5626582278,3595.443038,24,6.619114617,13.50379747,49.01669054,0
0.01759,0.5628239904,3595.430983,24,6.622857549,13.50777577,49.02996365,0
0.0176,0.5629897529,3595.418927,24,6.626600457,13.51175407,49.04322876,0
0.01761,0.5631555154,3595.406872,24,6.630343339,13.51573237,49.05648587,0
0.01762,0.5633212779,3595.394816,24,6.634086196,13.51971067,49.06973499,0
0.01763,0.5634870404,3595.382761,24,6.637829028,13.52368897,49.08297612,0
0.01764,0.5636528029,3595.370705,24,6.641571834,13.52766727,49.09620929,0
0.01765,0.5638185654,3595.35865,24,6.645314616,13.53164557,49.10943448,0
0.01766,0.5639843279,3595.346594,24,6.649057372,13.53562387,49.12265172,0
0.01767,0.5641500904,3595.334539,24,6.652800102,13.53960217,49.135861,0
0.01768,0.5643158529,3595.322483,24,6.656542808,13.54358047,49.14906234,0
0.01769,0.5644816154,3595.310428,24,6.660285488,13.54755877,49.16225573,0
0.0177,0.5646473779,3595.298373,24,6.664028143,13.55153707,49.1754412,0
0.01771,0.5648131404,3595.286317,24,6.667770773,13.55551537,49.18861873,0
0.01772,0.564978903,3595.274262,24,6.671513377,13.55949367,49.20178835,0
0.01773,0.5651446655,3595.262206,24,6.675255957,13.56347197,49.21495006,0
0.01774,0.565310428,3595.250151,24,6.678998511,13.56745027,49.22810386,0
0.01775,0.5654761905,3595.238095,24,6.68274104,13.57142857,49.24124976,0
0.01776,0.565641953,3595.22604,24,6.686483543,13.57540687,49.25438778,0
0.01777,0.5658077155,3595.213984,24,6.690226021,13.57938517,49.26751791,0
0.01778,0.565973478,3595.201929,24,6.693968474,13.58336347,49.28064016,0
0.01779,0.5661392405,3595.189873,24,6.697710902,13.58734177,49.29375454,0
0.0178,0.566305003,3595.177818,24,6.701453305,13.59132007,49.30686106,0
0.01781,0.5664707655,3595.165763,24,6.705195682,13.59529837,49.31995973,0
0.01782,0.566636528,3595.153707,24,6.708938034,13.59927667,49.33305054,0
0.01783,0.5668022905,3595.141652,24,6.712680361,13.60325497,49.34613351,0
0.01784,0.566968053,3595.129596,24,6.716422662,13.60723327,49.35920865,0
0.01785,0.5671338156,3595.117541,24,6.720164938,13.61121157,49.37227595,0
0.01786,0.5672995781,3595.105485,24,6.72390719,13.61518987,49.38533544,0
0.01787,0.5674653406,3595.09343,24,6.727649415,13.61916817,49.39838711,0
0.01788,0.5676311031,3595.081374,24,6.731391616,13.62314647,49.41143097,0
0.01789,0.5677968656,3595.069319,24,6.735133791,13.62712477,49.42446703,0
0.0179,0.5679626281,3595.057263,24,6.738875941,13.63110307,49.4374953,0
0.01791,0.5681283906,3595.045208,24,6.742618066,13.63508137,49.45051577,0
0.01792,0.5682941531,3595.033153,24,6.746360165,13.63905967,49.46352847,0
0.01793,0.5684599156,3595.021097,24,6.75010224,13.64303797,49.4765334,0
0.01794,0.5686256781,3595.009042,24,6.753844289,13.64701627,49.48953055,0
0.01795,0.5687914406,3594.996986,24,6.757586313,13.65099458,49.50251995,0
0.01796,0.5689572031,3594.984931,24,6.761328311,13.65497288,49.51550159,0
0.01797,0.5691229656,3594.972875,24,6.765070284,13.65895118,49.52847549,0
0.01798,0.5692887281,3594.96082,24,6.768812232,13.66292948,49.54144164,0
0.01799,0.5694544907,3594.948764,24,6.772554155,13.66690778,49.55440006,0
0.018,0.5696202532,3594.936709,24,6.776296053,13.67088608,49.56735076,0
0.01801,0.5697860157,3594.924653,24,6.780037925,13.67486438,49.58029373,0
0.01802,0.5699517782,3594.912598,24,6.783779772,13.67884268,49.59322899,0
0.01803,0.5701175407,3594.900542,24,6.787521594,13.68282098,49.60615655,0
0.01804,0.5702833032,3594.888487,24,6.79126339,13.68679928,49.61907641,0
0.01805,0.5704490657,3594.876432,24,6.795005162,13.69077758,49.63198857,0
0.01806,0.5706148282,3594.864376,24,6.798746908,13.69475588,49.64489304,0
0.01807,0.5707805907,3594.852321,24,6.802488629,13.69873418,49.65778984,0
0.01808,0.5709463532,3594.840265,24,6.806230324,13.70271248,49.67067897,0
0.01809,0.5711121157,3594.82821,24,6.809971995,13.70669078,49.68356042,0
0.0181,0.5712778782,3594.816154,24,6.81371364,13.71066908,49.69643422,0
0.01811,0.5714436407,3594.804099,24,6.817455259,13.71464738,49.70930037,0
0.01812,0.5716094033,3594.792043,24,6.821196854,13.71862568,49.72215887,0
0.01813,0.5717751658,3594.779988,24,6.824938423,13.72260398,49.73500973,0
0.01814,0.5719409283,3594.767932,24,6.828679967,13.72658228,49.74785295,0
0.01815,0.5721066908,3594.755877,24,6.832421486,13.73056058,49.76068855,0
0.01816,0.5722724533,3594.743822,24,6.83616298,13.73453888,49.77351653,0
0.01817,0.5724382158,3594.731766,24,6.839904448,13.73851718,49.7863369,0
0.01818,0.5726039783,3594.719711,24,6.843645891,13.74249548,49.79914966,0
0.01819,0.5727697408,3594.707655,24,6.847387309,13.74647378,49.81195482,0
0.0182,0.5729355033,3594.6956,24,6.851128701,13.75045208,49.82475239,0
0.01821,0.5731012658,3594.683544,24,6.854870069,13.75443038,49.83754237,0
0.01822,0.5732670283,3594.671489,24,6.858611411,13.75840868,49.85032478,0
0.01823,0.5734327908,3594.659433,24,6.862352728,13.76238698,49.8630996,0
0.01824,0.5735985533,3594.647378,24,6.866094019,13.76636528,49.87586686,0
0.01825,0.5737643159,3594.635322,24,6.869835286,13.77034358,49.88862656,0
0.01826,0.5739300784,3594.623267,24,6.873576527,13.77432188,49.90137871,0
0.01827,0.5740958409,3594.611212,24,6.877317742,13.77830018,49.91412331,0
0.01828,0.5742616034,3594.599156,24,6.881058933,13.78227848,49.92686037,0
0.01829,0.5744273659,3594.587101,24,6.884800098,13.78625678,49.93958989,0
0.0183,0.5745931284,3594.575045,24,6.888541238,13.79023508,49.95231189,0
0.01831,0.5747588909,3594.56299,24,6.892282353,13.79421338,49.96502637,0
0.01832,0.5749246534,3594.550934,24,6.896023443,13.79819168,49.97773333,0
0.01833,0.5750904159,3594.538879,24,6.899764507,13.80216998,49.99043278,0
0.01834,0.5752561784,3594.526823,24,6.903505546,13.80614828,50.00312473,0
0.01835,0.5754219409,3594.514768,24,6.90724656,13.81012658,50.01580919,0
0.01836,0.5755877034,3594.502712,24,6.910987549,13.81410488,50.02848616,0
0.01837,0.5757534659,3594.490657,24,6.914728512,13.81808318,50.04115564,0
0.01838,0.5759192285,3594.478602,24,6.91846945,13.82206148,50.05381765,0
0.01839,0.576084991,3594.466546,24,6.922210363,13.82603978,50.06647219,0
0.0184,0.5762507535,3594.454491,24,6.925951251,13.83001808,50.07911927,0
0.01841,0.576416516,3594.442435,24,6.929692113,13.83399638,50.09175889,0
0.01842,0.5765822785,3594.43038,24,6.93343295,13.83797468,50.10439106,0
0.01843,0.576748041,3594.418324,24,6.937173762,13.84195298,50.11701578,0
0.01844,0.5769138035,3594.406269,24,6.940914548,13.84593128,50.12963307,0
0.01845,0.577079566,3594.394213,24,6.94465531,13.84990958,50.14224293,0
0.01846,0.5772453285,3594.382158,24,6.948396046,13.85388788,50.15484537,0
0.01847,0.577411091,3594.370102,24,6.952136757,13.85786618,50.16744038,0
0.01848,0.5775768535,3594.358047,24,6.955877442,13.86184448,50.18002799,0
0.01849,0.577742616,3594.345992,24,6.959618103,13.86582278,50.19260819,0
0.0185,0.5779083785,3594.333936,24,6.963358738,13.86980108,50.20518099,0
0.01851,0.578074141,3594.321881,24,6.967099348,13.87377939,50.2177464,0
0.01852,0.5782399036,3594.309825,24,6.970839932,13.87775769,50.23030442,0
0.01853,0.5784056661,3594.29777,24,6.974580492,13.88173599,50.24285506,0
0.01854,0.5785714286,3594.285714,24,6.978321026,13.88571429,50.25539833,0
0.01855,0.5787371911,3594.273659,24,6.982061535,13.88969259,50.26793423,0
0.01856,0.5789029536,3594.261603,24,6.985802018,13.89367089,50.28046278,0
0.01857,0.5790687161,3594.249548,24,6.989542476,13.89764919,50.29298396,0
0.01858,0.5792344786,3594.237492,24,6.99328291,13.90162749,50.3054978,0
0.01859,0.5794002411,3594.225437,24,6.997023317,13.90560579,50.3180043,0
0.0186,0.5795660036,3594.213382,24,7.0007637,13.90958409,50.33050346,0
0.01861,0.5797317661,3594.201326,24,7.004504057,13.91356239,50.34299529,0
0.01862,0.5798975286,3594.189271,24,7.00824439,13.91754069,50.3554798,0
0.01863,0.5800632911,3594.177215,24,7.011984696,13.92151899,50.36795699,0
0.01864,0.5802290536,3594.16516,24,7.015724978,13.92549729,50.38042688,0
0.01865,0.5803948162,3594.153104,24,7.019465234,13.92947559,50.39288945,0
0.01866,0.5805605787,3594.141049,24,7.023205466,13.93345389,50.40534473,0
0.01867,0.5807263412,3594.128993,24,7.026945671,13.93743219,50.41779272,0
0.01868,0.5808921037,3594.116938,24,7.030685852,13.94141049,50.43023343,0
0.01869,0.5810578662,3594.104882,24,7.034426007,13.94538879,50.44266685,0
0.0187,0.5812236287,3594.092827,24,7.038166137,13.94936709,50.455093,0
0.01871,0.5813893912,3594.080772,24,7.041906242,13.95334539,50.46751188,0
0.01872,0.5815551537,3594.068716,24,7.045646322,13.95732369,50.47992351,0
0.01873,0.5817209162,3594.056661,24,7.049386376,13.96130199,50.49232788,0
0.01874,0.5818866787,3594.044605,24,7.053126405,13.96528029,50.504725,0
0.01875,0.5820524412,3594.03255,24,7.056866409,13.96925859,50.51711488,0
0.01876,0.5822182037,3594.020494,24,7.060606388,13.97323689,50.52949752,0
0.01877,0.5823839662,3594.008439,24,7.064346341,13.97721519,50.54187294,0
0.01878,0.5825497288,3593.996383,24,7.06808627,13.98119349,50.55424113,0
0.01879,0.5827154913,3593.984328,24,7.071826172,13.98517179,50.5666021,0
0.0188,0.5828812538,3593.972272,24,7.07556605,13.98915009,50.57895586,0
0.01881,0.5830470163,3593.960217,24,7.079305902,13.99312839,50.59130242,0
0.01882,0.5832127788,3593.948162,24,7.08304573,13.99710669,50.60364178,0
0.01883,0.5833785413,3593.936106,24,7.086785531,14.00108499,50.61597395,0
0.01884,0.5835443038,3593.924051,24,7.090525308,14.00506329,50.62829893,0
0.01885,0.5837100663,3593.911995,24,7.094265059,14.00904159,50.64061673,0
0.01886,0.5838758288,3593.89994,24,7.098004786,14.01301989,50.65292735,0
0.01887,0.5840415913,3593.887884,24,7.101744487,14.01699819,50.66523081,0
0.01888,0.5842073538,3593.875829,24,7.105484162,14.02097649,50.67752711,0
0.01889,0.5843731163,3593.863773,24,7.109223813,14.02495479,50.68981625,0
0.0189,0.5845388788,3593.851718,24,7.112963438,14.02893309,50.70209823,0
0.01891,0.5847046414,3593.839662,24,7.116703038,14.03291139,50.71437308,0
0.01892,0.5848704039,3593.827607,24,7.120442612,14.03688969,50.72664079,0
0.01893,0.5850361664,3593.815552,24,7.124182162,14.04086799,50.73890136,0
0.01894,0.5852019289,3593.803496,24,7.127921686,14.04484629,50.75115482,0
0.01895,0.5853676914,3593.791441,24,7.131661185,14.04882459,50.76340115,0
0.01896,0.5855334539,3593.779385,24,7.135400658,14.05280289,50.77564037,0
0.01897,0.5856992164,3593.76733,24,7.139140107,14.05678119,50.78787248,0
0.01898,0.5858649789,3593.755274,24,7.14287953,14.06075949,50.80009748,0
0.01899,0.5860307414,3593.743219,24,7.146618928,14.06473779,50.8123154,0
0.019,0.5861965039,3593.731163,24,7.1503583,14.06871609,50.82452622,0
0.01901,0.5863622664,3593.719108,24,7.154097648,14.07269439,50.83672996,0
0.01902,0.5865280289,3593.707052,24,7.15783697,14.07667269,50.84892663,0
0.01903,0.5866937914,3593.694997,24,7.161576267,14.08065099,50.86111622,0
0.01904,0.5868595539,3593.682942,24,7.165315539,14.08462929,50.87329875,0
0.01905,0.5870253165,3593.670886,24,7.169054785,14.08860759,50.88547422,0
0.01906,0.587191079,3593.658831,24,7.172794006,14.0925859,50.89764263,0
0.01907,0.5873568415,3593.646775,24,7.176533202,14.0965642,50.909804,0
0.01908,0.587522604,3593.63472,24,7.180272373,14.1005425,50.92195832,0
0.01909,0.5876883665,3593.622664,24,7.184011518,14.1045208,50.93410561,0
0.0191,0.587854129,3593.610609,24,7.187750638,14.1084991,50.94624587,0
0.01911,0.5880198915,3593.598553,24,7.191489733,14.1124774,50.95837911,0
0.01912,0.588185654,3593.586498,24,7.195228803,14.1164557,50.97050533,0
0.01913,0.5883514165,3593.574442,24,7.198967847,14.120434,50.98262454,0
0.01914,0.588517179,3593.562387,24,7.202706867,14.1244123,50.99473674,0
0.01915,0.5886829415,3593.550332,24,7.20644586,14.1283906,51.00684194,0
0.01916,0.588848704,3593.538276,24,7.210184829,14.1323689,51.01894015,0
0.01917,0.5890144665,3593.526221,24,7.213923773,14.1363472,51.03103137,0
0.01918,0.5891802291,3593.514165,24,7.217662691,14.1403255,51.04311561,0
0.01919,0.5893459916,3593.50211,24,7.221401584,14.1443038,51.05519287,0
0.0192,0.5895117541,3593.490054,24,7.225140451,14.1482821,51.06726316,0
0.01921,0.5896775166,3593.477999,24,7.228879294,14.1522604,51.07932649,0
0.01922,0.5898432791,3593.465943,24,7.232618111,14.1562387,51.09138285,0
0.01923,0.5900090416,3593.453888,24,7.236356903,14.160217,51.10343227,0
0.01924,0.5901748041,3593.441832,24,7.24009567,14.1641953,51.11547474,0
0.01925,0.5903405666,3593.429777,24,7.243834411,14.1681736,51.12751027,0
0.01926,0.5905063291,3593.417722,24,7.247573127,14.1721519,51.13953886,0
0.01927,0.5906720916,3593.405666,24,7.251311818,14.1761302,51.15156052,0
0.01928,0.5908378541,3593.393611,24,7.255050484,14.1801085,51.16357526,0
0.01929,0.5910036166,3593.381555,24,7.258789124,14.1840868,51.17558308,0
0.0193,0.5911693791,3593.3695,24,7.262527739,14.1880651,51.18758399,0
0.01931,0.5913351417,3593.357444,24,7.266266329,14.1920434,51.19957799,0
0.01932,0.5915009042,3593.345389,24,7.270004894,14.1960217,51.2115651,0
0.01933,0.5916666667,3593.333333,24,7.273743433,14.2,51.22354531,0
0.01934,0.5918324292,3593.321278,24,7.277481948,14.2039783,51.23551863,0
0.01935,0.5919981917,3593.309222,24,7.281220437,14.2079566,51.24748506,0
0.01936,0.5921639542,3593.297167,24,7.2849589,14.2119349,51.25944462,0
0.01937,0.5923297167,3593.285112,24,7.288697339,14.2159132,51.27139731,0
0.01938,0.5924954792,3593.273056,24,7.292435752,14.2198915,51.28334314,0
0.01939,0.5926612417,3593.261001,24,7.29617414,14.2238698,51.2952821,0
0.0194,0.5928270042,3593.248945,24,7.299912503,14.2278481,51.30721421,0
0.01941,0.5929927667,3593.23689,24,7.30365084,14.2318264,51.31913947,0
0.01942,0.5931585292,3593.224834,24,7.307389152,14.2358047,51.33105789,0
0.01943,0.5933242917,3593.212779,24,7.311127439,14.239783,51.34296947,0
0.01944,0.5934900542,3593.200723,24,7.314865701,14.2437613,51.35487422,0
0.01945,0.5936558168,3593.188668,24,7.318603937,14.2477396,51.36677215,0
0.01946,0.5938215793,3593.176612,24,7.322342149,14.2517179,51.37866325,0
0.01947,0.5939873418,3593.164557,24,7.326080335,14.2556962,51.39054754,0
0.01948,0.5941531043,3593.152502,24,7.329818495,14.2596745,51.40242503,0
0.01949,0.5943188668,3593.140446,24,7.333556631,14.2636528,51.41429571,0
0.0195,0.5944846293,3593.128391,24,7.337294741,14.2676311,51.42615959,0
0.01951,0.5946503918,3593.116335,24,7.341032826,14.2716094,51.43801668,0
0.01952,0.5948161543,3593.10428,24,7.344770886,14.2755877,51.44986699,0
0.01953,0.5949819168,3593.092224,24,7.34850892,14.279566,51.46171052,0
0.01954,0.5951476793,3593.080169,24,7.352246929,14.2835443,51.47354727,0
0.01955,0.5953134418,3593.068113,24,7.355984913,14.2875226,51.48537726,0
0.01956,0.5954792043,3593.056058,24,7.359722872,14.2915009,51.49720048,0
0.01957,0.5956449668,3593.044002,24,7.363460805,14.2954792,51.50901694,0
0.01958,0.5958107294,3593.031947,24,7.367198714,14.2994575,51.52082666,0
0.01959,0.5959764919,3593.019892,24,7.370936597,14.3034358,51.53262962,0
0.0196,0.5961422544,3593.007836,24,7.374674454,14.3074141,51.54442585,0
0.01961,0.5963080169,3592.995781,24,7.378412287,14.31139241,51.55621534,0
0.01962,0.5964737794,3592.983725,24,7.382150094,14.31537071,51.56799811,0
0.01963,0.5966395419,3592.97167,24,7.385887876,14.31934901,51.57977415,0
0.01964,0.5968053044,3592.959614,24,7.389625633,14.32332731,51.59154347,0
0.01965,0.5969710669,3592.947559,24,7.393363364,14.32730561,51.60330608,0
0.01966,0.5971368294,3592.935503,24,7.39710107,14.33128391,51.61506198,0
0.01967,0.5973025919,3592.923448,24,7.400838751,14.33526221,51.62681118,0
0.01968,0.5974683544,3592.911392,24,7.404576407,14.33924051,51.63855369,0
0.01969,0.5976341169,3592.899337,24,7.408314038,14.34321881,51.6502895,0
0.0197,0.5977998794,3592.887281,24,7.412051643,14.34719711,51.66201864,0
0.01971,0.597965642,3592.875226,24,7.415789223,14.35117541,51.67374109,0
0.01972,0.5981314045,3592.863171,24,7.419526778,14.35515371,51.68545687,0
0.01973,0.598297167,3592.851115,24,7.423264307,14.35913201,51.69716598,0
0.01974,0.5984629295,3592.83906,24,7.427001811,14.36311031,51.70886843,0
0.01975,0.598628692,3592.827004,24,7.43073929,14.36708861,51.72056422,0
0.01976,0.5987944545,3592.814949,24,7.434476744,14.37106691,51.73225337,0
0.01977,0.598960217,3592.802893,24,7.438214173,14.37504521,51.74393586,0
0.01978,0.5991259795,3592.790838,24,7.441951576,14.37902351,51.75561172,0
0.01979,0.599291742,3592.778782,24,7.445688954,14.38300181,51.76728094,0
0.0198,0.5994575045,3592.766727,24,7.449426307,14.38698011,51.77894353,0
0.01981,0.599623267,3592.754671,24,7.453163634,14.39095841,51.7905995,0
0.01982,0.5997890295,3592.742616,24,7.456900936,14.39493671,51.80224885,0
0.01983,0.599954792,3592.730561,24,7.460638213,14.39891501,51.81389159,0
0.01984,0.6001205546,3592.718505,24,7.464375465,14.40289331,51.82552772,0
0.01985,0.6002863171,3592.70645,24,7.468112692,14.40687161,51.83715725,0
0.01986,0.6004520796,3592.694394,24,7.471849893,14.41084991,51.84878019,0
0.01987,0.6006178421,3592.682339,24,7.475587069,14.41482821,51.86039653,0
0.01988,0.6007836046,3592.670283,24,7.47932422,14.41880651,51.87200629,0
0.01989,0.6009493671,3592.658228,24,7.483061345,14.42278481,51.88360947,0
0.0199,0.6011151296,3592.646172,24,7.486798445,14.42676311,51.89520607,0
0.01991,0.6012808921,3592.634117,24,7.49053552,14.43074141,51.9067961,0
0.01992,0.6014466546,3592.622061,24,7.49427257,14.43471971,51.91837958,0
0.01993,0.6016124171,3592.610006,24,7.498009595,14.43869801,51.92995649,0
0.01994,0.6017781796,3592.597951,24,7.501746594,14.44267631,51.94152685,0
0.01995,0.6019439421,3592.585895,24,7.505483568,14.44665461,51.95309066,0
0.01996,0.6021097046,3592.57384,24,7.509220517,14.45063291,51.96464793,0
0.01997,0.6022754671,3592.561784,24,7.51295744,14.45461121,51.97619867,0
0.01998,0.6024412297,3592.549729,24,7.516694338,14.45858951,51.98774287,0
0.01999,0.6026069922,3592.537673,24,7.520431211,14.46256781,51.99928055,0
0.02,0.6027727547,3592.525618,24,7.524168059,14.46654611,52.01081171,0
0.02001,0.6029385172,3592.513562,24,7.527904882,14.47052441,52.02233635,0
0.02002,0.6031042797,3592.501507,24,7.531641679,14.47450271,52.03385449,0
0.02003,0.6032700422,3592.489451,24,7.535378451,14.47848101,52.04536612,0
0.02004,0.6034358047,3592.477396,24,7.539115198,14.48245931,52.05687125,0
0.02005,0.6036015672,3592.465341,24,7.542851919,14.48643761,52.06836988,0
0.02006,0.6037673297,3592.453285,24,7.546588616,14.49041591,52.07986203,0
0.02007,0.6039330922,3592.44123,24,7.550325287,14.49439421,52.0913477,0
0.02008,0.6040988547,3592.429174,24,7.554061932,14.49837251,52.10282689,0
0.02009,0.6042646172,3592.417119,24,7.557798553,14.50235081,52.11429961,0
0.0201,0.6044303797,3592.405063,24,7.561535148,14.50632911,52.12576586,0
0.02011,0.6045961423,3592.393008,24,7.565271718,14.51030741,52.13722564,0
0.02012,0.6047619048,3592.380952,24,7.569008263,14.51428571,52.14867898,0
0.02013,0.6049276673,3592.368897,24,7.572744783,14.51826401,52.16012586,0
0.02014,0.6050934298,3592.356841,24,7.576481277,14.52224231,52.1715663,0
0.02015,0.6052591923,3592.344786,24,7.580217746,14.52622061,52.18300029,0
0.02016,0.6054249548,3592.332731,24,7.58395419,14.53019892,52.19442785,0
0.02017,0.6055907173,3592.320675,24,7.587690608,14.53417722,52.20584899,0
0.02018,0.6057564798,3592.30862,24,7.591427001,14.53815552,52.21726369,0
0.02019,0.6059222423,3592.296564,24,7.59516337,14.54213382,52.22867198,0
0.0202,0.6060880048,3592.284509,24,7.598899712,14.54611212,52.24007386,0
0.02021,0.6062537673,3592.272453,24,7.60263603,14.55009042,52.25146932,0
0.02022,0.6064195298,3592.260398,24,7.606372322,14.55406872,52.26285838,0
0.02023,0.6065852923,3592.248342,24,7.610108589,14.55804702,52.27424105,0
0.02024,0.6067510549,3592.236287,24,7.613844831,14.56202532,52.28561732,0
0.02025,0.6069168174,3592.224231,24,7.617581048,14.56600362,52.2969872,0
0.02026,0.6070825799,3592.212176,24,7.621317239,14.56998192,52.30835071,0
0.02027,0.6072483424,3592.200121,24,7.625053405,14.57396022,52.31970783,0
0.02028,0.6074141049,3592.188065,24,7.628789546,14.57793852,52.33105858,0
0.02029,0.6075798674,3592.17601,24,7.632525661,14.58191682,52.34240297,0
0.0203,0.6077456299,3592.163954,24,7.636261752,14.58589512,52.35374099,0
0.02031,0.6079113924,3592.151899,24,7.639997817,14.58987342,52.36507266,0
0.02032,0.6080771549,3592.139843,24,7.643733856,14.59385172,52.37639798,0
0.02033,0.6082429174,3592.127788,24,7.647469871,14.59783002,52.38771695,0
0.02034,0.6084086799,3592.115732,24,7.65120586,14.60180832,52.39902958,0
0.02035,0.6085744424,3592.103677,24,7.654941824,14.60578662,52.41033588,0
0.02036,0.6087402049,3592.091621,24,7.658677763,14.60976492,52.42163584,0
0.02037,0.6089059675,3592.079566,24,7.662413677,14.61374322,52.43292948,0
0.02038,0.60907173,3592.067511,24,7.666149565,14.61772152,52.4442168,0
0.02039,0.6092374925,3592.055455,24,7.669885428,14.62169982,52.45549781,0
0.0204,0.609403255,3592.0434,24,7.673621266,14.62567812,52.4667725,0
0.02041,0.6095690175,3592.031344,24,7.677357078,14.62965642,52.47804089,0
0.02042,0.60973478,3592.019289,24,7.681092866,14.63363472,52.48930298,0
0.02043,0.6099005425,3592.007233,24,7.684828628,14.63761302,52.50055878,0
0.02044,0.610066305,3591.995178,24,7.688564365,14.64159132,52.51180829,0
0.02045,0.6102320675,3591.983122,24,7.692300076,14.64556962,52.52305151,0
0.02046,0.61039783,3591.971067,24,7.696035763,14.64954792,52.53428846,0
0.02047,0.6105635925,3591.959011,24,7.699771424,14.65352622,52.54551913,0
0.02048,0.610729355,3591.946956,24,7.703507059,14.65750452,52.55674353,0
0.02049,0.6108951175,3591.934901,24,7.70724267,14.66148282,52.56796167,0
0.0205,0.61106088,3591.922845,24,7.710978255,14.66546112,52.57917355,0
0.02051,0.6112266426,3591.91079,24,7.714713815,14.66943942,52.59037918,0
0.02052,0.6113924051,3591.898734,24,7.71844935,14.67341772,52.60157856,0
0.02053,0.6115581676,3591.886679,24,7.72218486,14.67739602,52.6127717,0
0.02054,0.6117239301,3591.874623,24,7.725920344,14.68137432,52.62395859,0
0.02055,0.6118896926,3591.862568,24,7.729655803,14.68535262,52.63513926,0
0.02056,0.6120554551,3591.850512,24,7.733391237,14.68933092,52.64631369,0
0.02057,0.6122212176,3591.838457,24,7.737126646,14.69330922,52.65748191,0
0.02058,0.6123869801,3591.826401,24,7.740862029,14.69728752,52.6686439,0
0.02059,0.6125527426,3591.814346,24,7.744597387,14.70126582,52.67979969,0
0.0206,0.6127185051,3591.802291,24,7.74833272,14.70524412,52.69094926,0
0.02061,0.6128842676,3591.790235,24,7.752068027,14.70922242,52.70209264,0
0.02062,0.6130500301,3591.77818,24,7.75580331,14.71320072,52.71322981,0
0.02063,0.6132157926,3591.766124,24,7.759538567,14.71717902,52.72436079,0
0.02064,0.6133815552,3591.754069,24,7.763273799,14.72115732,52.73548559,0
0.02065,0.6135473177,3591.742013,24,7.767009005,14.72513562,52.7466042,0
0.02066,0.6137130802,3591.729958,24,7.770744187,14.72911392,52.75771663,0
0.02067,0.6138788427,3591.717902,24,7.774479343,14.73309222,52.76882289,0
0.02068,0.6140446052,3591.705847,24,7.778214474,14.73707052,52.77992299,0
0.02069,0.6142103677,3591.693791,24,7.781949579,14.74104882,52.79101692,0
0.0207,0.6143761302,3591.681736,24,7.78568466,14.74502712,52.80210469,0
0.02071,0.6145418927,3591.669681,24,7.789419715,14.74900542,52.81318631,0
0.02072,0.6147076552,3591.657625,24,7.793154744,14.75298373,52.82426179,0
0.02073,0.6148734177,3591.64557,24,7.796889749,14.75696203,52.83533112,0
0.02074,0.6150391802,3591.633514,24,7.800624728,14.76094033,52.84639431,0
0.02075,0.6152049427,3591.621459,24,7.804359683,14.76491863,52.85745137,0
0.02076,0.6153707052,3591.609403,24,7.808094611,14.76889693,52.8685023,0
0.02077,0.6155364678,3591.597348,24,7.811829515,14.77287523,52.87954711,0
0.02078,0.6157022303,3591.585292,24,7.815564393,14.77685353,52.8905858,0
0.02079,0.6158679928,3591.573237,24,7.819299246,14.78083183,52.90161838,0
0.0208,0.6160337553,3591.561181,24,7.823034074,14.78481013,52.91264485,0
0.02081,0.6161995178,3591.549126,24,7.826768877,14.78878843,52.92366522,0
0.02082,0.6163652803,3591.537071,24,7.830503654,14.79276673,52.93467949,0
0.02083,0.6165310428,3591.525015,24,7.834238406,14.79674503,52.94568766,0
0.02084,0.6166968053,3591.51296,24,7.837973133,14.80072333,52.95668975,0
0.02085,0.6168625678,3591.500904,24,7.841707835,14.80470163,52.96768575,0
0.02086,0.6170283303,3591.488849,24,7.845442511,14.80867993,52.97867568,0
0.02087,0.6171940928,3591.476793,24,7.849177162,14.81265823,52.98965953,0
0.02088,0.6173598553,3591.464738,24,7.852911788,14.81663653,53.00063731,0
0.02089,0.6175256178,3591.452682,24,7.856646389,14.82061483,53.01160903,0
0.0209,0.6176913803,3591.440627,24,7.860380964,14.82459313,53.02257469,0
0.02091,0.6178571429,3591.428571,24,7.864115514,14.82857143,53.0335343,0
0.02092,0.6180229054,3591.416516,24,7.867850039,14.83254973,53.04448785,0
0.02093,0.6181886679,3591.404461,24,7.871584539,14.83652803,53.05543536,0
0.02094,0.6183544304,3591.392405,24,7.875319013,14.84050633,53.06637684,0
0.02095,0.6185201929,3591.38035,24,7.879053462,14.84448463,53.07731227,0
0.02096,0.6186859554,3591.368294,24,7.882787886,14.84846293,53.08824168,0
0.02097,0.6188517179,3591.356239,24,7.886522285,14.85244123,53.09916507,0
0.02098,0.6190174804,3591.344183,24,7.890256658,14.85641953,53.11008243,0
0.02099,0.6191832429,3591.332128,24,7.893991006,14.86039783,53.12099378,0
0.021,0.6193490054,3591.320072,24,7.897725329,14.86437613,53.13189911,0
0.02101,0.6195147679,3591.308017,24,7.901459627,14.86835443,53.14279844,0
0.02102,0.6196805304,3591.295961,24,7.905193899,14.87233273,53.15369177,0
0.02103,0.6198462929,3591.283906,24,7.908928146,14.87631103,53.16457911,0
0.02104,0.6200120555,3591.271851,24,7.912662368,14.88028933,53.17546045,0
0.02105,0.620177818,3591.259795,24,7.916396565,14.88426763,53.18633581,0
0.02106,0.6203435805,3591.24774,24,7.920130736,14.88824593,53.19720518,0
0.02107,0.620509343,3591.235684,24,7.923864882,14.89222423,53.20806858,0
0.02108,0.6206751055,3591.223629,24,7.927599003,14.89620253,53.21892601,0
0.02109,0.620840868,3591.211573,24,7.931333099,14.90018083,53.22977747,0
0.0211,0.6210066305,3591.199518,24,7.935067169,14.90415913,53.24062296,0
0.02111,0.621172393,3591.187462,24,7.938801214,14.90813743,53.2514625,0
0.02112,0.6213381555,3591.175407,24,7.942535234,14.91211573,53.26229609,0
0.02113,0.621503918,3591.163351,24,7.946269229,14.91609403,53.27312373,0
0.02114,0.6216696805,3591.151296,24,7.950003198,14.92007233,53.28394542,0
0.02115,0.621835443,3591.139241,24,7.953737142,14.92405063,53.29476118,0
0.02116,0.6220012055,3591.127185,24,7.957471061,14.92802893,53.305571,0
0.02117,0.6221669681,3591.11513,24,7.961204955,14.93200723,53.31637489,0
0.02118,0.6223327306,3591.103074,24,7.964938823,14.93598553,53.32717286,0
0.02119,0.6224984931,3591.091019,24,7.968672667,14.93996383,53.33796491,0
0.0212,0.6226642556,3591.078963,24,7.972406484,14.94394213,53.34875104,0
0.02121,0.6228300181,3591.066908,24,7.976140277,14.94792043,53.35953126,0
0.02122,0.6229957806,3591.054852,24,7.979874045,14.95189873,53.37030558,0
0.02123,0.6231615431,3591.042797,24,7.983607787,14.95587703,53.381074,0
0.02124,0.6233273056,3591.030741,24,7.987341504,14.95985533,53.39183652,0
0.02125,0.6234930681,3591.018686,24,7.991075195,14.96383363,53.40259315,0
0.02126,0.6236588306,3591.006631,24,7.994808862,14.96781193,53.41334389,0
0.02127,0.6238245931,3590.994575,24,7.998542503,14.97179024,53.42408875,0
0.02128,0.6239903556,3590.98252,24,8.002276119,14.97576854,53.43482773,0
0.02129,0.6241561181,3590.970464,24,8.006009709,14.97974684,53.44556085,0
0.0213,0.6243218807,3590.958409,24,8.009743275,14.98372514,53.45628809,0
0.02131,0.6244876432,3590.946353,24,8.013476815,14.98770344,53.46700947,0
0.02132,0.6246534057,3590.934298,24,8.01721033,14.99168174,53.47772499,0
0.02133,0.6248191682,3590.922242,24,8.02094382,14.99566004,53.48843466,0
0.02134,0.6249849307,3590.910187,24,8.024677284,14.99963834,53.49913847,0
0.02135,0.6251506932,3590.898131,24,8.028410723,15.00361664,53.50983645,0
0.02136,0.6253164557,3590.886076,24,8.032144137,15.00759494,53.52052858,0
0.02137,0.6254822182,3590.87402,24,8.035877526,15.01157324,53.53121488,0
0.02138,0.6256479807,3590.861965,24,8.039610889,15.01555154,53.54189534,0
0.02139,0.6258137432,3590.84991,24,8.043344227,15.01952984,53.55256998,0
0.0214,0.6259795057,3590.837854,24,8.04707754,15.02350814,53.5632388,0
0.02141,0.6261452682,3590.825799,24,8.050810828,15.02748644,53.57390181,0
0.02142,0.6263110307,3590.813743,24,8.05454409,15.03146474,53.584559,0
0.02143,0.6264767932,3590.801688,24,8.058277328,15.03544304,53.59521038,0
0.02144,0.6266425558,3590.789632,24,8.062010539,15.03942134,53.60585596,0
0.02145,0.6268083183,3590.777577,24,8.065743726,15.04339964,53.61649574,0
0.02146,0.6269740808,3590.765521,24,8.069476888,15.04737794,53.62712973,0
0.02147,0.6271398433,3590.753466,24,8.073210024,15.05135624,53.63775792,0
0.02148,0.6273056058,3590.74141,24,8.076943135,15.05533454,53.64838034,0
0.02149,0.6274713683,3590.729355,24,8.08067622,15.05931284,53.65899697,0
0.0215,0.6276371308,3590.7173,24,8.084409281,15.06329114,53.66960783,0
0.02151,0.6278028933,3590.705244,24,8.088142316,15.06726944,53.68021292,0
0.02152,0.6279686558,3590.693189,24,8.091875326,15.07124774,53.69081224,0
0.02153,0.6281344183,3590.681133,24,8.095608311,15.07522604,53.7014058,0
0.02154,0.6283001808,3590.669078,24,8.09934127,15.07920434,53.7119936,0
0.02155,0.6284659433,3590.657022,24,8.103074204,15.08318264,53.72257565,0
0.02156,0.6286317058,3590.644967,24,8.106807113,15.08716094,53.73315195,0
0.02157,0.6287974684,3590.632911,24,8.110539997,15.09113924,53.74372251,0
0.02158,0.6289632309,3590.620856,24,8.114272855,15.09511754,53.75428733,0
0.02159,0.6291289934,3590.6088,24,8.118005689,15.09909584,53.76484641,0
0.0216,0.6292947559,3590.596745,24,8.121738496,15.10307414,53.77539977,0
0.02161,0.6294605184,3590.58469,24,8.125471279,15.10705244,53.7859474,0
0.02162,0.6296262809,3590.572634,24,8.129204037,15.11103074,53.7964893,0
0.02163,0.6297920434,3590.560579,24,8.132936769,15.11500904,53.8070255,0
0.02164,0.6299578059,3590.548523,24,8.136669476,15.11898734,53.81755598,0
0.02165,0.6301235684,3590.536468,24,8.140402157,15.12296564,53.82808075,0
0.02166,0.6302893309,3590.524412,24,8.144134814,15.12694394,53.83859982,0
0.02167,0.6304550934,3590.512357,24,8.147867445,15.13092224,53.84911319,0
0.02168,0.6306208559,3590.500301,24,8.151600051,15.13490054,53.85962087,0
0.02169,0.6307866184,3590.488246,24,8.155332632,15.13887884,53.87012286,0
0.0217,0.630952381,3590.47619,24,8.159065187,15.14285714,53.88061916,0
0.02171,0.6311181435,3590.464135,24,8.162797717,15.14683544,53.89110978,0
0.02172,0.631283906,3590.45208,24,8.166530222,15.15081374,53.90159473,0
0.02173,0.6314496685,3590.440024,24,8.170262702,15.15479204,53.91207401,0
0.02174,0.631615431,3590.427969,24,8.173995157,15.15877034,53.92254762,0
0.02175,0.6317811935,3590.415913,24,8.177727586,15.16274864,53.93301556,0
0.02176,0.631946956,3590.403858,24,8.18145999,15.16672694,53.94347785,0
0.02177,0.6321127185,3590.391802,24,8.185192368,15.17070524,53.95393449,0
0.02178,0.632278481,3590.379747,24,8.188924722,15.17468354,53.96438547,0
0.02179,0.6324442435,3590.367691,24,8.19265705,15.17866184,53.97483081,0
0.0218,0.632610006,3590.355636,24,8.196389353,15.18264014,53.98527051,0
0.02181,0.6327757685,3590.34358,24,8.200121631,15.18661844,53.99570458,0
0.02182,0.632941531,3590.331525,24,8.203853883,15.19059675,54.00613301,0
0.02183,0.6331072936,3590.31947,24,8.207586111,15.19457505,54.01655582,0
0.02184,0.6332730561,3590.307414,24,8.211318312,15.19855335,54.026973,0
0.02185,0.6334388186,3590.295359,24,8.215050489,15.20253165,54.03738457,0
0.02186,0.6336045811,3590.283303,24,8.218782641,15.20650995,54.04779052,0
0.02187,0.6337703436,3590.271248,24,8.222514767,15.21048825,54.05819086,0
0.02188,0.6339361061,3590.259192,24,8.226246868,15.21446655,54.0685856,0
0.02189,0.6341018686,3590.247137,24,8.229978944,15.21844485,54.07897474,0
0.0219,0.6342676311,3590.235081,24,8.233710994,15.22242315,54.08935828,0
0.02191,0.6344333936,3590.223026,24,8.237443019,15.22640145,54.09973623,0
0.02192,0.6345991561,3590.21097,24,8.241175019,15.23037975,54.11010859,0
0.02193,0.6347649186,3590.198915,24,8.244906994,15.23435805,54.12047537,0
0.02194,0.6349306811,3590.18686,24,8.248638944,15.23833635,54.13083657,0
0.02195,0.6350964436,3590.174804,24,8.252370868,15.24231465,54.14119219,0
0.02196,0.6352622061,3590.162749,24,8.256102767,15.24629295,54.15154225,0
0.02197,0.6354279687,3590.150693,24,8.25983464,15.25027125,54.16188674,0
0.02198,0.6355937312,3590.138638,24,8.263566489,15.25424955,54.17222567,0
0.02199,0.6357594937,3590.126582,24,8.267298312,15.25822785,54.18255904,0
0.022,0.6359252562,3590.114527,24,8.27103011,15.26220615,54.19288686,0
0.02201,0.6360910187,3590.102471,24,8.274761883,15.26618445,54.20320913,0
0.02202,0.6362567812,3590.090416,24,8.27849363,15.27016275,54.21352586,0
0.02203,0.6364225437,3590.07836,24,8.282225353,15.27414105,54.22383705,0
0.02204,0.6365883062,3590.066305,24,8.28595705,15.27811935,54.2341427,0
0.02205,0.6367540687,3590.05425,24,8.289688721,15.28209765,54.24444282,0
0.02206,0.6369198312,3590.042194,24,8.293420368,15.28607595,54.25473742,0
0.02207,0.6370855937,3590.030139,24,8.297151989,15.29005425,54.26502649,0
0.02208,0.6372513562,3590.018083,24,8.300883585,15.29403255,54.27531005,0
0.02209,0.6374171187,3590.006028,24,8.304615156,15.29801085,54.28558809,0
0.0221,0.6375828813,3589.993972,24,8.308346701,15.30198915,54.29586062,0
0.02211,0.6377486438,3589.981917,24,8.312078222,15.30596745,54.30612765,0
0.02212,0.6379144063,3589.969861,24,8.315809717,15.30994575,54.31638918,0
0.02213,0.6380801688,3589.957806,24,8.319541186,15.31392405,54.32664521,0
0.02214,0.6382459313,3589.94575,24,8.323272631,15.31790235,54.33689575,0
0.02215,0.6384116938,3589.933695,24,8.32700405,15.32188065,54.3471408,0
0.02216,0.6385774563,3589.92164,24,8.330735444,15.32585895,54.35738036,0
0.02217,0.6387432188,3589.909584,24,8.334466813,15.32983725,54.36761445,0
0.02218,0.6389089813,3589.897529,24,8.338198156,15.33381555,54.37784306,0
0.02219,0.6390747438,3589.885473,24,8.341929475,15.33779385,54.38806621,0
0.0222,0.6392405063,3589.873418,24,8.345660768,15.34177215,54.39828388,0
0.02221,0.6394062688,3589.861362,24,8.349392036,15.34575045,54.4084961,0
0.02222,0.6395720313,3589.849307,24,8.353123278,15.34972875,54.41870285,0
0.02223,0.6397377939,3589.837251,24,8.356854495,15.35370705,54.42890415,0
0.02224,0.6399035564,3589.825196,24,8.360585687,15.35768535,54.4391,0
0.02225,0.6400693189,3589.81314,24,8.364316854,15.36166365,54.44929041,0
0.02226,0.6402350814,3589.801085,24,8.368047996,15.36564195,54.45947538,0
0.02227,0.6404008439,3589.78903,24,8.371779112,15.36962025,54.4696549,0
0.02228,0.6405666064,3589.776974,24,8.375510203,15.37359855,54.479829,0
0.02229,0.6407323689,3589.764919,24,8.379241269,15.37757685,54.48999767,0
0.0223,0.6408981314,3589.752863,24,8.382972309,15.38155515,54.50016091,0
0.02231,0.6410638939,3589.740808,24,8.386703324,15.38553345,54.51031873,0
0.02232,0.6412296564,3589.728752,24,8.390434315,15.38951175,54.52047114,0
0.02233,0.6413954189,3589.716697,24,8.394165279,15.39349005,54.53061814,0
0.02234,0.6415611814,3589.704641,24,8.397896219,15.39746835,54.54075972,0
0.02235,0.6417269439,3589.692586,24,8.401627133,15.40144665,54.55089591,0
0.02236,0.6418927064,3589.68053,24,8.405358022,15.40542495,54.5610267,0
0.02237,0.642058469,3589.668475,24,8.409088886,15.40940325,54.57115209,0
0.02238,0.6422242315,3589.65642,24,8.412819724,15.41338156,54.58127209,0
0.02239,0.642389994,3589.644364,24,8.416550538,15.41735986,54.5913867,0
0.0224,0.6425557565,3589.632309,24,8.420281326,15.42133816,54.60149593,0
0.02241,0.642721519,3589.620253,24,8.424012089,15.42531646,54.61159979,0
0.02242,0.6428872815,3589.608198,24,8.427742826,15.42929476,54.62169827,0
0.02243,0.643053044,3589.596142,24,8.431473538,15.43327306,54.63179138,0
0.02244,0.6432188065,3589.584087,24,8.435204225,15.43725136,54.64187912,0
0.02245,0.643384569,3589.572031,24,8.438934887,15.44122966,54.6519615,0
0.02246,0.6435503315,3589.559976,24,8.442665524,15.44520796,54.66203853,0
0.02247,0.643716094,3589.54792,24,8.446396135,15.44918626,54.6721102,0
0.02248,0.6438818565,3589.535865,24,8.450126721,15.45316456,54.68217652,0
0.02249,0.644047619,3589.52381,24,8.453857282,15.45714286,54.6922375,0
0.0225,0.6442133816,3589.511754,24,8.457587817,15.46112116,54.70229313,0
0.02251,0.6443791441,3589.499699,24,8.461318328,15.46509946,54.71234343,0
0.02252,0.6445449066,3589.487643,24,8.465048813,15.46907776,54.7223884,0
0.02253,0.6447106691,3589.475588,24,8.468779273,15.47305606,54.73242804,0
0.02254,0.6448764316,3589.463532,24,8.472509707,15.47703436,54.74246235,0
0.02255,0.6450421941,3589.451477,24,8.476240116,15.48101266,54.75249135,0
0.02256,0.6452079566,3589.439421,24,8.4799705,15.48499096,54.76251503,0
0.02257,0.6453737191,3589.427366,24,8.483700859,15.48896926,54.77253339,0
0.02258,0.6455394816,3589.41531,24,8.487431193,15.49294756,54.78254645,0
0.02259,0.6457052441,3589.403255,24,8.491161501,15.49692586,54.7925542,0
0.0226,0.6458710066,3589.3912,24,8.494891784,15.50090416,54.80255666,0
0.02261,0.6460367691,3589.379144,24,8.498622042,15.50488246,54.81255382,0
0.02262,0.6462025316,3589.367089,24,8.502352275,15.50886076,54.82254568,0
0.02263,0.6463682942,3589.355033,24,8.506082482,15.51283906,54.83253226,0
0.02264,0.6465340567,3589.342978,24,8.509812664,15.51681736,54.84251356,0
0.02265,0.6466998192,3589.330922,24,8.513542821,15.52079566,54.85248957,0
0.02266,0.6468655817,3589.318867,24,8.517272952,15.52477396,54.86246031,0
0.02267,0.6470313442,3589.306811,24,8.521003059,15.52875226,54.87242578,0
0.02268,0.6471971067,3589.294756,24,8.52473314,15.53273056,54.88238598,0
0.02269,0.6473628692,3589.2827,24,8.528463196,15.53670886,54.89234092,0
0.0227,0.6475286317,3589.270645,24,8.532193226,15.54068716,54.9022906,0
0.02271,0.6476943942,3589.25859,24,8.535923231,15.54466546,54.91223502,0
0.02272,0.6478601567,3589.246534,24,8.539653211,15.54864376,54.92217419,0
0.02273,0.6480259192,3589.234479,24,8.543383166,15.55262206,54.93210812,0
0.02274,0.6481916817,3589.222423,24,8.547113096,15.55660036,54.9420368,0
0.02275,0.6483574442,3589.210368,24,8.550843,15.56057866,54.95196025,0
0.02276,0.6485232068,3589.198312,24,8.554572879,15.56455696,54.96187845,0
0.02277,0.6486889693,3589.186257,24,8.558302733,15.56853526,54.97179143,0
0.02278,0.6488547318,3589.174201,24,8.562032562,15.57251356,54.98169918,0
0.02279,0.6490204943,3589.162146,24,8.565762365,15.57649186,54.99160171,0
0.0228,0.6491862568,3589.15009,24,8.569492143,15.58047016,55.00149901,0
0.02281,0.6493520193,3589.138035,24,8.573221896,15.58444846,55.01139111,0
0.02282,0.6495177818,3589.12598,24,8.576951623,15.58842676,55.02127799,0
0.02283,0.6496835443,3589.113924,24,8.580681326,15.59240506,55.03115966,0
0.02284,0.6498493068,3589.101869,24,8.584411003,15.59638336,55.04103614,0
0.02285,0.6500150693,3589.089813,24,8.588140655,15.60036166,55.05090741,0
0.02286,0.6501808318,3589.077758,24,8.591870281,15.60433996,55.06077349,0
0.02287,0.6503465943,3589.065702,24,8.595599883,15.60831826,55.07063437,0
0.02288,0.6505123568,3589.053647,24,8.599329459,15.61229656,55.08049007,0
0.02289,0.6506781193,3589.041591,24,8.60305901,15.61627486,55.09034059,0
0.0229,0.6508438819,3589.029536,24,8.606788535,15.62025316,55.10018592,0
0.02291,0.6510096444,3589.01748,24,8.610518036,15.62423146,55.11002608,0
0.02292,0.6511754069,3589.005425,24,8.614247511,15.62820976,55.11986107,0
0.02293,0.6513411694,3588.993369,24,8.61797696,15.63218807,55.1296909,0
0.02294,0.6515069319,3588.981314,24,8.621706385,15.63616637,55.13951555,0
0.02295,0.6516726944,3588.969259,24,8.625435784,15.64014467,55.14933505,0
0.02296,0.6518384569,3588.957203,24,8.629165159,15.64412297,55.1591494,0
0.02297,0.6520042194,3588.945148,24,8.632894507,15.64810127,55.16895859,0
0.02298,0.6521699819,3588.933092,24,8.636623831,15.65207957,55.17876263,0
0.02299,0.6523357444,3588.921037,24,8.640353129,15.65605787,55.18856153,0
0.023,0.6525015069,3588.908981,24,8.644082402,15.66003617,55.19835529,0
0.02301,0.6526672694,3588.896926,24,8.64781165,15.66401447,55.20814392,0
0.02302,0.6528330319,3588.88487,24,8.651540873,15.66799277,55.21792741,0
0.02303,0.6529987945,3588.872815,24,8.65527007,15.67197107,55.22770578,0
0.02304,0.653164557,3588.860759,24,8.658999242,15.67594937,55.23747902,0
0.02305,0.6533303195,3588.848704,24,8.662728389,15.67992767,55.24724714,0
0.02306,0.653496082,3588.836649,24,8.666457511,15.68390597,55.25701014,0
0.02307,0.6536618445,3588.824593,24,8.670186607,15.68788427,55.26676803,0
0.02308,0.653827607,3588.812538,24,8.673915678,15.69186257,55.27652081,0
0.02309,0.6539933695,3588.800482,24,8.677644724,15.69584087,55.28626849,0
0.0231,0.654159132,3588.788427,24,8.681373745,15.69981917,55.29601107,0
0.02311,0.6543248945,3588.776371,24,8.68510274,15.70379747,55.30574855,0
0.02312,0.654490657,3588.764316,24,8.68883171,15.70777577,55.31548093,0
0.02313,0.6546564195,3588.75226,24,8.692560655,15.71175407,55.32520823,0
0.02314,0.654822182,3588.740205,24,8.696289575,15.71573237,55.33493044,0
0.02315,0.6549879445,3588.728149,24,8.700018469,15.71971067,55.34464757,0
0.02316,0.6551537071,3588.716094,24,8.703747338,15.72368897,55.35435962,0
0.02317,0.6553194696,3588.704039,24,8.707476182,15.72766727,55.3640666,0
0.02318,0.6554852321,3588.691983,24,8.711205001,15.73164557,55.37376851,0
0.02319,0.6556509946,3588.679928,24,8.714933794,15.73562387,55.38346535,0
0.0232,0.6558167571,3588.667872,24,8.718662562,15.73960217,55.39315713,0
0.02321,0.6559825196,3588.655817,24,8.722391305,15.74358047,55.40284385,0
0.02322,0.6561482821,3588.643761,24,8.726120023,15.74755877,55.41252552,0
0.02323,0.6563140446,3588.631706,24,8.729848715,15.75153707,55.42220214,0
0.02324,0.6564798071,3588.61965,24,8.733577382,15.75551537,55.43187371,0
0.02325,0.6566455696,3588.607595,24,8.737306024,15.75949367,55.44154023,0
0.02326,0.6568113321,3588.595539,24,8.741034641,15.76347197,55.45120172,0
0.02327,0.6569770946,3588.583484,24,8.744763232,15.76745027,55.46085817,0
0.02328,0.6571428571,3588.571429,24,8.748491798,15.77142857,55.47050959,0
0.02329,0.6573086197,3588.559373,24,8.752220339,15.77540687,55.48015598,0
0.0233,0.6574743822,3588.547318,24,8.755948855,15.77938517,55.48979735,0
0.02331,0.6576401447,3588.535262,24,8.759677345,15.78336347,55.4994337,0
0.02332,0.6578059072,3588.523207,24,8.76340581,15.78734177,55.50906503,0
0.02333,0.6579716697,3588.511151,24,8.76713425,15.79132007,55.51869134,0
0.02334,0.6581374322,3588.499096,24,8.770862665,15.79529837,55.52831265,0
0.02335,0.6583031947,3588.48704,24,8.774591054,15.79927667,55.53792896,0
0.02336,0.6584689572,3588.474985,24,8.778319418,15.80325497,55.54754026,0
0.02337,0.6586347197,3588.462929,24,8.782047757,15.80723327,55.55714656,0
0.02338,0.6588004822,3588.450874,24,8.785776071,15.81121157,55.56674787,0
0.02339,0.6589662447,3588.438819,24,8.789504359,15.81518987,55.5763442,0
0.0234,0.6591320072,3588.426763,24,8.793232622,15.81916817,55.58593553,0
0.02341,0.6592977697,3588.414708,24,8.79696086,15.82314647,55.59552188,0
0.02342,0.6594635322,3588.402652,24,8.800689073,15.82712477,55.60510326,0
0.02343,0.6596292948,3588.390597,24,8.80441726,15.83110307,55.61467965,0
0.02344,0.6597950573,3588.378541,24,8.808145423,15.83508137,55.62425108,0
0.02345,0.6599608198,3588.366486,24,8.811873559,15.83905967,55.63381754,0
0.02346,0.6601265823,3588.35443,24,8.815601671,15.84303797,55.64337904,0
0.02347,0.6602923448,3588.342375,24,8.819329757,15.84701627,55.65293557,0
0.02348,0.6604581073,3588.330319,24,8.823057819,15.85099458,55.66248715,0
0.02349,0.6606238698,3588.318264,24,8.826785855,15.85497288,55.67203378,0
0.0235,0.6607896323,3588.306209,24,8.830513865,15.85895118,55.68157546,0
0.02351,0.6609553948,3588.294153,24,8.834241851,15.86292948,55.69111219,0
0.02352,0.6611211573,3588.282098,24,8.837969811,15.86690778,55.70064398,0
0.02353,0.6612869198,3588.270042,24,8.841697746,15.87088608,55.71017083,0
0.02354,0.6614526823,3588.257987,24,8.845425655,15.87486438,55.71969275,0
0.02355,0.6616184448,3588.245931,24,8.84915354,15.87884268,55.72920974,0
0.02356,0.6617842074,3588.233876,24,8.852881399,15.88282098,55.73872181,0
0.02357,0.6619499699,3588.22182,24,8.856609233,15.88679928,55.74822895,0
0.02358,0.6621157324,3588.209765,24,8.860337041,15.89077758,55.75773117,0
0.02359,0.6622814949,3588.197709,24,8.864064825,15.89475588,55.76722847,0
0.0236,0.6624472574,3588.185654,24,8.867792583,15.89873418,55.77672086,0
0.02361,0.6626130199,3588.173599,24,8.871520316,15.90271248,55.78620835,0
0.02362,0.6627787824,3588.161543,24,8.875248024,15.90669078,55.79569093,0
0.02363,0.6629445449,3588.149488,24,8.878975706,15.91066908,55.80516861,0
0.02364,0.6631103074,3588.137432,24,8.882703363,15.91464738,55.81464139,0
0.02365,0.6632760699,3588.125377,24,8.886430995,15.91862568,55.82410928,0
0.02366,0.6634418324,3588.113321,24,8.890158602,15.92260398,55.83357228,0
0.02367,0.6636075949,3588.101266,24,8.893886183,15.92658228,55.8430304,0
0.02368,0.6637733574,3588.08921,24,8.897613739,15.93056058,55.85248363,0
0.02369,0.66393912,3588.077155,24,8.90134127,15.93453888,55.86193198,0
0.0237,0.6641048825,3588.065099,24,8.905068776,15.93851718,55.87137546,0
0.02371,0.664270645,3588.053044,24,8.908796257,15.94249548,55.88081407,0
0.02372,0.6644364075,3588.040989,24,8.912523712,15.94647378,55.89024781,0
0.02373,0.66460217,3588.028933,24,8.916251142,15.95045208,55.89967668,0
0.02374,0.6647679325,3588.016878,24,8.919978546,15.95443038,55.90910069,0
0.02375,0.664933695,3588.004822,24,8.923705926,15.95840868,55.91851985,0
0.02376,0.6650994575,3587.992767,24,8.92743328,15.96238698,55.92793416,0
0.02377,0.66526522,3587.980711,24,8.931160609,15.96636528,55.93734361,0
0.02378,0.6654309825,3587.968656,24,8.934887913,15.97034358,55.94674822,0
0.02379,0.665596745,3587.9566,24,8.938615191,15.97432188,55.95614798,0
0.0238,0.6657625075,3587.944545,24,8.942342444,15.97830018,55.96554291,0
0.02381,0.66592827,3587.932489,24,8.946069672,15.98227848,55.974933,0
0.02382,0.6660940325,3587.920434,24,8.949796875,15.98625678,55.98431826,0
0.02383,0.6662597951,3587.908379,24,8.953524052,15.99023508,55.9936987,0
0.02384,0.6664255576,3587.896323,24,8.957251204,15.99421338,56.0030743,0
0.02385,0.6665913201,3587.884268,24,8.960978331,15.99819168,56.01244509,0
0.02386,0.6667570826,3587.872212,24,8.964705433,16.00216998,56.02181106,0
0.02387,0.6669228451,3587.860157,24,8.96843251,16.00614828,56.03117222,0
0.02388,0.6670886076,3587.848101,24,8.972159561,16.01012658,56.04052857,0
0.02389,0.6672543701,3587.836046,24,8.975886587,16.01410488,56.04988011,0
0.0239,0.6674201326,3587.82399,24,8.979613587,16.01808318,56.05922684,0
0.02391,0.6675858951,3587.811935,24,8.983340563,16.02206148,56.06856878,0
0.02392,0.6677516576,3587.799879,24,8.987067513,16.02603978,56.07790593,0
0.02393,0.6679174201,3587.787824,24,8.990794438,16.03001808,56.08723828,0
0.02394,0.6680831826,3587.775769,24,8.994521338,16.03399638,56.09656584,0
0.02395,0.6682489451,3587.763713,24,8.998248212,16.03797468,56.10588862,0
0.02396,0.6684147077,3587.751658,24,9.001975061,16.04195298,56.11520661,0
0.02397,0.6685804702,3587.739602,24,9.005701885,16.04593128,56.12451983,0
0.02398,0.6687462327,3587.727547,24,9.009428684,16.04990958,56.13382827,0
0.02399,0.6689119952,3587.715491,24,9.013155458,16.05388788,56.14313195,0
0.024,0.6690777577,3587.703436,24,9.016882206,16.05786618,56.15243085,0
0.02401,0.6692435202,3587.69138,24,9.020608929,16.06184448,56.161725,0
0.02402,0.6694092827,3587.679325,24,9.024335626,16.06582278,56.17101438,0
0.02403,0.6695750452,3587.667269,24,9.028062299,16.06980108,56.180299,0
0.02404,0.6697408077,3587.655214,24,9.031788946,16.07377939,56.18957888,0
0.02405,0.6699065702,3587.643159,24,9.035515568,16.07775769,56.198854,0
0.02406,0.6700723327,3587.631103,24,9.039242165,16.08173599,56.20812438,0
0.02407,0.6702380952,3587.619048,24,9.042968736,16.08571429,56.21739001,0
0.02408,0.6704038577,3587.606992,24,9.046695282,16.08969259,56.22665091,0
0.02409,0.6705696203,3587.594937,24,9.050421803,16.09367089,56.23590707,0
0.0241,0.6707353828,3587.582881,24,9.054148299,16.09764919,56.2451585,0
0.02411,0.6709011453,3587.570826,24,9.05787477,16.10162749,56.2544052,0
0.02412,0.6710669078,3587.55877,24,9.061601215,16.10560579,56.26364717,0
0.02413,0.6712326703,3587.546715,24,9.065327635,16.10958409,56.27288443,0
0.02414,0.6713984328,3587.534659,24,9.06905403,16.11356239,56.28211696,0
0.02415,0.6715641953,3587.522604,24,9.072780399,16.11754069,56.29134479,0
0.02416,0.6717299578,3587.510549,24,9.076506743,16.12151899,56.3005679,0
0.02417,0.6718957203,3587.498493,24,9.080233062,16.12549729,56.3097863,0
0.02418,0.6720614828,3587.486438,24,9.083959356,16.12947559,56.319,0
0.02419,0.6722272453,3587.474382,24,9.087685625,16.13345389,56.328209,0
0.0242,0.6723930078,3587.462327,24,9.091411868,16.13743219,56.3374133,0
0.02421,0.6725587703,3587.450271,24,9.095138086,16.14141049,56.34661291,0
0.02422,0.6727245329,3587.438216,24,9.098864278,16.14538879,56.35580783,0
0.02423,0.6728902954,3587.42616,24,9.102590446,16.14936709,56.36499806,0
0.02424,0.6730560579,3587.414105,24,9.106316588,16.15334539,56.37418361,0
0.02425,0.6732218204,3587.402049,24,9.110042705,16.15732369,56.38336448,0
0.02426,0.6733875829,3587.389994,24,9.113768797,16.16130199,56.39254067,0
0.02427,0.6735533454,3587.377939,24,9.117494863,16.16528029,56.40171219,0
0.02428,0.6737191079,3587.365883,24,9.121220905,16.16925859,56.41087904,0
0.02429,0.6738848704,3587.353828,24,9.124946921,16.17323689,56.42004123,0
0.0243,0.6740506329,3587.341772,24,9.128672911,16.17721519,56.42919875,0
0.02431,0.6742163954,3587.329717,24,9.132398877,16.18119349,56.43835161,0
0.02432,0.6743821579,3587.317661,24,9.136124817,16.18517179,56.44749982,0
0.02433,0.6745479204,3587.305606,24,9.139850732,16.18915009,56.45664338,0
0.02434,0.6747136829,3587.29355,24,9.143576622,16.19312839,56.46578228,0
0.02435,0.6748794454,3587.281495,24,9.147302486,16.19710669,56.47491655,0
0.02436,0.675045208,3587.269439,24,9.151028326,16.20108499,56.48404617,0
0.02437,0.6752109705,3587.257384,24,9.15475414,16.20506329,56.49317115,0
0.02438,0.675376733,3587.245329,24,9.158479928,16.20904159,56.50229149,0
0.02439,0.6755424955,3587.233273,24,9.162205692,16.21301989,56.51140721,0
0.0244,0.675708258,3587.221218,24,9.16593143,16.21699819,56.5205183,0
0.02441,0.6758740205,3587.209162,24,9.169657143,16.22097649,56.52962476,0
0.02442,0.676039783,3587.197107,24,9.173382831,16.22495479,56.5387266,0
0.02443,0.6762055455,3587.185051,24,9.177108493,16.22893309,56.54782382,0
0.02444,0.676371308,3587.172996,24,9.180834131,16.23291139,56.55691643,0
0.02445,0.6765370705,3587.16094,24,9.184559743,16.23688969,56.56600443,0
0.02446,0.676702833,3587.148885,24,9.18828533,16.24086799,56.57508782,0
0.02447,0.6768685955,3587.136829,24,9.192010891,16.24484629,56.5841666,0
0.02448,0.677034358,3587.124774,24,9.195736427,16.24882459,56.59324079,0
0.02449,0.6772001206,3587.112719,24,9.199461938,16.25280289,56.60231038,0
0.0245,0.6773658831,3587.100663,24,9.203187424,16.25678119,56.61137537,0
0.02451,0.6775316456,3587.088608,24,9.206912885,16.26075949,56.62043577,0
0.02452,0.6776974081,3587.076552,24,9.21063832,16.26473779,56.62949158,0
0.02453,0.6778631706,3587.064497,24,9.21436373,16.26871609,56.63854281,0
0.02454,0.6780289331,3587.052441,24,9.218089115,16.27269439,56.64758946,0
0.02455,0.6781946956,3587.040386,24,9.221814474,16.27667269,56.65663153,0
0.02456,0.6783604581,3587.02833,24,9.225539808,16.28065099,56.66566903,0
0.02457,0.6785262206,3587.016275,24,9.229265118,16.28462929,56.67470196,0
0.02458,0.6786919831,3587.004219,24,9.232990401,16.28860759,56.68373032,0
0.02459,0.6788577456,3586.992164,24,9.23671566,16.2925859,56.69275411,0
0.0246,0.6790235081,3586.980108,24,9.240440893,16.2965642,56.70177335,0
0.02461,0.6791892706,3586.968053,24,9.244166101,16.3005425,56.71078802,0
0.02462,0.6793550332,3586.955998,24,9.247891284,16.3045208,56.71979815,0
0.02463,0.6795207957,3586.943942,24,9.251616441,16.3084991,56.72880372,0
0.02464,0.6796865582,3586.931887,24,9.255341574,16.3124774,56.73780474,0
0.02465,0.6798523207,3586.919831,24,9.259066681,16.3164557,56.74680122,0
0.02466,0.6800180832,3586.907776,24,9.262791763,16.320434,56.75579316,0
0.02467,0.6801838457,3586.89572,24,9.266516819,16.3244123,56.76478057,0
0.02468,0.6803496082,3586.883665,24,9.27024185,16.3283906,56.77376344,0
0.02469,0.6805153707,3586.871609,24,9.273966856,16.3323689,56.78274177,0
0.0247,0.6806811332,3586.859554,24,9.277691837,16.3363472,56.79171559,0
0.02471,0.6808468957,3586.847498,24,9.281416793,16.3403255,56.80068487,0
0.02472,0.6810126582,3586.835443,24,9.285141723,16.3443038,56.80964964,0
0.02473,0.6811784207,3586.823388,24,9.288866628,16.3482821,56.81860989,0
0.02474,0.6813441832,3586.811332,24,9.292591508,16.3522604,56.82756562,0
0.02475,0.6815099458,3586.799277,24,9.296316362,16.3562387,56.83651684,0
0.02476,0.6816757083,3586.787221,24,9.300041192,16.360217,56.84546356,0
0.02477,0.6818414708,3586.775166,24,9.303765996,16.3641953,56.85440577,0
0.02478,0.6820072333,3586.76311,24,9.307490775,16.3681736,56.86334348,0
0.02479,0.6821729958,3586.751055,24,9.311215528,16.3721519,56.87227669,0
0.0248,0.6823387583,3586.738999,24,9.314940256,16.3761302,56.88120541,0
0.02481,0.6825045208,3586.726944,24,9.318664959,16.3801085,56.89012964,0
0.02482,0.6826702833,3586.714888,24,9.322389637,16.3840868,56.89904937,0
0.02483,0.6828360458,3586.702833,24,9.32611429,16.3880651,56.90796463,0
0.02484,0.6830018083,3586.690778,24,9.329838917,16.3920434,56.9168754,0
0.02485,0.6831675708,3586.678722,24,9.333563519,16.3960217,56.92578169,0
0.02486,0.6833333333,3586.666667,24,9.337288096,16.4,56.93468351,0
0.02487,0.6834990958,3586.654611,24,9.341012648,16.4039783,56.94358086,0
0.02488,0.6836648583,3586.642556,24,9.344737174,16.4079566,56.95247374,0
0.02489,0.6838306209,3586.6305,24,9.348461675,16.4119349,56.96136215,0
0.0249,0.6839963834,3586.618445,24,9.352186151,16.4159132,56.9702461,0
0.02491,0.6841621459,3586.606389,24,9.355910601,16.4198915,56.9791256,0
0.02492,0.6843279084,3586.594334,24,9.359635027,16.4238698,56.98800064,0
0.02493,0.6844936709,3586.582278,24,9.363359427,16.4278481,56.99687122,0
0.02494,0.6846594334,3586.570223,24,9.367083802,16.4318264,57.00573736,0
0.02495,0.6848251959,3586.558168,24,9.370808151,16.4358047,57.01459905,0
0.02496,0.6849909584,3586.546112,24,9.374532475,16.439783,57.0234563,0
0.02497,0.6851567209,3586.534057,24,9.378256775,16.4437613,57.03230911,0
0.02498,0.6853224834,3586.522001,24,9.381981048,16.4477396,57.04115748,0
0.02499,0.6854882459,3586.509946,24,9.385705297,16.4517179,57.05000142,0
0.025,0.6856540084,3586.49789,24,9.38942952,16.4556962,57.05884093,0
0.02501,0.6858197709,3586.485835,24,9.393153718,16.4596745,57.06767601,0
0.02502,0.6859855335,3586.473779,24,9.396877891,16.4636528,57.07650668,0
0.02503,0.686151296,3586.461724,24,9.400602039,16.4676311,57.08533292,0
0.02504,0.6863170585,3586.449668,24,9.404326161,16.4716094,57.09415474,0
0.02505,0.686482821,3586.437613,24,9.408050258,16.4755877,57.10297215,0
0.02506,0.6866485835,3586.425558,24,9.41177433,16.479566,57.11178515,0
0.02507,0.686814346,3586.413502,24,9.415498377,16.4835443,57.12059374,0
0.02508,0.6869801085,3586.401447,24,9.419222398,16.4875226,57.12939793,0
0.02509,0.687145871,3586.389391,24,9.422946394,16.4915009,57.13819772,0
0.0251,0.6873116335,3586.377336,24,9.426670365,16.4954792,57.14699311,0
0.02511,0.687477396,3586.36528,24,9.43039431,16.4994575,57.15578411,0
0.02512,0.6876431585,3586.353225,24,9.434118231,16.5034358,57.16457071,0
0.02513,0.687808921,3586.341169,24,9.437842126,16.5074141,57.17335293,0
0.02514,0.6879746835,3586.329114,24,9.441565996,16.51139241,57.18213076,0
0.02515,0.6881404461,3586.317058,24,9.44528984,16.51537071,57.19090421,0
0.02516,0.6883062086,3586.305003,24,9.44901366,16.51934901,57.19967328,0
0.02517,0.6884719711,3586.292948,24,9.452737454,16.52332731,57.20843798,0
0.02518,0.6886377336,3586.280892,24,9.456461223,16.52730561,57.2171983,0
0.02519,0.6888034961,3586.268837,24,9.460184966,16.53128391,57.22595426,0
0.0252,0.6889692586,3586.256781,24,9.463908684,16.53526221,57.23470585,0
0.02521,0.6891350211,3586.244726,24,9.467632378,16.53924051,57.24345307,0
0.02522,0.6893007836,3586.23267,24,9.471356045,16.54321881,57.25219594,0
0.02523,0.6894665461,3586.220615,24,9.475079688,16.54719711,57.26093445,0
0.02524,0.6896323086,3586.208559,24,9.478803305,16.55117541,57.2696686,0
0.02525,0.6897980711,3586.196504,24,9.482526897,16.55515371,57.27839841,0
0.02526,0.6899638336,3586.184448,24,9.486250464,16.55913201,57.28712387,0
0.02527,0.6901295961,3586.172393,24,9.489974006,16.56311031,57.29584498,0
0.02528,0.6902953586,3586.160338,24,9.493697522,16.56708861,57.30456176,0
0.02529,0.6904611212,3586.148282,24,9.497421013,16.57106691,57.31327419,0
0.0253,0.6906268837,3586.136227,24,9.501144479,16.57504521,57.32198229,0
0.02531,0.6907926462,3586.124171,24,9.50486792,16.57902351,57.33068606,0
0.02532,0.6909584087,3586.112116,24,9.508591335,16.58300181,57.33938551,0
0.02533,0.6911241712,3586.10006,24,9.512314725,16.58698011,57.34808062,0
0.02534,0.6912899337,3586.088005,24,9.51603809,16.59095841,57.35677142,0
0.02535,0.6914556962,3586.075949,24,9.51976143,16.59493671,57.36545789,0
0.02536,0.6916214587,3586.063894,24,9.523484744,16.59891501,57.37414005,0
0.02537,0.6917872212,3586.051838,24,9.527208033,16.60289331,57.3828179,0
0.02538,0.6919529837,3586.039783,24,9.530931297,16.60687161,57.39149143,0
0.02539,0.6921187462,3586.027728,24,9.534654536,16.61084991,57.40016066,0
0.0254,0.6922845087,3586.015672,24,9.538377749,16.61482821,57.40882559,0
0.02541,0.6924502712,3586.003617,24,9.542100937,16.61880651,57.41748622,0
0.02542,0.6926160338,3585.991561,24,9.5458241,16.62278481,57.42614255,0
0.02543,0.6927817963,3585.979506,24,9.549547238,16.62676311,57.43479458,0
0.02544,0.6929475588,3585.96745,24,9.55327035,16.63074141,57.44344232,0
0.02545,0.6931133213,3585.955395,24,9.556993437,16.63471971,57.45208578,0
0.02546,0.6932790838,3585.943339,24,9.560716499,16.63869801,57.46072495,0
0.02547,0.6934448463,3585.931284,24,9.564439536,16.64267631,57.46935984,0
0.02548,0.6936106088,3585.919228,24,9.568162547,16.64665461,57.47799045,0
0.02549,0.6937763713,3585.907173,24,9.571885533,16.65063291,57.48661678,0
0.0255,0.6939421338,3585.895118,24,9.575608494,16.65461121,57.49523884,0
0.02551,0.6941078963,3585.883062,24,9.57933143,16.65858951,57.50385663,0
0.02552,0.6942736588,3585.871007,24,9.58305434,16.66256781,57.51247016,0
0.02553,0.6944394213,3585.858951,24,9.586777225,16.66654611,57.52107942,0
0.02554,0.6946051838,3585.846896,24,9.590500085,16.67052441,57.52968442,0
0.02555,0.6947709464,3585.83484,24,9.59422292,16.67450271,57.53828516,0
0.02556,0.6949367089,3585.822785,24,9.597945729,16.67848101,57.54688165,0
0.02557,0.6951024714,3585.810729,24,9.601668513,16.68245931,57.55547389,0
0.02558,0.6952682339,3585.798674,24,9.605391272,16.68643761,57.56406187,0
0.02559,0.6954339964,3585.786618,24,9.609114006,16.69041591,57.57264562,0
0.0256,0.6955997589,3585.774563,24,9.612836714,16.69439421,57.58122512,0
0.02561,0.6957655214,3585.762508,24,9.616559397,16.69837251,57.58980038,0
0.02562,0.6959312839,3585.750452,24,9.620282055,16.70235081,57.59837141,0
0.02563,0.6960970464,3585.738397,24,9.624004688,16.70632911,57.6069382,0
0.02564,0.6962628089,3585.726341,24,9.627727295,16.71030741,57.61550076,0
0.02565,0.6964285714,3585.714286,24,9.631449877,16.71428571,57.6240591,0
0.02566,0.6965943339,3585.70223,24,9.635172434,16.71826401,57.63261321,0
0.02567,0.6967600964,3585.690175,24,9.638894966,16.72224231,57.6411631,0
0.02568,0.696925859,3585.678119,24,9.642617472,16.72622061,57.64970877,0
0.02569,0.6970916215,3585.666064,24,9.646339954,16.73019892,57.65825023,0
0.0257,0.697257384,3585.654008,24,9.650062409,16.73417722,57.66678747,0
0.02571,0.6974231465,3585.641953,24,9.65378484,16.73815552,57.67532051,0
0.02572,0.697588909,3585.629898,24,9.657507246,16.74213382,57.68384933,0
0.02573,0.6977546715,3585.617842,24,9.661229626,16.74611212,57.69237396,0
0.02574,0.697920434,3585.605787,24,9.664951981,16.75009042,57.70089439,0
0.02575,0.6980861965,3585.593731,24,9.66867431,16.75406872,57.70941062,0
0.02576,0.698251959,3585.581676,24,9.672396615,16.75804702,57.71792265,0
0.02577,0.6984177215,3585.56962,24,9.676118894,16.76202532,57.72643049,0
0.02578,0.698583484,3585.557565,24,9.679841148,16.76600362,57.73493415,0
0.02579,0.6987492465,3585.545509,24,9.683563376,16.76998192,57.74343362,0
0.0258,0.698915009,3585.533454,24,9.68728558,16.77396022,57.75192891,0
0.02581,0.6990807715,3585.521398,24,9.691007758,16.77793852,57.76042002,0
0.02582,0.6992465341,3585.509343,24,9.694729911,16.78191682,57.76890695,0
0.02583,0.6994122966,3585.497288,24,9.698452039,16.78589512,57.77738971,0
0.02584,0.6995780591,3585.485232,24,9.702174141,16.78987342,57.7858683,0
0.02585,0.6997438216,3585.473177,24,9.705896218,16.79385172,57.79434272,0
0.02586,0.6999095841,3585.461121,24,9.70961827,16.79783002,57.80281298,0
0.02587,0.7000753466,3585.449066,24,9.713340297,16.80180832,57.81127908,0
0.02588,0.7002411091,3585.43701,24,9.717062298,16.80578662,57.81974101,0
0.02589,0.7004068716,3585.424955,24,9.720784274,16.80976492,57.8281988,0
0.0259,0.7005726341,3585.412899,24,9.724506225,16.81374322,57.83665243,0
0.02591,0.7007383966,3585.400844,24,9.728228151,16.81772152,57.84510191,0
0.02592,0.7009041591,3585.388788,24,9.731950051,16.82169982,57.85354724,0
0.02593,0.7010699216,3585.376733,24,9.735671927,16.82567812,57.86198843,0
0.02594,0.7012356841,3585.364678,24,9.739393776,16.82965642,57.87042548,0
0.02595,0.7014014467,3585.352622,24,9.743115601,16.83363472,57.87885839,0
0.02596,0.7015672092,3585.340567,24,9.746837401,16.83761302,57.88728717,0
0.02597,0.7017329717,3585.328511,24,9.750559175,16.84159132,57.89571181,0
0.02598,0.7018987342,3585.316456,24,9.754280924,16.84556962,57.90413232,0
0.02599,0.7020644967,3585.3044,24,9.758002647,16.84954792,57.91254871,0
0.026,0.7022302592,3585.292345,24,9.761724346,16.85352622,57.92096098,0
0.02601,0.7023960217,3585.280289,24,9.765446019,16.85750452,57.92936912,0
0.02602,0.7025617842,3585.268234,24,9.769167667,16.86148282,57.93777315,0
0.02603,0.7027275467,3585.256178,24,9.77288929,16.86546112,57.94617307,0
0.02604,0.7028933092,3585.244123,24,9.776610887,16.86943942,57.95456887,0
0.02605,0.7030590717,3585.232068,24,9.780332459,16.87341772,57.96296056,0
0.02606,0.7032248342,3585.220012,24,9.784054006,16.87739602,57.97134815,0
0.02607,0.7033905967,3585.207957,24,9.787775528,16.88137432,57.97973163,0
0.02608,0.7035563593,3585.195901,24,9.791497024,16.88535262,57.98811102,0
0.02609,0.7037221218,3585.183846,24,9.795218496,16.88933092,57.99648631,0
0.0261,0.7038878843,3585.17179,24,9.798939942,16.89330922,58.0048575,0
0.02611,0.7040536468,3585.159735,24,9.802661362,16.89728752,58.0132246,0
0.02612,0.7042194093,3585.147679,24,9.806382758,16.90126582,58.02158762,0
0.02613,0.7043851718,3585.135624,24,9.810104128,16.90524412,58.02994655,0
0.02614,0.7045509343,3585.123568,24,9.813825473,16.90922242,58.03830139,0
0.02615,0.7047166968,3585.111513,24,9.817546793,16.91320072,58.04665216,0
0.02616,0.7048824593,3585.099458,24,9.821268087,16.91717902,58.05499885,0
0.02617,0.7050482218,3585.087402,24,9.824989356,16.92115732,58.06334146,0
0.02618,0.7052139843,3585.075347,24,9.8287106,16.92513562,58.07168001,0
0.02619,0.7053797468,3585.063291,24,9.832431819,16.92911392,58.08001448,0
0.0262,0.7055455093,3585.051236,24,9.836153012,16.93309222,58.08834489,0
0.02621,0.7057112719,3585.03918,24,9.839874181,16.93707052,58.09667124,0
0.02622,0.7058770344,3585.027125,24,9.843595323,16.94104882,58.10499353,0
0.02623,0.7060427969,3585.015069,24,9.847316441,16.94502712,58.11331176,0
0.02624,0.7062085594,3585.003014,24,9.851037534,16.94900542,58.12162594,0
0.02625,0.7063743219,3584.990958,24,9.854758601,16.95298373,58.12993607,0
0.02626,0.7065400844,3584.978903,24,9.858479643,16.95696203,58.13824215,0
0.02627,0.7067058469,3584.966847,24,9.86220066,16.96094033,58.14654418,0
0.02628,0.7068716094,3584.954792,24,9.865921651,16.96491863,58.15484217,0
0.02629,0.7070373719,3584.942737,24,9.869642617,16.96889693,58.16313612,0
0.0263,0.7072031344,3584.930681,24,9.873363558,16.97287523,58.17142604,0
0.02631,0.7073688969,3584.918626,24,9.877084474,16.97685353,58.17971192,0
0.02632,0.7075346594,3584.90657,24,9.880805364,16.98083183,58.18799376,0
0.02633,0.7077004219,3584.894515,24,9.88452623,16.98481013,58.19627159,0
0.02634,0.7078661844,3584.882459,24,9.88824707,16.98878843,58.20454538,0
0.02635,0.708031947,3584.870404,24,9.891967884,16.99276673,58.21281515,0
0.02636,0.7081977095,3584.858348,24,9.895688674,16.99674503,58.22108091,0
0.02637,0.708363472,3584.846293,24,9.899409438,17.00072333,58.22934264,0
0.02638,0.7085292345,3584.834237,24,9.903130177,17.00470163,58.23760036,0
0.02639,0.708694997,3584.822182,24,9.906850891,17.00867993,58.24585407,0
0.0264,0.7088607595,3584.810127,24,9.910571579,17.01265823,58.25410378,0
0.02641,0.709026522,3584.798071,24,9.914292242,17.01663653,58.26234947,0
0.02642,0.7091922845,3584.786016,24,9.91801288,17.02061483,58.27059117,0
0.02643,0.709358047,3584.77396,24,9.921733493,17.02459313,58.27882886,0
0.02644,0.7095238095,3584.761905,24,9.925454081,17.02857143,58.28706255,0
0.02645,0.709689572,3584.749849,24,9.929174643,17.03254973,58.29529226,0
0.02646,0.7098553345,3584.737794,24,9.93289518,17.03652803,58.30351796,0
0.02647,0.710021097,3584.725738,24,9.936615692,17.04050633,58.31173968,0
0.02648,0.7101868596,3584.713683,24,9.940336178,17.04448463,58.31995742,0
0.02649,0.7103526221,3584.701627,24,9.944056639,17.04846293,58.32817117,0
0.0265,0.7105183846,3584.689572,24,9.947777075,17.05244123,58.33638094,0
0.02651,0.7106841471,3584.677517,24,9.951497486,17.05641953,58.34458673,0
0.02652,0.7108499096,3584.665461,24,9.955217872,17.06039783,58.35278855,0
0.02653,0.7110156721,3584.653406,24,9.958938232,17.06437613,58.3609864,0
0.02654,0.7111814346,3584.64135,24,9.962658567,17.06835443,58.36918027,0
0.02655,0.7113471971,3584.629295,24,9.966378877,17.07233273,58.37737018,0
0.02656,0.7115129596,3584.617239,24,9.970099161,17.07631103,58.38555613,0
0.02657,0.7116787221,3584.605184,24,9.97381942,17.08028933,58.39373811,0
0.02658,0.7118444846,3584.593128,24,9.977539654,17.08426763,58.40191614,0
0.02659,0.7120102471,3584.581073,24,9.981259863,17.08824593,58.41009021,0
0.0266,0.7121760096,3584.569017,24,9.984980047,17.09222423,58.41826032,0
0.02661,0.7123417722,3584.556962,24,9.988700205,17.09620253,58.42642649,0
0.02662,0.7125075347,3584.544907,24,9.992420338,17.10018083,58.43458871,0
0.02663,0.7126732972,3584.532851,24,9.996140446,17.10415913,58.44274699,0
0.02664,0.7128390597,3584.520796,24,9.999860528,17.10813743,58.45090132,0
0.02665,0.7130048222,3584.50874,24,10.00358059,17.11211573,58.45905171,0
0.02666,0.7131705847,3584.496685,24,10.00730062,17.11609403,58.46719817,0
0.02667,0.7133363472,3584.484629,24,10.01102062,17.12007233,58.4753407,0
0.02668,0.7135021097,3584.472574,24,10.01474061,17.12405063,58.48347929,0
0.02669,0.7136678722,3584.460518,24,10.01846056,17.12802893,58.49161396,0
0.0267,0.7138336347,3584.448463,24,10.02218049,17.13200723,58.4997447,0
0.02671,0.7139993972,3584.436407,24,10.0259004,17.13598553,58.50787151,0
0.02672,0.7141651597,3584.424352,24,10.02962028,17.13996383,58.51599441,0
0.02673,0.7143309222,3584.412297,24,10.03334013,17.14394213,58.52411339,0
0.02674,0.7144966847,3584.400241,24,10.03705996,17.14792043,58.53222846,0
0.02675,0.7146624473,3584.388186,24,10.04077977,17.15189873,58.54033961,0
0.02676,0.7148282098,3584.37613,24,10.04449955,17.15587703,58.54844686,0
0.02677,0.7149939723,3584.364075,24,10.0482193,17.15985533,58.5565502,0
0.02678,0.7151597348,3584.352019,24,10.05193903,17.16383363,58.56464963,0
0.02679,0.7153254973,3584.339964,24,10.05565874,17.16781193,58.57274517,0
0.0268,0.7154912598,3584.327908,24,10.05937841,17.17179024,58.58083681,0
0.02681,0.7156570223,3584.315853,24,10.06309807,17.17576854,58.58892455,0
0.02682,0.7158227848,3584.303797,24,10.0668177,17.17974684,58.5970084,0
0.02683,0.7159885473,3584.291742,24,10.0705373,17.18372514,58.60508836,0
0.02684,0.7161543098,3584.279687,24,10.07425688,17.18770344,58.61316443,0
0.02685,0.7163200723,3584.267631,24,10.07797643,17.19168174,58.62123661,0
0.02686,0.7164858348,3584.255576,24,10.08169596,17.19566004,58.62930492,0
0.02687,0.7166515973,3584.24352,24,10.08541546,17.19963834,58.63736934,0
0.02688,0.7168173599,3584.231465,24,10.08913493,17.20361664,58.64542989,0
0.02689,0.7169831224,3584.219409,24,10.09285438,17.20759494,58.65348657,0
0.0269,0.7171488849,3584.207354,24,10.09657381,17.21157324,58.66153937,0
0.02691,0.7173146474,3584.195298,24,10.10029321,17.21555154,58.66958831,0
0.02692,0.7174804099,3584.183243,24,10.10401259,17.21952984,58.67763338,0
0.02693,0.7176461724,3584.171187,24,10.10773194,17.22350814,58.68567458,0
0.02694,0.7178119349,3584.159132,24,10.11145126,17.22748644,58.69371193,0
0.02695,0.7179776974,3584.147077,24,10.11517056,17.23146474,58.70174542,0
0.02696,0.7181434599,3584.135021,24,10.11888984,17.23544304,58.70977505,0
0.02697,0.7183092224,3584.122966,24,10.12260909,17.23942134,58.71780083,0
0.02698,0.7184749849,3584.11091,24,10.12632831,17.24339964,58.72582276,0
0.02699,0.7186407474,3584.098855,24,10.13004751,17.24737794,58.73384085,0
0.027,0.7188065099,3584.086799,24,10.13376668,17.25135624,58.74185509,0
0.02701,0.7189722725,3584.074744,24,10.13748583,17.25533454,58.74986549,0
0.02702,0.719138035,3584.062688,24,10.14120495,17.25931284,58.75787205,0
0.02703,0.7193037975,3584.050633,24,10.14492405,17.26329114,58.76587477,0
0.02704,0.71946956,3584.038577,24,10.14864312,17.26726944,58.77387366,0
0.02705,0.7196353225,3584.026522,24,10.15236217,17.27124774,58.78186871,0
0.02706,0.719801085,3584.014467,24,10.15608119,17.27522604,58.78985994,0
0.02707,0.7199668475,3584.002411,24,10.15980019,17.27920434,58.79784735,0
0.02708,0.72013261,3583.990356,24,10.16351916,17.28318264,58.80583093,0
0.02709,0.7202983725,3583.9783,24,10.16723811,17.28716094,58.81381069,0
0.0271,0.720464135,3583.966245,24,10.17095703,17.29113924,58.82178663,0
0.02711,0.7206298975,3583.954189,24,10.17467593,17.29511754,58.82975875,0
0.02712,0.72079566,3583.942134,24,10.1783948,17.29909584,58.83772707,0
0.02713,0.7209614225,3583.930078,24,10.18211364,17.30307414,58.84569157,0
0.02714,0.7211271851,3583.918023,24,10.18583246,17.30705244,58.85365227,0
0.02715,0.7212929476,3583.905967,24,10.18955126,17.31103074,58.86160916,0
0.02716,0.7214587101,3583.893912,24,10.19327003,17.31500904,58.86956225,0
0.02717,0.7216244726,3583.881857,24,10.19698877,17.31898734,58.87751153,0
0.02718,0.7217902351,3583.869801,24,10.20070749,17.32296564,58.88545703,0
0.02719,0.7219559976,3583.857746,24,10.20442618,17.32694394,58.89339873,0
0.0272,0.7221217601,3583.84569,24,10.20814485,17.33092224,58.90133663,0
0.02721,0.7222875226,3583.833635,24,10.21186349,17.33490054,58.90927075,0
0.02722,0.7224532851,3583.821579,24,10.21558211,17.33887884,58.91720108,0
0.02723,0.7226190476,3583.809524,24,10.21930071,17.34285714,58.92512763,0
0.02724,0.7227848101,3583.797468,24,10.22301927,17.34683544,58.93305039,0
0.02725,0.7229505726,3583.785413,24,10.22673782,17.35081374,58.94096938,0
0.02726,0.7231163351,3583.773357,24,10.23045633,17.35479204,58.94888459,0
0.02727,0.7232820976,3583.761302,24,10.23417482,17.35877034,58.95679603,0
0.02728,0.7234478602,3583.749247,24,10.23789329,17.36274864,58.96470369,0
0.02729,0.7236136227,3583.737191,24,10.24161173,17.36672694,58.97260759,0
0.0273,0.7237793852,3583.725136,24,10.24533015,17.37070524,58.98050772,0
0.02731,0.7239451477,3583.71308,24,10.24904854,17.37468354,58.98840409,0
0.02732,0.7241109102,3583.701025,24,10.2527669,17.37866184,58.9962967,0
0.02733,0.7242766727,3583.688969,24,10.25648525,17.38264014,59.00418555,0
0.02734,0.7244424352,3583.676914,24,10.26020356,17.38661844,59.01207065,0
0.02735,0.7246081977,3583.664858,24,10.26392185,17.39059675,59.01995199,0
0.02736,0.7247739602,3583.652803,24,10.26764011,17.39457505,59.02782958,0
0.02737,0.7249397227,3583.640747,24,10.27135835,17.39855335,59.03570343,0
0.02738,0.7251054852,3583.628692,24,10.27507657,17.40253165,59.04357353,0
0.02739,0.7252712477,3583.616637,24,10.27879476,17.40650995,59.05143989,0
0.0274,0.7254370102,3583.604581,24,10.28251292,17.41048825,59.0593025,0
0.02741,0.7256027728,3583.592526,24,10.28623106,17.41446655,59.06716138,0
0.02742,0.7257685353,3583.58047,24,10.28994917,17.41844485,59.07501653,0
0.02743,0.7259342978,3583.568415,24,10.29366726,17.42242315,59.08286794,0
0.02744,0.7261000603,3583.556359,24,10.29738532,17.42640145,59.09071562,0
0.02745,0.7262658228,3583.544304,24,10.30110336,17.43037975,59.09855958,0
0.02746,0.7264315853,3583.532248,24,10.30482137,17.43435805,59.10639981,0
0.02747,0.7265973478,3583.520193,24,10.30853936,17.43833635,59.11423632,0
0.02748,0.7267631103,3583.508137,24,10.31225732,17.44231465,59.12206911,0
0.02749,0.7269288728,3583.496082,24,10.31597526,17.44629295,59.12989818,0
0.0275,0.7270946353,3583.484027,24,10.31969317,17.45027125,59.13772354,0
0.02751,0.7272603978,3583.471971,24,10.32341105,17.45424955,59.14554519,0
0.02752,0.7274261603,3583.459916,24,10.32712891,17.45822785,59.15336312,0
0.02753,0.7275919228,3583.44786,24,10.33084675,17.46220615,59.16117735,0
0.02754,0.7277576854,3583.435805,24,10.33456456,17.46618445,59.16898788,0
0.02755,0.7279234479,3583.423749,24,10.33828234,17.47016275,59.17679471,0
0.02756,0.7280892104,3583.411694,24,10.3420001,17.47414105,59.18459783,0
0.02757,0.7282549729,3583.399638,24,10.34571784,17.47811935,59.19239726,0
0.02758,0.7284207354,3583.387583,24,10.34943555,17.48209765,59.20019299,0
0.02759,0.7285864979,3583.375527,24,10.35315323,17.48607595,59.20798504,0
0.0276,0.7287522604,3583.363472,24,10.35687089,17.49005425,59.21577339,0
0.02761,0.7289180229,3583.351417,24,10.36058852,17.49403255,59.22355806,0
0.02762,0.7290837854,3583.339361,24,10.36430613,17.49801085,59.23133904,0
0.02763,0.7292495479,3583.327306,24,10.36802371,17.50198915,59.23911634,0
0.02764,0.7294153104,3583.31525,24,10.37174127,17.50596745,59.24688996,0
0.02765,0.7295810729,3583.303195,24,10.3754588,17.50994575,59.25465991,0
0.02766,0.7297468354,3583.291139,24,10.37917631,17.51392405,59.26242618,0
0.02767,0.729912598,3583.279084,24,10.38289379,17.51790235,59.27018878,0
0.02768,0.7300783605,3583.267028,24,10.38661125,17.52188065,59.27794771,0
0.02769,0.730244123,3583.254973,24,10.39032868,17.52585895,59.28570297,0
0.0277,0.7304098855,3583.242917,24,10.39404609,17.52983725,59.29345457,0
0.02771,0.730575648,3583.230862,24,10.39776347,17.53381555,59.30120251,0
0.02772,0.7307414105,3583.218807,24,10.40148082,17.53779385,59.30894679,0
0.02773,0.730907173,3583.206751,24,10.40519815,17.54177215,59.31668741,0
0.02774,0.7310729355,3583.194696,24,10.40891546,17.54575045,59.32442438,0
0.02775,0.731238698,3583.18264,24,10.41263274,17.54972875,59.3321577,0
0.02776,0.7314044605,3583.170585,24,10.41634999,17.55370705,59.33988737,0
0.02777,0.731570223,3583.158529,24,10.42006722,17.55768535,59.34761339,0
0.02778,0.7317359855,3583.146474,24,10.42378443,17.56166365,59.35533577,0
0.02779,0.731901748,3583.134418,24,10.42750161,17.56564195,59.3630545,0
0.0278,0.7320675105,3583.122363,24,10.43121876,17.56962025,59.3707696,0
0.02781,0.7322332731,3583.110307,24,10.43493589,17.57359855,59.37848106,0
0.02782,0.7323990356,3583.098252,24,10.43865299,17.57757685,59.38618888,0
0.02783,0.7325647981,3583.086197,24,10.44237007,17.58155515,59.39389308,0
0.02784,0.7327305606,3583.074141,24,10.44608712,17.58553345,59.40159364,0
0.02785,0.7328963231,3583.062086,24,10.44980415,17.58951175,59.40929058,0
0.02786,0.7330620856,3583.05003,24,10.45352115,17.59349005,59.41698389,0
0.02787,0.7332278481,3583.037975,24,10.45723813,17.59746835,59.42467358,0
0.02788,0.7333936106,3583.025919,24,10.46095508,17.60144665,59.43235965,0
0.02789,0.7335593731,3583.013864,24,10.46467201,17.60542495,59.44004211,0
0.0279,0.7337251356,3583.001808,24,10.46838891,17.60940325,59.44772095,0
0.02791,0.7338908981,3582.989753,24,10.47210578,17.61338156,59.45539618,0
0.02792,0.7340566606,3582.977697,24,10.47582263,17.61735986,59.46306779,0
0.02793,0.7342224231,3582.965642,24,10.47953946,17.62133816,59.4707358,0
0.02794,0.7343881857,3582.953586,24,10.48325626,17.62531646,59.47840021,0
0.02795,0.7345539482,3582.941531,24,10.48697303,17.62929476,59.48606101,0
0.02796,0.7347197107,3582.929476,24,10.49068978,17.63327306,59.49371822,0
0.02797,0.7348854732,3582.91742,24,10.49440651,17.63725136,59.50137182,0
0.02798,0.7350512357,3582.905365,24,10.49812321,17.64122966,59.50902183,0
0.02799,0.7352169982,3582.893309,24,10.50183988,17.64520796,59.51666825,0
0.028,0.7353827607,3582.881254,24,10.50555653,17.64918626,59.52431108,0
0.02801,0.7355485232,3582.869198,24,10.50927315,17.65316456,59.53195032,0
0.02802,0.7357142857,3582.857143,24,10.51298975,17.65714286,59.53958597,0
0.02803,0.7358800482,3582.845087,24,10.51670632,17.66112116,59.54721805,0
0.02804,0.7360458107,3582.833032,24,10.52042287,17.66509946,59.55484654,0
0.02805,0.7362115732,3582.820976,24,10.5241394,17.66907776,59.56247145,0
0.02806,0.7363773357,3582.808921,24,10.52785589,17.67305606,59.57009279,0
0.02807,0.7365430983,3582.796866,24,10.53157236,17.67703436,59.57771055,0
0.02808,0.7367088608,3582.78481,24,10.53528881,17.68101266,59.58532475,0
0.02809,0.7368746233,3582.772755,24,10.53900523,17.68499096,59.59293537,0
0.0281,0.7370403858,3582.760699,24,10.54272163,17.68896926,59.60054243,0
0.02811,0.7372061483,3582.748644,24,10.546438,17.69294756,59.60814593,0
0.02812,0.7373719108,3582.736588,24,10.55015434,17.69692586,59.61574586,0
0.02813,0.7375376733,3582.724533,24,10.55387067,17.70090416,59.62334223,0
0.02814,0.7377034358,3582.712477,24,10.55758696,17.70488246,59.63093505,0
0.02815,0.7378691983,3582.700422,24,10.56130323,17.70886076,59.63852432,0
0.02816,0.7380349608,3582.688366,24,10.56501948,17.71283906,59.64611003,0
0.02817,0.7382007233,3582.676311,24,10.56873569,17.71681736,59.6536922,0
0.02818,0.7383664858,3582.664256,24,10.57245189,17.72079566,59.66127081,0
0.02819,0.7385322483,3582.6522,24,10.57616806,17.72477396,59.66884588,0
0.0282,0.7386980108,3582.640145,24,10.5798842,17.72875226,59.67641742,0
0.02821,0.7388637734,3582.628089,24,10.58360032,17.73273056,59.68398541,0
0.02822,0.7390295359,3582.616034,24,10.58731641,17.73670886,59.69154986,0
0.02823,0.7391952984,3582.603978,24,10.59103248,17.74068716,59.69911078,0
0.02824,0.7393610609,3582.591923,24,10.59474852,17.74466546,59.70666816,0
0.02825,0.7395268234,3582.579867,24,10.59846454,17.74864376,59.71422202,0
0.02826,0.7396925859,3582.567812,24,10.60218053,17.75262206,59.72177235,0
0.02827,0.7398583484,3582.555756,24,10.6058965,17.75660036,59.72931915,0
0.02828,0.7400241109,3582.543701,24,10.60961244,17.76057866,59.73686243,0
0.02829,0.7401898734,3582.531646,24,10.61332836,17.76455696,59.74440219,0
0.0283,0.7403556359,3582.51959,24,10.61704425,17.76853526,59.75193843,0
0.02831,0.7405213984,3582.507535,24,10.62076012,17.77251356,59.75947115,0
0.02832,0.7406871609,3582.495479,24,10.62447596,17.77649186,59.76700036,0
0.02833,0.7408529234,3582.483424,24,10.62819177,17.78047016,59.77452606,0
0.02834,0.741018686,3582.471368,24,10.63190756,17.78444846,59.78204825,0
0.02835,0.7411844485,3582.459313,24,10.63562333,17.78842676,59.78956694,0
0.02836,0.741350211,3582.447257,24,10.63933907,17.79240506,59.79708212,0
0.02837,0.7415159735,3582.435202,24,10.64305478,17.79638336,59.8045938,0
0.02838,0.741681736,3582.423146,24,10.64677047,17.80036166,59.81210197,0
0.02839,0.7418474985,3582.411091,24,10.65048613,17.80433996,59.81960666,0
0.0284,0.742013261,3582.399036,24,10.65420177,17.80831826,59.82710784,0
0.02841,0.7421790235,3582.38698,24,10.65791739,17.81229656,59.83460554,0
0.02842,0.742344786,3582.374925,24,10.66163297,17.81627486,59.84209974,0
0.02843,0.7425105485,3582.362869,24,10.66534854,17.82025316,59.84959046,0
0.02844,0.742676311,3582.350814,24,10.66906408,17.82423146,59.85707769,0
0.02845,0.7428420735,3582.338758,24,10.67277959,17.82820976,59.86456144,0
0.02846,0.743007836,3582.326703,24,10.67649507,17.83218807,59.8720417,0
0.02847,0.7431735986,3582.314647,24,10.68021054,17.83616637,59.87951849,0
0.02848,0.7433393611,3582.302592,24,10.68392597,17.84014467,59.8869918,0
0.02849,0.7435051236,3582.290536,24,10.68764138,17.84412297,59.89446164,0
0.0285,0.7436708861,3582.278481,24,10.69135677,17.84810127,59.90192801,0
0.02851,0.7438366486,3582.266426,24,10.69507213,17.85207957,59.90939091,0
0.02852,0.7440024111,3582.25437,24,10.69878747,17.85605787,59.91685034,0
0.02853,0.7441681736,3582.242315,24,10.70250278,17.86003617,59.9243063,0
0.02854,0.7443339361,3582.230259,24,10.70621806,17.86401447,59.93175881,0
0.02855,0.7444996986,3582.218204,24,10.70993332,17.86799277,59.93920785,0
0.02856,0.7446654611,3582.206148,24,10.71364856,17.87197107,59.94665344,0
0.02857,0.7448312236,3582.194093,24,10.71736377,17.87594937,59.95409557,0
0.02858,0.7449969861,3582.182037,24,10.72107895,17.87992767,59.96153425,0
0.02859,0.7451627486,3582.169982,24,10.72479411,17.88390597,59.96896948,0
0.0286,0.7453285112,3582.157926,24,10.72850924,17.88788427,59.97640126,0
0.02861,0.7454942737,3582.145871,24,10.73222435,17.89186257,59.98382959,0
0.02862,0.7456600362,3582.133816,24,10.73593944,17.89584087,59.99125448,0
0.02863,0.7458257987,3582.12176,24,10.73965449,17.89981917,59.99867593,0
0.02864,0.7459915612,3582.109705,24,10.74336953,17.90379747,60.00609394,0
0.02865,0.7461573237,3582.097649,24,10.74708453,17.90777577,60.01350851,0
0.02866,0.7463230862,3582.085594,24,10.75079952,17.91175407,60.02091965,0
0.02867,0.7464888487,3582.073538,24,10.75451447,17.91573237,60.02832735,0
0.02868,0.7466546112,3582.061483,24,10.75822941,17.91971067,60.03573163,0
0.02869,0.7468203737,3582.049427,24,10.76194431,17.92368897,60.04313247,0
0.0287,0.7469861362,3582.037372,24,10.76565919,17.92766727,60.0505299,0
0.02871,0.7471518987,3582.025316,24,10.76937405,17.93164557,60.05792389,0
0.02872,0.7473176612,3582.013261,24,10.77308888,17.93562387,60.06531447,0
0.02873,0.7474834237,3582.001206,24,10.77680369,17.93960217,60.07270163,0
0.02874,0.7476491863,3581.98915,24,10.78051847,17.94358047,60.08008537,0
0.02875,0.7478149488,3581.977095,24,10.78423322,17.94755877,60.0874657,0
0.02876,0.7479807113,3581.965039,24,10.78794795,17.95153707,60.09484262,0
0.02877,0.7481464738,3581.952984,24,10.79166265,17.95551537,60.10221613,0
0.02878,0.7483122363,3581.940928,24,10.79537733,17.95949367,60.10958623,0
0.02879,0.7484779988,3581.928873,24,10.79909199,17.96347197,60.11695292,0
0.0288,0.7486437613,3581.916817,24,10.80280662,17.96745027,60.12431621,0
0.02881,0.7488095238,3581.904762,24,10.80652122,17.97142857,60.13167611,0
0.02882,0.7489752863,3581.892706,24,10.8102358,17.97540687,60.1390326,0
0.02883,0.7491410488,3581.880651,24,10.81395035,17.97938517,60.1463857,0
0.02884,0.7493068113,3581.868596,24,10.81766488,17.98336347,60.1537354,0
0.02885,0.7494725738,3581.85654,24,10.82137938,17.98734177,60.16108171,0
0.02886,0.7496383363,3581.844485,24,10.82509386,17.99132007,60.16842464,0
0.02887,0.7498040989,3581.832429,24,10.82880831,17.99529837,60.17576417,0
0.02888,0.7499698614,3581.820374,24,10.83252274,17.99927667,60.18310033,0
0.02889,0.7501356239,3581.808318,24,10.83623714,18.00325497,60.19043309,0
0.0289,0.7503013864,3581.796263,24,10.83995152,18.00723327,60.19776248,0
0.02891,0.7504671489,3581.784207,24,10.84366587,18.01121157,60.20508849,0
0.02892,0.7506329114,3581.772152,24,10.84738019,18.01518987,60.21241113,0
0.02893,0.7507986739,3581.760096,24,10.85109449,18.01916817,60.21973039,0
0.02894,0.7509644364,3581.748041,24,10.85480877,18.02314647,60.22704628,0
0.02895,0.7511301989,3581.735986,24,10.85852302,18.02712477,60.2343588,0
0.02896,0.7512959614,3581.72393,24,10.86223724,18.03110307,60.24166796,0
0.02897,0.7514617239,3581.711875,24,10.86595144,18.03508137,60.24897375,0
0.02898,0.7516274864,3581.699819,24,10.86966562,18.03905967,60.25627617,0
0.02899,0.7517932489,3581.687764,24,10.87337977,18.04303797,60.26357524,0
0.029,0.7519590115,3581.675708,24,10.87709389,18.04701627,60.27087095,0
0.02901,0.752124774,3581.663653,24,10.88080799,18.05099458,60.2781633,0
0.02902,0.7522905365,3581.651597,24,10.88452206,18.05497288,60.2854523,0
0.02903,0.752456299,3581.639542,24,10.88823611,18.05895118,60.29273795,0
0.02904,0.7526220615,3581.627486,24,10.89195013,18.06292948,60.30002025,0
0.02905,0.752787824,3581.615431,24,10.89566413,18.06690778,60.30729921,0
0.02906,0.7529535865,3581.603376,24,10.8993781,18.07088608,60.31457481,0
0.02907,0.753119349,3581.59132,24,10.90309205,18.07486438,60.32184708,0
0.02908,0.7532851115,3581.579265,24,10.90680597,18.07884268,60.32911601,0
0.02909,0.753450874,3581.567209,24,10.91051987,18.08282098,60.33638159,0
0.0291,0.7536166365,3581.555154,24,10.91423374,18.08679928,60.34364385,0
0.02911,0.753782399,3581.543098,24,10.91794758,18.09077758,60.35090276,0
0.02912,0.7539481615,3581.531043,24,10.92166141,18.09475588,60.35815835,0
0.02913,0.7541139241,3581.518987,24,10.9253752,18.09873418,60.36541061,0
0.02914,0.7542796866,3581.506932,24,10.92908897,18.10271248,60.37265954,0
0.02915,0.7544454491,3581.494876,24,10.93280272,18.10669078,60.37990514,0
0.02916,0.7546112116,3581.482821,24,10.93651644,18.11066908,60.38714743,0
0.02917,0.7547769741,3581.470766,24,10.94023013,18.11464738,60.39438639,0
0.02918,0.7549427366,3581.45871,24,10.9439438,18.11862568,60.40162203,0
0.02919,0.7551084991,3581.446655,24,10.94765744,18.12260398,60.40885436,0
0.0292,0.7552742616,3581.434599,24,10.95137106,18.12658228,60.41608338,0
0.02921,0.7554400241,3581.422544,24,10.95508466,18.13056058,60.42330908,0
0.02922,0.7556057866,3581.410488,24,10.95879822,18.13453888,60.43053147,0
0.02923,0.7557715491,3581.398433,24,10.96251177,18.13851718,60.43775056,0
0.02924,0.7559373116,3581.386377,24,10.96622529,18.14249548,60.44496634,0
0.02925,0.7561030741,3581.374322,24,10.96993878,18.14647378,60.45217882,0
0.02926,0.7562688366,3581.362266,24,10.97365225,18.15045208,60.45938799,0
0.02927,0.7564345992,3581.350211,24,10.97736569,18.15443038,60.46659387,0
0.02928,0.7566003617,3581.338156,24,10.9810791,18.15840868,60.47379645,0
0.02929,0.7567661242,3581.3261,24,10.9847925,18.16238698,60.48099574,0
0.0293,0.7569318867,3581.314045,24,10.98850586,18.16636528,60.48819173,0
0.02931,0.7570976492,3581.301989,24,10.9922192,18.17034358,60.49538444,0
0.02932,0.7572634117,3581.289934,24,10.99593252,18.17432188,60.50257386,0
0.02933,0.7574291742,3581.277878,24,10.99964581,18.17830018,60.50975999,0
0.02934,0.7575949367,3581.265823,24,11.00335907,18.18227848,60.51694284,0
0.02935,0.7577606992,3581.253767,24,11.00707231,18.18625678,60.5241224,0
0.02936,0.7579264617,3581.241712,24,11.01078553,18.19023508,60.53129869,0
0.02937,0.7580922242,3581.229656,24,11.01449872,18.19421338,60.5384717,0
0.02938,0.7582579867,3581.217601,24,11.01821188,18.19819168,60.54564144,0
0.02939,0.7584237492,3581.205546,24,11.02192502,18.20216998,60.5528079,0
0.0294,0.7585895118,3581.19349,24,11.02563814,18.20614828,60.55997109,0
0.02941,0.7587552743,3581.181435,24,11.02935122,18.21012658,60.56713101,0
0.02942,0.7589210368,3581.169379,24,11.03306429,18.21410488,60.57428767,0
0.02943,0.7590867993,3581.157324,24,11.03677733,18.21808318,60.58144106,0
0.02944,0.7592525618,3581.145268,24,11.04049034,18.22206148,60.58859119,0
0.02945,0.7594183243,3581.133213,24,11.04420333,18.22603978,60.59573807,0
0.02946,0.7595840868,3581.121157,24,11.04791629,18.23001808,60.60288168,0
0.02947,0.7597498493,3581.109102,24,11.05162923,18.23399638,60.61002204,0
0.02948,0.7599156118,3581.097046,24,11.05534214,18.23797468,60.61715914,0
0.02949,0.7600813743,3581.084991,24,11.05905502,18.24195298,60.62429299,0
0.0295,0.7602471368,3581.072936,24,11.06276789,18.24593128,60.6314236,0
0.02951,0.7604128993,3581.06088,24,11.06648072,18.24990958,60.63855095,0
0.02952,0.7605786618,3581.048825,24,11.07019353,18.25388788,60.64567506,0
0.02953,0.7607444244,3581.036769,24,11.07390632,18.25786618,60.65279593,0
0.02954,0.7609101869,3581.024714,24,11.07761908,18.26184448,60.65991356,0
0.02955,0.7610759494,3581.012658,24,11.08133181,18.26582278,60.66702795,0
0.02956,0.7612417119,3581.000603,24,11.08504452,18.26980108,60.6741391,0
0.02957,0.7614074744,3580.988547,24,11.08875721,18.27377939,60.68124702,0
0.02958,0.7615732369,3580.976492,24,11.09246987,18.27775769,60.6883517,0
0.02959,0.7617389994,3580.964436,24,11.0961825,18.28173599,60.69545316,0
0.0296,0.7619047619,3580.952381,24,11.09989511,18.28571429,60.70255138,0
0.02961,0.7620705244,3580.940325,24,11.10360769,18.28969259,60.70964639,0
0.02962,0.7622362869,3580.92827,24,11.10732025,18.29367089,60.71673816,0
0.02963,0.7624020494,3580.916215,24,11.11103279,18.29764919,60.72382672,0
0.02964,0.7625678119,3580.904159,24,11.11474529,18.30162749,60.73091205,0
0.02965,0.7627335744,3580.892104,24,11.11845778,18.30560579,60.73799417,0
0.02966,0.7628993369,3580.880048,24,11.12217023,18.30958409,60.74507307,0
0.02967,0.7630650995,3580.867993,24,11.12588267,18.31356239,60.75214876,0
0.02968,0.763230862,3580.855937,24,11.12959507,18.31754069,60.75922124,0
0.02969,0.7633966245,3580.843882,24,11.13330745,18.32151899,60.76629051,0
0.0297,0.763562387,3580.831826,24,11.13701981,18.32549729,60.77335657,0
0.02971,0.7637281495,3580.819771,24,11.14073214,18.32947559,60.78041943,0
0.02972,0.763893912,3580.807715,24,11.14444445,18.33345389,60.78747908,0
0.02973,0.7640596745,3580.79566,24,11.14815673,18.33743219,60.79453553,0
0.02974,0.764225437,3580.783605,24,11.15186898,18.34141049,60.80158879,0
0.02975,0.7643911995,3580.771549,24,11.15558121,18.34538879,60.80863884,0
0.02976,0.764556962,3580.759494,24,11.15929342,18.34936709,60.81568571,0
0.02977,0.7647227245,3580.747438,24,11.1630056,18.35334539,60.82272938,0
0.02978,0.764888487,3580.735383,24,11.16671775,18.35732369,60.82976986,0
0.02979,0.7650542495,3580.723327,24,11.17042988,18.36130199,60.83680715,0
0.0298,0.7652200121,3580.711272,24,11.17414198,18.36528029,60.84384125,0
0.02981,0.7653857746,3580.699216,24,11.17785406,18.36925859,60.85087217,0
0.02982,0.7655515371,3580.687161,24,11.18156612,18.37323689,60.85789991,0
0.02983,0.7657172996,3580.675105,24,11.18527814,18.37721519,60.86492447,0
0.02984,0.7658830621,3580.66305,24,11.18899015,18.38119349,60.87194585,0
0.02985,0.7660488246,3580.650995,24,11.19270213,18.38517179,60.87896405,0
0.02986,0.7662145871,3580.638939,24,11.19641408,18.38915009,60.88597908,0
0.02987,0.7663803496,3580.626884,24,11.200126,18.39312839,60.89299094,0
0.02988,0.7665461121,3580.614828,24,11.20383791,18.39710669,60.89999963,0
0.02989,0.7667118746,3580.602773,24,11.20754978,18.40108499,60.90700515,0
0.0299,0.7668776371,3580.590717,24,11.21126163,18.40506329,60.91400751,0
0.02991,0.7670433996,3580.578662,24,11.21497346,18.40904159,60.9210067,0
0.02992,0.7672091621,3580.566606,24,11.21868526,18.41301989,60.92800273,0
0.02993,0.7673749247,3580.554551,24,11.22239704,18.41699819,60.9349956,0
0.02994,0.7675406872,3580.542495,24,11.22610879,18.42097649,60.94198531,0
0.02995,0.7677064497,3580.53044,24,11.22982051,18.42495479,60.94897187,0
0.02996,0.7678722122,3580.518385,24,11.23353221,18.42893309,60.95595527,0
0.02997,0.7680379747,3580.506329,24,11.23724389,18.43291139,60.96293552,0
0.02998,0.7682037372,3580.494274,24,11.24095554,18.43688969,60.96991263,0
0.02999,0.7683694997,3580.482218,24,11.24466716,18.44086799,60.97688658,0
0.03,0.7685352622,3580.470163,24,11.24837876,18.44484629,60.98385739,0
0.03001,0.7687010247,3580.458107,24,11.25209033,18.44882459,60.99082506,0
0.03002,0.7688667872,3580.446052,24,11.25580188,18.45280289,60.99778959,0
0.03003,0.7690325497,3580.433996,24,11.2595134,18.45678119,61.00475097,0
0.03004,0.7691983122,3580.421941,24,11.2632249,18.46075949,61.01170922,0
0.03005,0.7693640747,3580.409885,24,11.26693638,18.46473779,61.01866434,0
0.03006,0.7695298373,3580.39783,24,11.27064782,18.46871609,61.02561632,0
0.03007,0.7696955998,3580.385775,24,11.27435924,18.47269439,61.03256517,0
0.03008,0.7698613623,3580.373719,24,11.27807064,18.47667269,61.03951089,0
0.03009,0.7700271248,3580.361664,24,11.28178201,18.48065099,61.04645349,0
0.0301,0.7701928873,3580.349608,24,11.28549336,18.48462929,61.05339296,0
0.03011,0.7703586498,3580.337553,24,11.28920468,18.48860759,61.0603293,0
0.03012,0.7705244123,3580.325497,24,11.29291598,18.4925859,61.06726253,0
0.03013,0.7706901748,3580.313442,24,11.29662725,18.4965642,61.07419264,0
0.03014,0.7708559373,3580.301386,24,11.30033849,18.5005425,61.08111962,0
0.03015,0.7710216998,3580.289331,24,11.30404971,18.5045208,61.0880435,0
0.03016,0.7711874623,3580.277275,24,11.30776091,18.5084991,61.09496426,0
0.03017,0.7713532248,3580.26522,24,11.31147208,18.5124774,61.10188191,0
0.03018,0.7715189873,3580.253165,24,11.31518322,18.5164557,61.10879645,0
0.03019,0.7716847498,3580.241109,24,11.31889434,18.520434,61.11570789,0
0.0302,0.7718505124,3580.229054,24,11.32260544,18.5244123,61.12261622,0
0.03021,0.7720162749,3580.216998,24,11.3263165,18.5283906,61.12952145,0
0.03022,0.7721820374,3580.204943,24,11.33002755,18.5323689,61.13642357,0
0.03023,0.7723477999,3580.192887,24,11.33373857,18.5363472,61.1433226,0
0.03024,0.7725135624,3580.180832,24,11.33744956,18.5403255,61.15021853,0
0.03025,0.7726793249,3580.168776,24,11.34116053,18.5443038,61.15711137,0
0.03026,0.7728450874,3580.156721,24,11.34487147,18.5482821,61.16400111,0
0.03027,0.7730108499,3580.144665,24,11.34858239,18.5522604,61.17088776,0
0.03028,0.7731766124,3580.13261,24,11.35229328,18.5562387,61.17777133,0
0.03029,0.7733423749,3580.120555,24,11.35600414,18.560217,61.1846518,0
0.0303,0.7735081374,3580.108499,24,11.35971499,18.5641953,61.19152919,0
0.03031,0.7736738999,3580.096444,24,11.3634258,18.5681736,61.1984035,0
0.03032,0.7738396624,3580.084388,24,11.36713659,18.5721519,61.20527473,0
0.03033,0.774005425,3580.072333,24,11.37084736,18.5761302,61.21214288,0
0.03034,0.7741711875,3580.060277,24,11.3745581,18.5801085,61.21900795,0
0.03035,0.77433695,3580.048222,24,11.37826881,18.5840868,61.22586994,0
0.03036,0.7745027125,3580.036166,24,11.3819795,18.5880651,61.23272887,0
0.03037,0.774668475,3580.024111,24,11.38569017,18.5920434,61.23958472,0
0.03038,0.7748342375,3580.012055,24,11.38940081,18.5960217,61.2464375,0
0.03039,0.775,3580,24,11.39311142,18.6,61.25328721,0
0.0304,0.7751657625,3579.987945,24,11.39682201,18.6039783,61.26013386,0
0.03041,0.775331525,3579.975889,24,11.40053257,18.6079566,61.26697745,0
0.03042,0.7754972875,3579.963834,24,11.40424311,18.6119349,61.27381798,0
0.03043,0.77566305,3579.951778,24,11.40795363,18.6159132,61.28065544,0
0.03044,0.7758288125,3579.939723,24,11.41166411,18.6198915,61.28748985,0
0.03045,0.775994575,3579.927667,24,11.41537458,18.6238698,61.29432121,0
0.03046,0.7761603376,3579.915612,24,11.41908501,18.6278481,61.30114951,0
0.03047,0.7763261001,3579.903556,24,11.42279543,18.6318264,61.30797475,0
0.03048,0.7764918626,3579.891501,24,11.42650581,18.6358047,61.31479695,0
0.03049,0.7766576251,3579.879445,24,11.43021618,18.639783,61.3216161,0
0.0305,0.7768233876,3579.86739,24,11.43392651,18.6437613,61.32843221,0
0.03051,0.7769891501,3579.855335,24,11.43763682,18.6477396,61.33524527,0
0.03052,0.7771549126,3579.843279,24,11.44134711,18.6517179,61.34205529,0
0.03053,0.7773206751,3579.831224,24,11.44505737,18.6556962,61.34886227,0
0.03054,0.7774864376,3579.819168,24,11.4487676,18.6596745,61.35566622,0
0.03055,0.7776522001,3579.807113,24,11.45247781,18.6636528,61.36246712,0
0.03056,0.7778179626,3579.795057,24,11.456188,18.6676311,61.36926499,0
0.03057,0.7779837251,3579.783002,24,11.45989816,18.6716094,61.37605984,0
0.03058,0.7781494876,3579.770946,24,11.46360829,18.6755877,61.38285165,0
0.03059,0.7783152502,3579.758891,24,11.4673184,18.679566,61.38964043,0
0.0306,0.7784810127,3579.746835,24,11.47102849,18.6835443,61.39642618,0
0.03061,0.7786467752,3579.73478,24,11.47473855,18.6875226,61.40320892,0
0.03062,0.7788125377,3579.722725,24,11.47844858,18.6915009,61.40998863,0
0.03063,0.7789783002,3579.710669,24,11.48215859,18.6954792,61.41676532,0
0.03064,0.7791440627,3579.698614,24,11.48586857,18.6994575,61.42353899,0
0.03065,0.7793098252,3579.686558,24,11.48957853,18.7034358,61.43030964,0
0.03066,0.7794755877,3579.674503,24,11.49328846,18.7074141,61.43707728,0
0.03067,0.7796413502,3579.662447,24,11.49699837,18.71139241,61.44384191,0
0.03068,0.7798071127,3579.650392,24,11.50070825,18.71537071,61.45060352,0
0.03069,0.7799728752,3579.638336,24,11.50441811,18.71934901,61.45736213,0
0.0307,0.7801386377,3579.626281,24,11.50812794,18.72332731,61.46411773,0
0.03071,0.7803044002,3579.614225,24,11.51183774,18.72730561,61.47087032,0
0.03072,0.7804701627,3579.60217,24,11.51554753,18.73128391,61.47761992,0
0.03073,0.7806359253,3579.590115,24,11.51925728,18.73526221,61.48436651,0
0.03074,0.7808016878,3579.578059,24,11.52296701,18.73924051,61.4911101,0
0.03075,0.7809674503,3579.566004,24,11.52667672,18.74321881,61.49785069,0
0.03076,0.7811332128,3579.553948,24,11.5303864,18.74719711,61.50458829,0
0.03077,0.7812989753,3579.541893,24,11.53409605,18.75117541,61.5113229,0
0.03078,0.7814647378,3579.529837,24,11.53780568,18.75515371,61.51805451,0
0.03079,0.7816305003,3579.517782,24,11.54151528,18.75913201,61.52478313,0
0.0308,0.7817962628,3579.505726,24,11.54522486,18.76311031,61.53150877,0
0.03081,0.7819620253,3579.493671,24,11.54893442,18.76708861,61.53823142,0
0.03082,0.7821277878,3579.481615,24,11.55264395,18.77106691,61.54495108,0
0.03083,0.7822935503,3579.46956,24,11.55635345,18.77504521,61.55166777,0
0.03084,0.7824593128,3579.457505,24,11.56006293,18.77902351,61.55838147,0
0.03085,0.7826250753,3579.445449,24,11.56377238,18.78300181,61.56509219,0
0.03086,0.7827908379,3579.433394,24,11.56748181,18.78698011,61.57179994,0
0.03087,0.7829566004,3579.421338,24,11.57119121,18.79095841,61.57850471,0
0.03088,0.7831223629,3579.409283,24,11.57490059,18.79493671,61.58520652,0
0.03089,0.7832881254,3579.397227,24,11.57860994,18.79891501,61.59190535,0
0.0309,0.7834538879,3579.385172,24,11.58231926,18.80289331,61.59860121,0
0.03091,0.7836196504,3579.373116,24,11.58602857,18.80687161,61.6052941,0
0.03092,0.7837854129,3579.361061,24,11.58973784,18.81084991,61.61198403,0
0.03093,0.7839511754,3579.349005,24,11.59344709,18.81482821,61.61867099,0
0.03094,0.7841169379,3579.33695,24,11.59715632,18.81880651,61.625355,0
0.03095,0.7842827004,3579.324895,24,11.60086552,18.82278481,61.63203604,0
0.03096,0.7844484629,3579.312839,24,11.60457469,18.82676311,61.63871413,0
0.03097,0.7846142254,3579.300784,24,11.60828384,18.83074141,61.64538926,0
0.03098,0.7847799879,3579.288728,24,11.61199297,18.83471971,61.65206144,0
0.03099,0.7849457505,3579.276673,24,11.61570207,18.83869801,61.65873066,0
0.031,0.785111513,3579.264617,24,11.61941114,18.84267631,61.66539694,0
0.03101,0.7852772755,3579.252562,24,11.62312019,18.84665461,61.67206026,0
0.03102,0.785443038,3579.240506,24,11.62682921,18.85063291,61.67872065,0
0.03103,0.7856088005,3579.228451,24,11.63053821,18.85461121,61.68537808,0
0.03104,0.785774563,3579.216395,24,11.63424718,18.85858951,61.69203257,0
0.03105,0.7859403255,3579.20434,24,11.63795613,18.86256781,61.69868413,0
0.03106,0.786106088,3579.192285,24,11.64166505,18.86654611,61.70533274,0
0.03107,0.7862718505,3579.180229,24,11.64537395,18.87052441,61.71197841,0
0.03108,0.786437613,3579.168174,24,11.64908282,18.87450271,61.71862115,0
0.03109,0.7866033755,3579.156118,24,11.65279167,18.87848101,61.72526096,0
0.0311,0.786769138,3579.144063,24,11.65650049,18.88245931,61.73189784,0
0.03111,0.7869349005,3579.132007,24,11.66020929,18.88643761,61.73853178,0
0.03112,0.7871006631,3579.119952,24,11.66391806,18.89041591,61.7451628,0
0.03113,0.7872664256,3579.107896,24,11.66762681,18.89439421,61.75179089,0
0.03114,0.7874321881,3579.095841,24,11.67133553,18.89837251,61.75841606,0
0.03115,0.7875979506,3579.083785,24,11.67504422,18.90235081,61.76503831,0
0.03116,0.7877637131,3579.07173,24,11.67875289,18.90632911,61.77165763,0
0.03117,0.7879294756,3579.059675,24,11.68246154,18.91030741,61.77827404,0
0.03118,0.7880952381,3579.047619,24,11.68617016,18.91428571,61.78488753,0
0.03119,0.7882610006,3579.035564,24,11.68987875,18.91826401,61.7914981,0
0.0312,0.7884267631,3579.023508,24,11.69358732,18.92224231,61.79810576,0
0.03121,0.7885925256,3579.011453,24,11.69729586,18.92622061,61.80471051,0
0.03122,0.7887582881,3578.999397,24,11.70100438,18.93019892,61.81131236,0
0.03123,0.7889240506,3578.987342,24,11.70471287,18.93417722,61.81791129,0
0.03124,0.7890898131,3578.975286,24,11.70842134,18.93815552,61.82450732,0
0.03125,0.7892555756,3578.963231,24,11.71212978,18.94213382,61.83110044,0
0.03126,0.7894213382,3578.951175,24,11.7158382,18.94611212,61.83769066,0
0.03127,0.7895871007,3578.93912,24,11.71954659,18.95009042,61.84427798,0
0.03128,0.7897528632,3578.927064,24,11.72325496,18.95406872,61.85086241,0
0.03129,0.7899186257,3578.915009,24,11.7269633,18.95804702,61.85744393,0
0.0313,0.7900843882,3578.902954,24,11.73067162,18.96202532,61.86402256,0
0.03131,0.7902501507,3578.890898,24,11.73437991,18.96600362,61.8705983,0
0.03132,0.7904159132,3578.878843,24,11.73808818,18.96998192,61.87717115,0
0.03133,0.7905816757,3578.866787,24,11.74179642,18.97396022,61.88374111,0
0.03134,0.7907474382,3578.854732,24,11.74550463,18.97793852,61.89030818,0
0.03135,0.7909132007,3578.842676,24,11.74921282,18.98191682,61.89687236,0
0.03136,0.7910789632,3578.830621,24,11.75292099,18.98589512,61.90343366,0
0.03137,0.7912447257,3578.818565,24,11.75662913,18.98987342,61.90999208,0
0.03138,0.7914104882,3578.80651,24,11.76033724,18.99385172,61.91654762,0
0.03139,0.7915762508,3578.794454,24,11.76404533,18.99783002,61.92310028,0
0.0314,0.7917420133,3578.782399,24,11.7677534,19.00180832,61.92965006,0
0.03141,0.7919077758,3578.770344,24,11.77146144,19.00578662,61.93619697,0
0.03142,0.7920735383,3578.758288,24,11.77516945,19.00976492,61.942741,0
0.03143,0.7922393008,3578.746233,24,11.77887744,19.01374322,61.94928217,0
0.03144,0.7924050633,3578.734177,24,11.7825854,19.01772152,61.95582046,0
0.03145,0.7925708258,3578.722122,24,11.78629334,19.02169982,61.96235589,0
0.03146,0.7927365883,3578.710066,24,11.79000125,19.02567812,61.96888845,0
0.03147,0.7929023508,3578.698011,24,11.79370914,19.02965642,61.97541815,0
0.03148,0.7930681133,3578.685955,24,11.797417,19.03363472,61.98194498,0
0.03149,0.7932338758,3578.6739,24,11.80112484,19.03761302,61.98846896,0
0.0315,0.7933996383,3578.661844,24,11.80483265,19.04159132,61.99499007,0
0.03151,0.7935654008,3578.649789,24,11.80854043,19.04556962,62.00150833,0
0.03152,0.7937311634,3578.637734,24,11.8122482,19.04954792,62.00802373,0
0.03153,0.7938969259,3578.625678,24,11.81595593,19.05352622,62.01453628,0
0.03154,0.7940626884,3578.613623,24,11.81966364,19.05750452,62.02104598,0
0.03155,0.7942284509,3578.601567,24,11.82337133,19.06148282,62.02755283,0
0.03156,0.7943942134,3578.589512,24,11.82707899,19.06546112,62.03405683,0
0.03157,0.7945599759,3578.577456,24,11.83078662,19.06943942,62.04055799,0
0.03158,0.7947257384,3578.565401,24,11.83449423,19.07341772,62.0470563,0
0.03159,0.7948915009,3578.553345,24,11.83820182,19.07739602,62.05355177,0
0.0316,0.7950572634,3578.54129,24,11.84190938,19.08137432,62.06004439,0
0.03161,0.7952230259,3578.529234,24,11.84561691,19.08535262,62.06653418,0
0.03162,0.7953887884,3578.517179,24,11.84932442,19.08933092,62.07302113,0
0.03163,0.7955545509,3578.505124,24,11.8530319,19.09330922,62.07950525,0
0.03164,0.7957203134,3578.493068,24,11.85673936,19.09728752,62.08598653,0
0.03165,0.7958860759,3578.481013,24,11.86044679,19.10126582,62.09246498,0
0.03166,0.7960518385,3578.468957,24,11.8641542,19.10524412,62.0989406,0
0.03167,0.796217601,3578.456902,24,11.86786158,19.10922242,62.10541339,0
0.03168,0.7963833635,3578.444846,24,11.87156894,19.11320072,62.11188335,0
0.03169,0.796549126,3578.432791,24,11.87527627,19.11717902,62.11835049,0
0.0317,0.7967148885,3578.420735,24,11.87898358,19.12115732,62.12481481,0
0.03171,0.796880651,3578.40868,24,11.88269086,19.12513562,62.13127631,0
0.03172,0.7970464135,3578.396624,24,11.88639811,19.12911392,62.13773498,0
0.03173,0.797212176,3578.384569,24,11.89010535,19.13309222,62.14419084,0
0.03174,0.7973779385,3578.372514,24,11.89381255,19.13707052,62.15064388,0
0.03175,0.797543701,3578.360458,24,11.89751973,19.14104882,62.15709411,0
0.03176,0.7977094635,3578.348403,24,11.90122689,19.14502712,62.16354152,0
0.03177,0.797875226,3578.336347,24,11.90493402,19.14900542,62.16998613,0
0.03178,0.7980409885,3578.324292,24,11.90864112,19.15298373,62.17642792,0
0.03179,0.7982067511,3578.312236,24,11.9123482,19.15696203,62.18286691,0
0.0318,0.7983725136,3578.300181,24,11.91605525,19.16094033,62.18930309,0
0.03181,0.7985382761,3578.288125,24,11.91976228,19.16491863,62.19573647,0
0.03182,0.7987040386,3578.27607,24,11.92346929,19.16889693,62.20216704,0
0.03183,0.7988698011,3578.264014,24,11.92717626,19.17287523,62.20859482,0
0.03184,0.7990355636,3578.251959,24,11.93088322,19.17685353,62.2150198,0
0.03185,0.7992013261,3578.239904,24,11.93459015,19.18083183,62.22144198,0
0.03186,0.7993670886,3578.227848,24,11.93829705,19.18481013,62.22786136,0
0.03187,0.7995328511,3578.215793,24,11.94200393,19.18878843,62.23427795,0
0.03188,0.7996986136,3578.203737,24,11.94571078,19.19276673,62.24069175,0
0.03189,0.7998643761,3578.191682,24,11.9494176,19.19674503,62.24710277,0
0.0319,0.8000301386,3578.179626,24,11.95312441,19.20072333,62.25351099,0
0.03191,0.8001959011,3578.167571,24,11.95683118,19.20470163,62.25991642,0
0.03192,0.8003616637,3578.155515,24,11.96053793,19.20867993,62.26631907,0
0.03193,0.8005274262,3578.14346,24,11.96424466,19.21265823,62.27271894,0
0.03194,0.8006931887,3578.131404,24,11.96795136,19.21663653,62.27911603,0
0.03195,0.8008589512,3578.119349,24,11.97165804,19.22061483,62.28551034,0
0.03196,0.8010247137,3578.107294,24,11.97536469,19.22459313,62.29190187,0
0.03197,0.8011904762,3578.095238,24,11.97907131,19.22857143,62.29829062,0
0.03198,0.8013562387,3578.083183,24,11.98277791,19.23254973,62.3046766,0
0.03199,0.8015220012,3578.071127,24,11.98648448,19.23652803,62.3110598,0
0.032,0.8016877637,3578.059072,24,11.99019103,19.24050633,62.31744024,0
0.03201,0.8018535262,3578.047016,24,11.99389756,19.24448463,62.32381791,0
0.03202,0.8020192887,3578.034961,24,11.99760406,19.24846293,62.3301928,0
0.03203,0.8021850512,3578.022905,24,12.00131053,19.25244123,62.33656494,0
0.03204,0.8023508137,3578.01085,24,12.00501698,19.25641953,62.34293431,0
0.03205,0.8025165763,3577.998794,24,12.0087234,19.26039783,62.34930091,0
0.03206,0.8026823388,3577.986739,24,12.0124298,19.26437613,62.35566476,0
0.03207,0.8028481013,3577.974684,24,12.01613617,19.26835443,62.36202585,0
0.03208,0.8030138638,3577.962628,24,12.01984252,19.27233273,62.36838418,0
0.03209,0.8031796263,3577.950573,24,12.02354884,19.27631103,62.37473975,0
0.0321,0.8033453888,3577.938517,24,12.02725514,19.28028933,62.38109257,0
0.03211,0.8035111513,3577.926462,24,12.03096141,19.28426763,62.38744264,0
0.03212,0.8036769138,3577.914406,24,12.03466765,19.28824593,62.39378996,0
0.03213,0.8038426763,3577.902351,24,12.03837387,19.29222423,62.40013453,0
0.03214,0.8040084388,3577.890295,24,12.04208007,19.29620253,62.40647635,0
0.03215,0.8041742013,3577.87824,24,12.04578624,19.30018083,62.41281543,0
0.03216,0.8043399638,3577.866184,24,12.04949239,19.30415913,62.41915176,0
0.03217,0.8045057263,3577.854129,24,12.05319851,19.30813743,62.42548536,0
0.03218,0.8046714888,3577.842074,24,12.0569046,19.31211573,62.43181621,0
0.03219,0.8048372514,3577.830018,24,12.06061067,19.31609403,62.43814432,0
0.0322,0.8050030139,3577.817963,24,12.06431671,19.32007233,62.4444697,0
0.03221,0.8051687764,3577.805907,24,12.06802273,19.32405063,62.45079234,0
0.03222,0.8053345389,3577.793852,24,12.07172873,19.32802893,62.45711225,0
0.03223,0.8055003014,3577.781796,24,12.07543469,19.33200723,62.46342942,0
0.03224,0.8056660639,3577.769741,24,12.07914064,19.33598553,62.46974387,0
0.03225,0.8058318264,3577.757685,24,12.08284656,19.33996383,62.47605559,0
0.03226,0.8059975889,3577.74563,24,12.08655245,19.34394213,62.48236458,0
0.03227,0.8061633514,3577.733574,24,12.09025832,19.34792043,62.48867084,0
0.03228,0.8063291139,3577.721519,24,12.09396416,19.35189873,62.49497439,0
0.03229,0.8064948764,3577.709464,24,12.09766997,19.35587703,62.50127521,0
0.0323,0.8066606389,3577.697408,24,12.10137577,19.35985533,62.50757331,0
0.03231,0.8068264014,3577.685353,24,12.10508153,19.36383363,62.51386869,0
0.03232,0.806992164,3577.673297,24,12.10878727,19.36781193,62.52016136,0
0.03233,0.8071579265,3577.661242,24,12.11249299,19.37179024,62.52645131,0
0.03234,0.807323689,3577.649186,24,12.11619868,19.37576854,62.53273855,0
0.03235,0.8074894515,3577.637131,24,12.11990435,19.37974684,62.53902308,0
0.03236,0.807655214,3577.625075,24,12.12360999,19.38372514,62.54530489,0
0.03237,0.8078209765,3577.61302,24,12.1273156,19.38770344,62.551584,0
0.03238,0.807986739,3577.600964,24,12.13102119,19.39168174,62.5578604,0
0.03239,0.8081525015,3577.588909,24,12.13472675,19.39566004,62.5641341,0
0.0324,0.808318264,3577.576854,24,12.13843229,19.39963834,62.57040509,0
0.03241,0.8084840265,3577.564798,24,12.14213781,19.40361664,62.57667338,0
0.03242,0.808649789,3577.552743,24,12.1458433,19.40759494,62.58293898,0
0.03243,0.8088155515,3577.540687,24,12.14954876,19.41157324,62.58920187,0
0.03244,0.808981314,3577.528632,24,12.1532542,19.41555154,62.59546207,0
0.03245,0.8091470766,3577.516576,24,12.15695961,19.41952984,62.60171957,0
0.03246,0.8093128391,3577.504521,24,12.160665,19.42350814,62.60797438,0
0.03247,0.8094786016,3577.492465,24,12.16437036,19.42748644,62.6142265,0
0.03248,0.8096443641,3577.48041,24,12.1680757,19.43146474,62.62047592,0
0.03249,0.8098101266,3577.468354,24,12.17178101,19.43544304,62.62672266,0
0.0325,0.8099758891,3577.456299,24,12.1754863,19.43942134,62.63296672,0
0.03251,0.8101416516,3577.444244,24,12.17919156,19.44339964,62.63920808,0
0.03252,0.8103074141,3577.432188,24,12.18289679,19.44737794,62.64544677,0
0.03253,0.8104731766,3577.420133,24,12.186602,19.45135624,62.65168277,0
0.03254,0.8106389391,3577.408077,24,12.19030719,19.45533454,62.65791609,0
0.03255,0.8108047016,3577.396022,24,12.19401235,19.45931284,62.66414673,0
0.03256,0.8109704641,3577.383966,24,12.19771749,19.46329114,62.6703747,0
0.03257,0.8111362266,3577.371911,24,12.2014226,19.46726944,62.67659999,0
0.03258,0.8113019892,3577.359855,24,12.20512768,19.47124774,62.68282261,0
0.03259,0.8114677517,3577.3478,24,12.20883274,19.47522604,62.68904256,0
0.0326,0.8116335142,3577.335744,24,12.21253777,19.47920434,62.69525983,0
0.03261,0.8117992767,3577.323689,24,12.21624278,19.48318264,62.70147444,0
0.03262,0.8119650392,3577.311634,24,12.21994777,19.48716094,62.70768638,0
0.03263,0.8121308017,3577.299578,24,12.22365273,19.49113924,62.71389566,0
0.03264,0.8122965642,3577.287523,24,12.22735766,19.49511754,62.72010227,0
0.03265,0.8124623267,3577.275467,24,12.23106257,19.49909584,62.72630622,0
0.03266,0.8126280892,3577.263412,24,12.23476745,19.50307414,62.7325075,0
0.03267,0.8127938517,3577.251356,24,12.23847231,19.50705244,62.73870613,0
0.03268,0.8129596142,3577.239301,24,12.24217714,19.51103074,62.74490211,0
0.03269,0.8131253767,3577.227245,24,12.24588195,19.51500904,62.75109542,0
0.0327,0.8132911392,3577.21519,24,12.24958673,19.51898734,62.75728609,0
0.03271,0.8134569017,3577.203134,24,12.25329148,19.52296564,62.7634741,0
0.03272,0.8136226643,3577.191079,24,12.25699621,19.52694394,62.76965946,0
0.03273,0.8137884268,3577.179024,24,12.26070092,19.53092224,62.77584217,0
0.03274,0.8139541893,3577.166968,24,12.2644056,19.53490054,62.78202223,0
0.03275,0.8141199518,3577.154913,24,12.26811026,19.53887884,62.78819965,0
0.03276,0.8142857143,3577.142857,24,12.27181489,19.54285714,62.79437442,0
0.03277,0.8144514768,3577.130802,24,12.27551949,19.54683544,62.80054655,0
0.03278,0.8146172393,3577.118746,24,12.27922407,19.55081374,62.80671604,0
0.03279,0.8147830018,3577.106691,24,12.28292863,19.55479204,62.81288289,0
0.0328,0.8149487643,3577.094635,24,12.28663316,19.55877034,62.81904711,0
0.03281,0.8151145268,3577.08258,24,12.29033766,19.56274864,62.82520868,0
0.03282,0.8152802893,3577.070524,24,12.29404214,19.56672694,62.83136762,0
0.03283,0.8154460518,3577.058469,24,12.29774659,19.57070524,62.83752393,0
0.03284,0.8156118143,3577.046414,24,12.30145102,19.57468354,62.84367761,0
0.03285,0.8157775769,3577.034358,24,12.30515542,19.57866184,62.84982866,0
0.03286,0.8159433394,3577.022303,24,12.3088598,19.58264014,62.85597708,0
0.03287,0.8161091019,3577.010247,24,12.31256415,19.58661844,62.86212287,0
0.03288,0.8162748644,3576.998192,24,12.31626848,19.59059675,62.86826604,0
0.03289,0.8164406269,3576.986136,24,12.31997278,19.59457505,62.87440658,0
0.0329,0.8166063894,3576.974081,24,12.32367706,19.59855335,62.8805445,0
0.03291,0.8167721519,3576.962025,24,12.32738131,19.60253165,62.88667981,0
0.03292,0.8169379144,3576.94997,24,12.33108554,19.60650995,62.89281249,0
0.03293,0.8171036769,3576.937914,24,12.33478974,19.61048825,62.89894256,0
0.03294,0.8172694394,3576.925859,24,12.33849391,19.61446655,62.90507001,0
0.03295,0.8174352019,3576.913803,24,12.34219806,19.61844485,62.91119485,0
0.03296,0.8176009644,3576.901748,24,12.34590219,19.62242315,62.91731707,0
0.03297,0.8177667269,3576.889693,24,12.34960629,19.62640145,62.92343669,0
0.03298,0.8179324895,3576.877637,24,12.35331036,19.63037975,62.9295537,0
0.03299,0.818098252,3576.865582,24,12.35701441,19.63435805,62.93566809,0
0.033,0.8182640145,3576.853526,24,12.36071844,19.63833635,62.94177989,0
0.03301,0.818429777,3576.841471,24,12.36442244,19.64231465,62.94788908,0
0.03302,0.8185955395,3576.829415,24,12.36812641,19.64629295,62.95399566,0
0.03303,0.818761302,3576.81736,24,12.37183036,19.65027125,62.96009965,0
0.03304,0.8189270645,3576.805304,24,12.37553428,19.65424955,62.96620103,0
0.03305,0.819092827,3576.793249,24,12.37923818,19.65822785,62.97229982,0
0.03306,0.8192585895,3576.781193,24,12.38294205,19.66220615,62.97839601,0
0.03307,0.819424352,3576.769138,24,12.3866459,19.66618445,62.9844896,0
0.03308,0.8195901145,3576.757083,24,12.39034972,19.67016275,62.99058061,0
0.03309,0.819755877,3576.745027,24,12.39405352,19.67414105,62.99666902,0
0.0331,0.8199216395,3576.732972,24,12.39775729,19.67811935,63.00275484,0
0.03311,0.820087402,3576.720916,24,12.40146104,19.68209765,63.00883807,0
0.03312,0.8202531646,3576.708861,24,12.40516476,19.68607595,63.01491872,0
0.03313,0.8204189271,3576.696805,24,12.40886845,19.69005425,63.02099678,0
0.03314,0.8205846896,3576.68475,24,12.41257212,19.69403255,63.02707225,0
0.03315,0.8207504521,3576.672694,24,12.41627577,19.69801085,63.03314515,0
0.03316,0.8209162146,3576.660639,24,12.41997939,19.70198915,63.03921546,0
0.03317,0.8210819771,3576.648583,24,12.42368299,19.70596745,63.0452832,0
0.03318,0.8212477396,3576.636528,24,12.42738656,19.70994575,63.05134835,0
0.03319,0.8214135021,3576.624473,24,12.4310901,19.71392405,63.05741093,0
0.0332,0.8215792646,3576.612417,24,12.43479362,19.71790235,63.06347094,0
0.03321,0.8217450271,3576.600362,24,12.43849711,19.72188065,63.06952837,0
0.03322,0.8219107896,3576.588306,24,12.44220058,19.72585895,63.07558324,0
0.03323,0.8220765521,3576.576251,24,12.44590403,19.72983725,63.08163553,0
0.03324,0.8222423146,3576.564195,24,12.44960744,19.73381555,63.08768525,0
0.03325,0.8224080772,3576.55214,24,12.45331084,19.73779385,63.09373241,0
0.03326,0.8225738397,3576.540084,24,12.4570142,19.74177215,63.099777,0
0.03327,0.8227396022,3576.528029,24,12.46071755,19.74575045,63.10581903,0
0.03328,0.8229053647,3576.515973,24,12.46442086,19.74972875,63.1118585,0
0.03329,0.8230711272,3576.503918,24,12.46812416,19.75370705,63.11789541,0
0.0333,0.8232368897,3576.491863,24,12.47182742,19.75768535,63.12392975,0
0.03331,0.8234026522,3576.479807,24,12.47553066,19.76166365,63.12996154,0
0.03332,0.8235684147,3576.467752,24,12.47923388,19.76564195,63.13599078,0
0.03333,0.8237341772,3576.455696,24,12.48293707,19.76962025,63.14201746,0
0.03334,0.8238999397,3576.443641,24,12.48664024,19.77359855,63.14804158,0
0.03335,0.8240657022,3576.431585,24,12.49034338,19.77757685,63.15406316,0
0.03336,0.8242314647,3576.41953,24,12.49404649,19.78155515,63.16008219,0
0.03337,0.8243972272,3576.407474,24,12.49774958,19.78553345,63.16609867,0
0.03338,0.8245629898,3576.395419,24,12.50145265,19.78951175,63.1721126,0
0.03339,0.8247287523,3576.383363,24,12.50515569,19.79349005,63.17812398,0
0.0334,0.8248945148,3576.371308,24,12.5088587,19.79746835,63.18413283,0
0.03341,0.8250602773,3576.359253,24,12.51256169,19.80144665,63.19013913,0
0.03342,0.8252260398,3576.347197,24,12.51626465,19.80542495,63.19614289,0
0.03343,0.8253918023,3576.335142,24,12.51996759,19.80940325,63.20214411,0
0.03344,0.8255575648,3576.323086,24,12.52367051,19.81338156,63.2081428,0
0.03345,0.8257233273,3576.311031,24,12.52737339,19.81735986,63.21413894,0
0.03346,0.8258890898,3576.298975,24,12.53107626,19.82133816,63.22013256,0
0.03347,0.8260548523,3576.28692,24,12.53477909,19.82531646,63.22612364,0
0.03348,0.8262206148,3576.274864,24,12.53848191,19.82929476,63.23211219,0
0.03349,0.8263863773,3576.262809,24,12.54218469,19.83327306,63.23809821,0
0.0335,0.8265521398,3576.250753,24,12.54588746,19.83725136,63.2440817,0
0.03351,0.8267179024,3576.238698,24,12.54959019,19.84122966,63.25006267,0
0.03352,0.8268836649,3576.226643,24,12.5532929,19.84520796,63.25604111,0
0.03353,0.8270494274,3576.214587,24,12.55699559,19.84918626,63.26201703,0
0.03354,0.8272151899,3576.202532,24,12.56069825,19.85316456,63.26799042,0
0.03355,0.8273809524,3576.190476,24,12.56440089,19.85714286,63.27396129,0
0.03356,0.8275467149,3576.178421,24,12.5681035,19.86112116,63.27992965,0
0.03357,0.8277124774,3576.166365,24,12.57180608,19.86509946,63.28589549,0
0.03358,0.8278782399,3576.15431,24,12.57550864,19.86907776,63.29185881,0
0.03359,0.8280440024,3576.142254,24,12.57921118,19.87305606,63.29781961,0
0.0336,0.8282097649,3576.130199,24,12.58291368,19.87703436,63.30377791,0
0.03361,0.8283755274,3576.118143,24,12.58661617,19.88101266,63.30973369,0
0.03362,0.8285412899,3576.106088,24,12.59031863,19.88499096,63.31568696,0
0.03363,0.8287070524,3576.094033,24,12.59402106,19.88896926,63.32163772,0
0.03364,0.8288728149,3576.081977,24,12.59772347,19.89294756,63.32758598,0
0.03365,0.8290385775,3576.069922,24,12.60142585,19.89692586,63.33353173,0
0.03366,0.82920434,3576.057866,24,12.60512821,19.90090416,63.33947498,0
0.03367,0.8293701025,3576.045811,24,12.60883054,19.90488246,63.34541572,0
0.03368,0.829535865,3576.033755,24,12.61253285,19.90886076,63.35135396,0
0.03369,0.8297016275,3576.0217,24,12.61623513,19.91283906,63.35728971,0
0.0337,0.82986739,3576.009644,24,12.61993739,19.91681736,63.36322295,0
0.03371,0.8300331525,3575.997589,24,12.62363962,19.92079566,63.3691537,0
0.03372,0.830198915,3575.985533,24,12.62734183,19.92477396,63.37508195,0
0.03373,0.8303646775,3575.973478,24,12.63104401,19.92875226,63.38100771,0
0.03374,0.83053044,3575.961423,24,12.63474616,19.93273056,63.38693098,0
0.03375,0.8306962025,3575.949367,24,12.63844829,19.93670886,63.39285176,0
0.03376,0.830861965,3575.937312,24,12.6421504,19.94068716,63.39877005,0
0.03377,0.8310277275,3575.925256,24,12.64585248,19.94466546,63.40468585,0
0.03378,0.8311934901,3575.913201,24,12.64955453,19.94864376,63.41059916,0
0.03379,0.8313592526,3575.901145,24,12.65325656,19.95262206,63.41650999,0
0.0338,0.8315250151,3575.88909,24,12.65695857,19.95660036,63.42241834,0
0.03381,0.8316907776,3575.877034,24,12.66066055,19.96057866,63.42832421,0
0.03382,0.8318565401,3575.864979,24,12.6643625,19.96455696,63.43422759,0
0.03383,0.8320223026,3575.852923,24,12.66806443,19.96853526,63.4401285,0
0.03384,0.8321880651,3575.840868,24,12.67176633,19.97251356,63.44602693,0
0.03385,0.8323538276,3575.828813,24,12.67546821,19.97649186,63.45192288,0
0.03386,0.8325195901,3575.816757,24,12.67917006,19.98047016,63.45781636,0
0.03387,0.8326853526,3575.804702,24,12.68287189,19.98444846,63.46370737,0
0.03388,0.8328511151,3575.792646,24,12.68657369,19.98842676,63.4695959,0
0.03389,0.8330168776,3575.780591,24,12.69027547,19.99240506,63.47548197,0
0.0339,0.8331826401,3575.768535,24,12.69397722,19.99638336,63.48136556,0
0.03391,0.8333484027,3575.75648,24,12.69767895,20.00036166,63.48724669,0
0.03392,0.8335141652,3575.744424,24,12.70138065,20.00433996,63.49312536,0
0.03393,0.8336799277,3575.732369,24,12.70508233,20.00831826,63.49900156,0
0.03394,0.8338456902,3575.720313,24,12.70878398,20.01229656,63.5048753,0
0.03395,0.8340114527,3575.708258,24,12.7124856,20.01627486,63.51074657,0
0.03396,0.8341772152,3575.696203,24,12.7161872,20.02025316,63.51661539,0
0.03397,0.8343429777,3575.684147,24,12.71988878,20.02423146,63.52248175,0
0.03398,0.8345087402,3575.672092,24,12.72359033,20.02820976,63.52834565,0
0.03399,0.8346745027,3575.660036,24,12.72729185,20.03218807,63.5342071,0
0.034,0.8348402652,3575.647981,24,12.73099335,20.03616637,63.5400661,0
0.03401,0.8350060277,3575.635925,24,12.73469483,20.04014467,63.54592264,0
0.03402,0.8351717902,3575.62387,24,12.73839627,20.04412297,63.55177673,0
0.03403,0.8353375527,3575.611814,24,12.7420977,20.04810127,63.55762837,0
0.03404,0.8355033153,3575.599759,24,12.7457991,20.05207957,63.56347757,0
0.03405,0.8356690778,3575.587703,24,12.74950047,20.05605787,63.56932431,0
0.03406,0.8358348403,3575.575648,24,12.75320182,20.06003617,63.57516862,0
0.03407,0.8360006028,3575.563593,24,12.75690314,20.06401447,63.58101048,0
0.03408,0.8361663653,3575.551537,24,12.76060444,20.06799277,63.58684989,0
0.03409,0.8363321278,3575.539482,24,12.76430571,20.07197107,63.59268687,0
0.0341,0.8364978903,3575.527426,24,12.76800696,20.07594937,63.59852141,0
0.03411,0.8366636528,3575.515371,24,12.77170818,20.07992767,63.60435351,0
0.03412,0.8368294153,3575.503315,24,12.77540937,20.08390597,63.61018317,0
0.03413,0.8369951778,3575.49126,24,12.77911055,20.08788427,63.6160104,0
0.03414,0.8371609403,3575.479204,24,12.78281169,20.09186257,63.6218352,0
0.03415,0.8373267028,3575.467149,24,12.78651281,20.09584087,63.62765756,0
0.03416,0.8374924653,3575.455093,24,12.79021391,20.09981917,63.6334775,0
0.03417,0.8376582278,3575.443038,24,12.79391498,20.10379747,63.639295,0
0.03418,0.8378239904,3575.430983,24,12.79761602,20.10777577,63.64511008,0
0.03419,0.8379897529,3575.418927,24,12.80131704,20.11175407,63.65092273,0
0.0342,0.8381555154,3575.406872,24,12.80501804,20.11573237,63.65673296,0
0.03421,0.8383212779,3575.394816,24,12.80871901,20.11971067,63.66254076,0
0.03422,0.8384870404,3575.382761,24,12.81241995,20.12368897,63.66834614,0
0.03423,0.8386528029,3575.370705,24,12.81612087,20.12766727,63.6741491,0
0.03424,0.8388185654,3575.35865,24,12.81982176,20.13164557,63.67994964,0
0.03425,0.8389843279,3575.346594,24,12.82352263,20.13562387,63.68574777,0
0.03426,0.8391500904,3575.334539,24,12.82722347,20.13960217,63.69154348,0
0.03427,0.8393158529,3575.322483,24,12.83092429,20.14358047,63.69733677,0
0.03428,0.8394816154,3575.310428,24,12.83462508,20.14755877,63.70312765,0
0.03429,0.8396473779,3575.298373,24,12.83832585,20.15153707,63.70891612,0
0.0343,0.8398131404,3575.286317,24,12.84202659,20.15551537,63.71470218,0
0.03431,0.839978903,3575.274262,24,12.84572731,20.15949367,63.72048583,0
0.03432,0.8401446655,3575.262206,24,12.849428,20.16347197,63.72626707,0
0.03433,0.840310428,3575.250151,24,12.85312866,20.16745027,63.73204591,0
0.03434,0.8404761905,3575.238095,24,12.85682931,20.17142857,63.73782234,0
0.03435,0.840641953,3575.22604,24,12.86052992,20.17540687,63.74359637,0
0.03436,0.8408077155,3575.213984,24,12.86423051,20.17938517,63.74936799,0
0.03437,0.840973478,3575.201929,24,12.86793108,20.18336347,63.75513722,0
0.03438,0.8411392405,3575.189873,24,12.87163162,20.18734177,63.76090405,0
0.03439,0.841305003,3575.177818,24,12.87533213,20.19132007,63.76666848,0
0.0344,0.8414707655,3575.165763,24,12.87903262,20.19529837,63.77243051,0
0.03441,0.841636528,3575.153707,24,12.88273308,20.19927667,63.77819015,0
0.03442,0.8418022905,3575.141652,24,12.88643352,20.20325497,63.78394739,0
0.03443,0.841968053,3575.129596,24,12.89013394,20.20723327,63.78970225,0
0.03444,0.8421338156,3575.117541,24,12.89383433,20.21121157,63.79545471,0
0.03445,0.8422995781,3575.105485,24,12.89753469,20.21518987,63.80120479,0
0.03446,0.8424653406,3575.09343,24,12.90123503,20.21916817,63.80695247,0
0.03447,0.8426311031,3575.081374,24,12.90493534,20.22314647,63.81269777,0
0.03448,0.8427968656,3575.069319,24,12.90863563,20.22712477,63.81844069,0
0.03449,0.8429626281,3575.057263,24,12.91233589,20.23110307,63.82418122,0
0.0345,0.8431283906,3575.045208,24,12.91603613,20.23508137,63.82991937,0
0.03451,0.8432941531,3575.033153,24,12.91973634,20.23905967,63.83565514,0
0.03452,0.8434599156,3575.021097,24,12.92343652,20.24303797,63.84138853,0
0.03453,0.8436256781,3575.009042,24,12.92713668,20.24701627,63.84711954,0
0.03454,0.8437914406,3574.996986,24,12.93083682,20.25099458,63.85284818,0
0.03455,0.8439572031,3574.984931,24,12.93453693,20.25497288,63.85857444,0
0.03456,0.8441229656,3574.972875,24,12.93823702,20.25895118,63.86429833,0
0.03457,0.8442887281,3574.96082,24,12.94193708,20.26292948,63.87001984,0
0.03458,0.8444544907,3574.948764,24,12.94563711,20.26690778,63.87573899,0
0.03459,0.8446202532,3574.936709,24,12.94933712,20.27088608,63.88145576,0
0.0346,0.8447860157,3574.924653,24,12.95303711,20.27486438,63.88717017,0
0.03461,0.8449517782,3574.912598,24,12.95673707,20.27884268,63.89288221,0
0.03462,0.8451175407,3574.900542,24,12.960437,20.28282098,63.89859189,0
0.03463,0.8452833032,3574.888487,24,12.96413691,20.28679928,63.9042992,0
0.03464,0.8454490657,3574.876432,24,12.96783679,20.29077758,63.91000415,0
0.03465,0.8456148282,3574.864376,24,12.97153665,20.29475588,63.91570674,0
0.03466,0.8457805907,3574.852321,24,12.97523648,20.29873418,63.92140696,0
0.03467,0.8459463532,3574.840265,24,12.97893629,20.30271248,63.92710483,0
0.03468,0.8461121157,3574.82821,24,12.98263607,20.30669078,63.93280035,0
0.03469,0.8462778782,3574.816154,24,12.98633583,20.31066908,63.93849351,0
0.0347,0.8464436407,3574.804099,24,12.99003556,20.31464738,63.94418431,0
0.03471,0.8466094033,3574.792043,24,12.99373527,20.31862568,63.94987276,0
0.03472,0.8467751658,3574.779988,24,12.99743495,20.32260398,63.95555886,0
0.03473,0.8469409283,3574.767932,24,13.00113461,20.32658228,63.96124261,0
0.03474,0.8471066908,3574.755877,24,13.00483424,20.33056058,63.96692401,0
0.03475,0.8472724533,3574.743822,24,13.00853384,20.33453888,63.97260306,0
0.03476,0.8474382158,3574.731766,24,13.01223342,20.33851718,63.97827977,0
0.03477,0.8476039783,3574.719711,24,13.01593298,20.34249548,63.98395414,0
0.03478,0.8477697408,3574.707655,24,13.01963251,20.34647378,63.98962616,0
0.03479,0.8479355033,3574.6956,24,13.02333201,20.35045208,63.99529584,0
0.0348,0.8481012658,3574.683544,24,13.02703149,20.35443038,64.00096317,0
0.03481,0.8482670283,3574.671489,24,13.03073095,20.35840868,64.00662817,0
0.03482,0.8484327908,3574.659433,24,13.03443037,20.36238698,64.01229083,0
0.03483,0.8485985533,3574.647378,24,13.03812978,20.36636528,64.01795116,0
0.03484,0.8487643159,3574.635322,24,13.04182916,20.37034358,64.02360915,0
0.03485,0.8489300784,3574.623267,24,13.04552851,20.37432188,64.02926481,0
0.03486,0.8490958409,3574.611212,24,13.04922784,20.37830018,64.03491813,0
0.03487,0.8492616034,3574.599156,24,13.05292714,20.38227848,64.04056913,0
0.03488,0.8494273659,3574.587101,24,13.05662642,20.38625678,64.04621779,0
0.03489,0.8495931284,3574.575045,24,13.06032567,20.39023508,64.05186413,0
0.0349,0.8497588909,3574.56299,24,13.0640249,20.39421338,64.05750814,0
0.03491,0.8499246534,3574.550934,24,13.0677241,20.39819168,64.06314983,0
0.03492,0.8500904159,3574.538879,24,13.07142328,20.40216998,64.06878919,0
0.03493,0.8502561784,3574.526823,24,13.07512243,20.40614828,64.07442622,0
0.03494,0.8504219409,3574.514768,24,13.07882155,20.41012658,64.08006094,0
0.03495,0.8505877034,3574.502712,24,13.08252065,20.41410488,64.08569334,0
0.03496,0.8507534659,3574.490657,24,13.08621973,20.41808318,64.09132342,0
0.03497,0.8509192285,3574.478602,24,13.08991878,20.42206148,64.09695118,0
0.03498,0.851084991,3574.466546,24,13.0936178,20.42603978,64.10257663,0
0.03499,0.8512507535,3574.454491,24,13.0973168,20.43001808,64.10819976,0
0.035,0.851416516,3574.442435,24,13.10101578,20.43399638,64.11382058,0
0.03501,0.8515822785,3574.43038,24,13.10471473,20.43797468,64.11943908,0
0.03502,0.851748041,3574.418324,24,13.10841365,20.44195298,64.12505528,0
0.03503,0.8519138035,3574.406269,24,13.11211255,20.44593128,64.13066917,0
0.03504,0.852079566,3574.394213,24,13.11581142,20.44990958,64.13628074,0
0.03505,0.8522453285,3574.382158,24,13.11951027,20.45388788,64.14189002,0
0.03506,0.852411091,3574.370102,24,13.12320909,20.45786618,64.14749699,0
0.03507,0.8525768535,3574.358047,24,13.12690789,20.46184448,64.15310165,0
0.03508,0.852742616,3574.345992,24,13.13060666,20.46582278,64.15870401,0
0.03509,0.8529083785,3574.333936,24,13.13430541,20.46980108,64.16430407,0
0.0351,0.853074141,3574.321881,24,13.13800413,20.47377939,64.16990183,0
0.03511,0.8532399036,3574.309825,24,13.14170283,20.47775769,64.1754973,0
0.03512,0.8534056661,3574.29777,24,13.1454015,20.48173599,64.18109046,0
0.03513,0.8535714286,3574.285714,24,13.14910015,20.48571429,64.18668133,0
0.03514,0.8537371911,3574.273659,24,13.15279877,20.48969259,64.19226991,0
0.03515,0.8539029536,3574.261603,24,13.15649736,20.49367089,64.19785619,0
0.03516,0.8540687161,3574.249548,24,13.16019593,20.49764919,64.20344019,0
0.03517,0.8542344786,3574.237492,24,13.16389448,20.50162749,64.20902189,0
0.03518,0.8544002411,3574.225437,24,13.167593,20.50560579,64.2146013,0
0.03519,0.8545660036,3574.213382,24,13.17129149,20.50958409,64.22017842,0
0.0352,0.8547317661,3574.201326,24,13.17498996,20.51356239,64.22575326,0
0.03521,0.8548975286,3574.189271,24,13.17868841,20.51754069,64.23132582,0
0.03522,0.8550632911,3574.177215,24,13.18238683,20.52151899,64.23689609,0
0.03523,0.8552290536,3574.16516,24,13.18608522,20.52549729,64.24246407,0
0.03524,0.8553948162,3574.153104,24,13.18978359,20.52947559,64.24802978,0
0.03525,0.8555605787,3574.141049,24,13.19348193,20.53345389,64.25359321,0
0.03526,0.8557263412,3574.128993,24,13.19718025,20.53743219,64.25915436,0
0.03527,0.8558921037,3574.116938,24,13.20087854,20.54141049,64.26471323,0
0.03528,0.8560578662,3574.104882,24,13.20457681,20.54538879,64.27026982,0
0.03529,0.8562236287,3574.092827,24,13.20827505,20.54936709,64.27582415,0
0.0353,0.8563893912,3574.080772,24,13.21197327,20.55334539,64.2813762,0
0.03531,0.8565551537,3574.068716,24,13.21567146,20.55732369,64.28692597,0
0.03532,0.8567209162,3574.056661,24,13.21936963,20.56130199,64.29247348,0
0.03533,0.8568866787,3574.044605,24,13.22306777,20.56528029,64.29801872,0
0.03534,0.8570524412,3574.03255,24,13.22676589,20.56925859,64.30356169,0
0.03535,0.8572182037,3574.020494,24,13.23046398,20.57323689,64.30910239,0
0.03536,0.8573839662,3574.008439,24,13.23416204,20.57721519,64.31464083,0
0.03537,0.8575497288,3573.996383,24,13.23786008,20.58119349,64.320177,0
0.03538,0.8577154913,3573.984328,24,13.2415581,20.58517179,64.32571091,0
0.03539,0.8578812538,3573.972272,24,13.24525609,20.58915009,64.33124256,0
0.0354,0.8580470163,3573.960217,24,13.24895405,20.59312839,64.33677196,0
0.03541,0.8582127788,3573.948162,24,13.25265199,20.59710669,64.34229909,0
0.03542,0.8583785413,3573.936106,24,13.2563499,20.60108499,64.34782396,0
0.03543,0.8585443038,3573.924051,24,13.26004779,20.60506329,64.35334658,0
0.03544,0.8587100663,3573.911995,24,13.26374566,20.60904159,64.35886695,0
0.03545,0.8588758288,3573.89994,24,13.26744349,20.61301989,64.36438506,0
0.03546,0.8590415913,3573.887884,24,13.27114131,20.61699819,64.36990092,0
0.03547,0.8592073538,3573.875829,24,13.2748391,20.62097649,64.37541452,0
0.03548,0.8593731163,3573.863773,24,13.27853686,20.62495479,64.38092588,0
0.03549,0.8595388788,3573.851718,24,13.2822346,20.62893309,64.38643499,0
0.0355,0.8597046414,3573.839662,24,13.28593231,20.63291139,64.39194186,0
0.03551,0.8598704039,3573.827607,24,13.28962999,20.63688969,64.39744648,0
0.03552,0.8600361664,3573.815552,24,13.29332766,20.64086799,64.40294885,0
0.03553,0.8602019289,3573.803496,24,13.29702529,20.64484629,64.40844898,0
0.03554,0.8603676914,3573.791441,24,13.3007229,20.64882459,64.41394687,0
0.03555,0.8605334539,3573.779385,24,13.30442049,20.65280289,64.41944252,0
0.03556,0.8606992164,3573.76733,24,13.30811805,20.65678119,64.42493593,0
0.03557,0.8608649789,3573.755274,24,13.31181558,20.66075949,64.4304271,0
0.03558,0.8610307414,3573.743219,24,13.31551309,20.66473779,64.43591604,0
0.03559,0.8611965039,3573.731163,24,13.31921058,20.66871609,64.44140274,0
0.0356,0.8613622664,3573.719108,24,13.32290804,20.67269439,64.44688721,0
0.03561,0.8615280289,3573.707052,24,13.32660547,20.67667269,64.45236944,0
0.03562,0.8616937914,3573.694997,24,13.33030288,20.68065099,64.45784944,0
0.03563,0.8618595539,3573.682942,24,13.33400027,20.68462929,64.46332722,0
0.03564,0.8620253165,3573.670886,24,13.33769762,20.68860759,64.46880276,0
0.03565,0.862191079,3573.658831,24,13.34139496,20.6925859,64.47427608,0
0.03566,0.8623568415,3573.646775,24,13.34509227,20.6965642,64.47974717,0
0.03567,0.862522604,3573.63472,24,13.34878955,20.7005425,64.48521603,0
0.03568,0.8626883665,3573.622664,24,13.35248681,20.7045208,64.49068267,0
0.03569,0.862854129,3573.610609,24,13.35618404,20.7084991,64.49614709,0
0.0357,0.8630198915,3573.598553,24,13.35988124,20.7124774,64.50160929,0
0.03571,0.863185654,3573.586498,24,13.36357843,20.7164557,64.50706927,0
0.03572,0.8633514165,3573.574442,24,13.36727558,20.720434,64.51252703,0
0.03573,0.863517179,3573.562387,24,13.37097271,20.7244123,64.51798258,0
0.03574,0.8636829415,3573.550332,24,13.37466982,20.7283906,64.5234359,0
0.03575,0.863848704,3573.538276,24,13.3783669,20.7323689,64.52888702,0
0.03576,0.8640144665,3573.526221,24,13.38206396,20.7363472,64.53433592,0
0.03577,0.8641802291,3573.514165,24,13.38576099,20.7403255,64.5397826,0
0.03578,0.8643459916,3573.50211,24,13.38945799,20.7443038,64.54522708,0
0.03579,0.8645117541,3573.490054,24,13.39315497,20.7482821,64.55066935,0
0.0358,0.8646775166,3573.477999,24,13.39685193,20.7522604,64.5561094,0
0.03581,0.8648432791,3573.465943,24,13.40054886,20.7562387,64.56154726,0
0.03582,0.8650090416,3573.453888,24,13.40424576,20.760217,64.5669829,0
0.03583,0.8651748041,3573.441832,24,13.40794264,20.7641953,64.57241634,0
0.03584,0.8653405666,3573.429777,24,13.41163949,20.7681736,64.57784758,0
0.03585,0.8655063291,3573.417722,24,13.41533632,20.7721519,64.58327662,0
0.03586,0.8656720916,3573.405666,24,13.41903312,20.7761302,64.58870345,0
0.03587,0.8658378541,3573.393611,24,13.4227299,20.7801085,64.59412809,0
0.03588,0.8660036166,3573.381555,24,13.42642665,20.7840868,64.59955053,0
0.03589,0.8661693791,3573.3695,24,13.43012338,20.7880651,64.60497077,0
0.0359,0.8663351417,3573.357444,24,13.43382008,20.7920434,64.61038881,0
0.03591,0.8665009042,3573.345389,24,13.43751676,20.7960217,64.61580467,0
0.03592,0.8666666667,3573.333333,24,13.44121341,20.8,64.62121832,0
0.03593,0.8668324292,3573.321278,24,13.44491004,20.8039783,64.62662979,0
0.03594,0.8669981917,3573.309222,24,13.44860664,20.8079566,64.63203907,0
0.03595,0.8671639542,3573.297167,24,13.45230321,20.8119349,64.63744615,0
0.03596,0.8673297167,3573.285112,24,13.45599976,20.8159132,64.64285105,0
0.03597,0.8674954792,3573.273056,24,13.45969629,20.8198915,64.64825376,0
0.03598,0.8676612417,3573.261001,24,13.46339279,20.8238698,64.65365429,0
0.03599,0.8678270042,3573.248945,24,13.46708927,20.8278481,64.65905263,0
0.036,0.8679927667,3573.23689,24,13.47078571,20.8318264,64.66444879,0
0.03601,0.8681585292,3573.224834,24,13.47448214,20.8358047,64.66984276,0
0.03602,0.8683242917,3573.212779,24,13.47817854,20.839783,64.67523456,0
0.03603,0.8684900542,3573.200723,24,13.48187491,20.8437613,64.68062418,0
0.03604,0.8686558168,3573.188668,24,13.48557126,20.8477396,64.68601161,0
0.03605,0.8688215793,3573.176612,24,13.48926758,20.8517179,64.69139688,0
0.03606,0.8689873418,3573.164557,24,13.49296388,20.8556962,64.69677996,0
0.03607,0.8691531043,3573.152502,24,13.49666015,20.8596745,64.70216087,0
0.03608,0.8693188668,3573.140446,24,13.5003564,20.8636528,64.70753961,0
0.03609,0.8694846293,3573.128391,24,13.50405262,20.8676311,64.71291618,0
0.0361,0.8696503918,3573.116335,24,13.50774882,20.8716094,64.71829058,0
0.03611,0.8698161543,3573.10428,24,13.51144499,20.8755877,64.7236628,0
0.03612,0.8699819168,3573.092224,24,13.51514114,20.879566,64.72903286,0
0.03613,0.8701476793,3573.080169,24,13.51883726,20.8835443,64.73440075,0
0.03614,0.8703134418,3573.068113,24,13.52253336,20.8875226,64.73976648,0
0.03615,0.8704792043,3573.056058,24,13.52622943,20.8915009,64.74513004,0
0.03616,0.8706449668,3573.044002,24,13.52992547,20.8954792,64.75049144,0
0.03617,0.8708107294,3573.031947,24,13.53362149,20.8994575,64.75585068,0
0.03618,0.8709764919,3573.019892,24,13.53731749,20.9034358,64.76120775,0
0.03619,0.8711422544,3573.007836,24,13.54101346,20.9074141,64.76656267,0
0.0362,0.8713080169,3572.995781,24,13.5447094,20.91139241,64.77191543,0
0.03621,0.8714737794,3572.983725,24,13.54840532,20.91537071,64.77726603,0
0.03622,0.8716395419,3572.97167,24,13.55210122,20.91934901,64.78261447,0
0.03623,0.8718053044,3572.959614,24,13.55579709,20.92332731,64.78796077,0
0.03624,0.8719710669,3572.947559,24,13.55949293,20.92730561,64.7933049,0
0.03625,0.8721368294,3572.935503,24,13.56318875,20.93128391,64.79864689,0
0.03626,0.8723025919,3572.923448,24,13.56688454,20.93526221,64.80398672,0
0.03627,0.8724683544,3572.911392,24,13.57058031,20.93924051,64.80932441,0
0.03628,0.8726341169,3572.899337,24,13.57427605,20.94321881,64.81465995,0
0.03629,0.8727998794,3572.887281,24,13.57797177,20.94719711,64.81999333,0
0.0363,0.872965642,3572.875226,24,13.58166746,20.95117541,64.82532458,0
0.03631,0.8731314045,3572.863171,24,13.58536313,20.95515371,64.83065368,0
0.03632,0.873297167,3572.851115,24,13.58905877,20.95913201,64.83598063,0
0.03633,0.8734629295,3572.83906,24,13.59275439,20.96311031,64.84130544,0
0.03634,0.873628692,3572.827004,24,13.59644998,20.96708861,64.84662812,0
0.03635,0.8737944545,3572.814949,24,13.60014554,20.97106691,64.85194865,0
0.03636,0.873960217,3572.802893,24,13.60384108,20.97504521,64.85726704,0
0.03637,0.8741259795,3572.790838,24,13.6075366,20.97902351,64.8625833,0
0.03638,0.874291742,3572.778782,24,13.61123209,20.98300181,64.86789742,0
0.03639,0.8744575045,3572.766727,24,13.61492755,20.98698011,64.8732094,0
0.0364,0.874623267,3572.754671,24,13.61862299,20.99095841,64.87851925,0
0.03641,0.8747890295,3572.742616,24,13.62231841,20.99493671,64.88382697,0
0.03642,0.874954792,3572.730561,24,13.6260138,20.99891501,64.88913256,0
0.03643,0.8751205546,3572.718505,24,13.62970916,21.00289331,64.89443601,0
0.03644,0.8752863171,3572.70645,24,13.6334045,21.00687161,64.89973734,0
0.03645,0.8754520796,3572.694394,24,13.63709981,21.01084991,64.90503654,0
0.03646,0.8756178421,3572.682339,24,13.6407951,21.01482821,64.91033362,0
0.03647,0.8757836046,3572.670283,24,13.64449036,21.01880651,64.91562856,0
0.03648,0.8759493671,3572.658228,24,13.6481856,21.02278481,64.92092139,0
0.03649,0.8761151296,3572.646172,24,13.65188081,21.02676311,64.92621209,0
0.0365,0.8762808921,3572.634117,24,13.655576,21.03074141,64.93150067,0
0.03651,0.8764466546,3572.622061,24,13.65927116,21.03471971,64.93678713,0
0.03652,0.8766124171,3572.610006,24,13.6629663,21.03869801,64.94207147,0
0.03653,0.8767781796,3572.597951,24,13.66666141,21.04267631,64.94735369,0
0.03654,0.8769439421,3572.585895,24,13.6703565,21.04665461,64.9526338,0
0.03655,0.8771097046,3572.57384,24,13.67405156,21.05063291,64.95791178,0
0.03656,0.8772754671,3572.561784,24,13.67774659,21.05461121,64.96318766,0
0.03657,0.8774412297,3572.549729,24,13.6814416,21.05858951,64.96846142,0
0.03658,0.8776069922,3572.537673,24,13.68513659,21.06256781,64.97373307,0
0.03659,0.8777727547,3572.525618,24,13.68883155,21.06654611,64.97900261,0
0.0366,0.8779385172,3572.513562,24,13.69252648,21.07052441,64.98427004,0
0.03661,0.8781042797,3572.501507,24,13.69622139,21.07450271,64.98953536,0
0.03662,0.8782700422,3572.489451,24,13.69991628,21.07848101,64.99479857,0
0.03663,0.8784358047,3572.477396,24,13.70361113,21.08245931,65.00005968,0
0.03664,0.8786015672,3572.465341,24,13.70730597,21.08643761,65.00531868,0
0.03665,0.8787673297,3572.453285,24,13.71100078,21.09041591,65.01057558,0
0.03666,0.8789330922,3572.44123,24,13.71469556,21.09439421,65.01583037,0
0.03667,0.8790988547,3572.429174,24,13.71839032,21.09837251,65.02108307,0
0.03668,0.8792646172,3572.417119,24,13.72208505,21.10235081,65.02633366,0
0.03669,0.8794303797,3572.405063,24,13.72577976,21.10632911,65.03158215,0
0.0367,0.8795961423,3572.393008,24,13.72947444,21.11030741,65.03682855,0
0.03671,0.8797619048,3572.380952,24,13.7331691,21.11428571,65.04207285,0
0.03672,0.8799276673,3572.368897,24,13.73686373,21.11826401,65.04731506,0
0.03673,0.8800934298,3572.356841,24,13.74055833,21.12224231,65.05255517,0
0.03674,0.8802591923,3572.344786,24,13.74425292,21.12622061,65.05779319,0
0.03675,0.8804249548,3572.332731,24,13.74794747,21.13019892,65.06302911,0
0.03676,0.8805907173,3572.320675,24,13.751642,21.13417722,65.06826295,0
0.03677,0.8807564798,3572.30862,24,13.75533651,21.13815552,65.07349469,0
0.03678,0.8809222423,3572.296564,24,13.75903099,21.14213382,65.07872435,0
0.03679,0.8810880048,3572.284509,24,13.76272544,21.14611212,65.08395192,0
0.0368,0.8812537673,3572.272453,24,13.76641987,21.15009042,65.08917741,0
0.03681,0.8814195298,3572.260398,24,13.77011428,21.15406872,65.09440081,0
0.03682,0.8815852923,3572.248342,24,13.77380866,21.15804702,65.09962212,0
0.03683,0.8817510549,3572.236287,24,13.77750301,21.16202532,65.10484135,0
0.03684,0.8819168174,3572.224231,24,13.78119734,21.16600362,65.11005851,0
0.03685,0.8820825799,3572.212176,24,13.78489164,21.16998192,65.11527358,0
0.03686,0.8822483424,3572.200121,24,13.78858592,21.17396022,65.12048657,0
0.03687,0.8824141049,3572.188065,24,13.79228017,21.17793852,65.12569749,0
0.03688,0.8825798674,3572.17601,24,13.7959744,21.18191682,65.13090633,0
0.03689,0.8827456299,3572.163954,24,13.7996686,21.18589512,65.13611309,0
0.0369,0.8829113924,3572.151899,24,13.80336278,21.18987342,65.14131778,0
0.03691,0.8830771549,3572.139843,24,13.80705693,21.19385172,65.14652039,0
0.03692,0.8832429174,3572.127788,24,13.81075106,21.19783002,65.15172094,0
0.03693,0.8834086799,3572.115732,24,13.81444516,21.20180832,65.15691941,0
0.03694,0.8835744424,3572.103677,24,13.81813924,21.20578662,65.16211582,0
0.03695,0.8837402049,3572.091621,24,13.82183329,21.20976492,65.16731015,0
0.03696,0.8839059675,3572.079566,24,13.82552731,21.21374322,65.17250242,0
0.03697,0.88407173,3572.067511,24,13.82922131,21.21772152,65.17769262,0
0.03698,0.8842374925,3572.055455,24,13.83291529,21.22169982,65.18288076,0
0.03699,0.884403255,3572.0434,24,13.83660924,21.22567812,65.18806683,0
0.037,0.8845690175,3572.031344,24,13.84030316,21.22965642,65.19325084,0
0.03701,0.88473478,3572.019289,24,13.84399706,21.23363472,65.19843279,0
0.03702,0.8849005425,3572.007233,24,13.84769094,21.23761302,65.20361268,0
0.03703,0.885066305,3571.995178,24,13.85138479,21.24159132,65.20879051,0
0.03704,0.8852320675,3571.983122,24,13.85507861,21.24556962,65.21396628,0
0.03705,0.88539783,3571.971067,24,13.85877241,21.24954792,65.21914,0
0.03706,0.8855635925,3571.959011,24,13.86246618,21.25352622,65.22431166,0
0.03707,0.885729355,3571.946956,24,13.86615993,21.25750452,65.22948126,0
0.03708,0.8858951175,3571.934901,24,13.86985365,21.26148282,65.23464881,0
0.03709,0.88606088,3571.922845,24,13.87354735,21.26546112,65.23981431,0
0.0371,0.8862266426,3571.91079,24,13.87724102,21.26943942,65.24497776,0
0.03711,0.8863924051,3571.898734,24,13.88093467,21.27341772,65.25013916,0
0.03712,0.8865581676,3571.886679,24,13.88462829,21.27739602,65.25529851,0
0.03713,0.8867239301,3571.874623,24,13.88832189,21.28137432,65.26045581,0
0.03714,0.8868896926,3571.862568,24,13.89201546,21.28535262,65.26561107,0
0.03715,0.8870554551,3571.850512,24,13.895709,21.28933092,65.27076428,0
0.03716,0.8872212176,3571.838457,24,13.89940252,21.29330922,65.27591545,0
0.03717,0.8873869801,3571.826401,24,13.90309602,21.29728752,65.28106457,0
0.03718,0.8875527426,3571.814346,24,13.90678949,21.30126582,65.28621165,0
0.03719,0.8877185051,3571.802291,24,13.91048293,21.30524412,65.29135669,0
0.0372,0.8878842676,3571.790235,24,13.91417635,21.30922242,65.29649969,0
0.03721,0.8880500301,3571.77818,24,13.91786975,21.31320072,65.30164065,0
0.03722,0.8882157926,3571.766124,24,13.92156312,21.31717902,65.30677958,0
0.03723,0.8883815552,3571.754069,24,13.92525646,21.32115732,65.31191647,0
0.03724,0.8885473177,3571.742013,24,13.92894978,21.32513562,65.31705132,0
0.03725,0.8887130802,3571.729958,24,13.93264307,21.32911392,65.32218414,0
0.03726,0.8888788427,3571.717902,24,13.93633634,21.33309222,65.32731493,0
0.03727,0.8890446052,3571.705847,24,13.94002958,21.33707052,65.33244369,0
0.03728,0.8892103677,3571.693791,24,13.9437228,21.34104882,65.33757041,0
0.03729,0.8893761302,3571.681736,24,13.94741599,21.34502712,65.34269511,0
0.0373,0.8895418927,3571.669681,24,13.95110916,21.34900542,65.34781778,0
0.03731,0.8897076552,3571.657625,24,13.9548023,21.35298373,65.35293842,0
0.03732,0.8898734177,3571.64557,24,13.95849542,21.35696203,65.35805703,0
0.03733,0.8900391802,3571.633514,24,13.96218851,21.36094033,65.36317362,0
0.03734,0.8902049427,3571.621459,24,13.96588158,21.36491863,65.36828819,0
0.03735,0.8903707052,3571.609403,24,13.96957462,21.36889693,65.37340073,0
0.03736,0.8905364678,3571.597348,24,13.97326763,21.37287523,65.37851125,0
0.03737,0.8907022303,3571.585292,24,13.97696063,21.37685353,65.38361976,0
0.03738,0.8908679928,3571.573237,24,13.98065359,21.38083183,65.38872624,0
0.03739,0.8910337553,3571.561181,24,13.98434653,21.38481013,65.3938307,0
0.0374,0.8911995178,3571.549126,24,13.98803945,21.38878843,65.39893315,0
0.03741,0.8913652803,3571.537071,24,13.99173233,21.39276673,65.40403358,0
0.03742,0.8915310428,3571.525015,24,13.9954252,21.39674503,65.409132,0
0.03743,0.8916968053,3571.51296,24,13.99911804,21.40072333,65.41422841,0
0.03744,0.8918625678,3571.500904,24,14.00281085,21.40470163,65.4193228,0
0.03745,0.8920283303,3571.488849,24,14.00650364,21.40867993,65.42441518,0
0.03746,0.8921940928,3571.476793,24,14.0101964,21.41265823,65.42950555,0
0.03747,0.8923598553,3571.464738,24,14.01388914,21.41663653,65.43459391,0
0.03748,0.8925256178,3571.452682,24,14.01758185,21.42061483,65.43968026,0
0.03749,0.8926913803,3571.440627,24,14.02127454,21.42459313,65.44476461,0
0.0375,0.8928571429,3571.428571,24,14.0249672,21.42857143,65.44984695,0
0.03751,0.8930229054,3571.416516,24,14.02865984,21.43254973,65.45492729,0
0.03752,0.8931886679,3571.404461,24,14.03235245,21.43652803,65.46000562,0
0.03753,0.8933544304,3571.392405,24,14.03604504,21.44050633,65.46508195,0
0.03754,0.8935201929,3571.38035,24,14.0397376,21.44448463,65.47015628,0
0.03755,0.8936859554,3571.368294,24,14.04343014,21.44846293,65.47522861,0
0.03756,0.8938517179,3571.356239,24,14.04712265,21.45244123,65.48029894,0
0.03757,0.8940174804,3571.344183,24,14.05081513,21.45641953,65.48536727,0
0.03758,0.8941832429,3571.332128,24,14.05450759,21.46039783,65.49043361,0
0.03759,0.8943490054,3571.320072,24,14.05820003,21.46437613,65.49549795,0
0.0376,0.8945147679,3571.308017,24,14.06189244,21.46835443,65.50056029,0
0.03761,0.8946805304,3571.295961,24,14.06558482,21.47233273,65.50562064,0
0.03762,0.8948462929,3571.283906,24,14.06927718,21.47631103,65.510679,0
0.03763,0.8950120555,3571.271851,24,14.07296951,21.48028933,65.51573537,0
0.03764,0.895177818,3571.259795,24,14.07666182,21.48426763,65.52078975,0
0.03765,0.8953435805,3571.24774,24,14.08035411,21.48824593,65.52584214,0
0.03766,0.895509343,3571.235684,24,14.08404637,21.49222423,65.53089254,0
0.03767,0.8956751055,3571.223629,24,14.0877386,21.49620253,65.53594095,0
0.03768,0.895840868,3571.211573,24,14.09143081,21.50018083,65.54098738,0
0.03769,0.8960066305,3571.199518,24,14.09512299,21.50415913,65.54603183,0
0.0377,0.896172393,3571.187462,24,14.09881515,21.50813743,65.55107429,0
0.03771,0.8963381555,3571.175407,24,14.10250728,21.51211573,65.55611476,0
0.03772,0.896503918,3571.163351,24,14.10619938,21.51609403,65.56115326,0
0.03773,0.8966696805,3571.151296,24,14.10989147,21.52007233,65.56618978,0
0.03774,0.896835443,3571.139241,24,14.11358352,21.52405063,65.57122431,0
0.03775,0.8970012055,3571.127185,24,14.11727555,21.52802893,65.57625687,0
0.03776,0.8971669681,3571.11513,24,14.12096756,21.53200723,65.58128746,0
0.03777,0.8973327306,3571.103074,24,14.12465954,21.53598553,65.58631606,0
0.03778,0.8974984931,3571.091019,24,14.12835149,21.53996383,65.5913427,0
0.03779,0.8976642556,3571.078963,24,14.13204342,21.54394213,65.59636735,0
0.0378,0.8978300181,3571.066908,24,14.13573533,21.54792043,65.60139004,0
0.03781,0.8979957806,3571.054852,24,14.13942721,21.55189873,65.60641075,0
0.03782,0.8981615431,3571.042797,24,14.14311906,21.55587703,65.6114295,0
0.03783,0.8983273056,3571.030741,24,14.14681089,21.55985533,65.61644627,0
0.03784,0.8984930681,3571.018686,24,14.1505027,21.56383363,65.62146108,0
0.03785,0.8986588306,3571.006631,24,14.15419447,21.56781193,65.62647392,0
0.03786,0.8988245931,3570.994575,24,14.15788623,21.57179024,65.63148479,0
0.03787,0.8989903556,3570.98252,24,14.16157796,21.57576854,65.6364937,0
0.03788,0.8991561181,3570.970464,24,14.16526966,21.57974684,65.64150065,0
0.03789,0.8993218807,3570.958409,24,14.16896134,21.58372514,65.64650563,0
0.0379,0.8994876432,3570.946353,24,14.17265299,21.58770344,65.65150865,0
0.03791,0.8996534057,3570.934298,24,14.17634462,21.59168174,65.65650971,0
0.03792,0.8998191682,3570.922242,24,14.18003622,21.59566004,65.66150881,0
0.03793,0.8999849307,3570.910187,24,14.18372779,21.59963834,65.66650595,0
0.03794,0.9,3568.888889,23.98666667,14.17943649,21.588,65.68202932,1
0.03795,0.9,3566.666667,23.972,14.17434245,21.5748,65.69860418,1
0.03796,0.9,3564.444444,23.95733333,14.16924377,21.5616,65.71517775,1
0.03797,0.9,3562.222222,23.94266667,14.16414042,21.5484,65.73175003,1
0.03798,0.9,3560,23.928,14.15903243,21.5352,65.74832101,1
0.03799,0.9,3557.777778,23.91333333,14.15391977,21.522,65.76489069,1
0.038,0.9,3555.555556,23.89866667,14.14880247,21.5088,65.78145907,1
0.03801,0.9,3553.333333,23.884,14.14368051,21.4956,65.79802615,1
0.03802,0.9,3551.111111,23.86933333,14.1385539,21.4824,65.81459193,1
0.03803,0.9,3548.888889,23.85466667,14.13342263,21.4692,65.83115639,1
0.03804,0.9,3546.666667,23.84,14.12828671,21.456,65.84771955,1
0.03805,0.9,3544.444444,23.82533333,14.12314613,21.4428,65.86428139,1
0.03806,0.9,3542.222222,23.81066667,14.1180009,21.4296,65.88084191,1
0.03807,0.9,3540,23.796,14.11285101,21.4164,65.89740112,1
0.03808,0.9,3537.777778,23.78133333,14.10769647,21.4032,65.91395901,1
0.03809,0.9,3535.555556,23.76666667,14.10253728,21.39,65.93051558,1
0.0381,0.9,3533.333333,23.752,14.09737343,21.3768,65.94707082,1
0.03811,0.9,3531.111111,23.73733333,14.09220493,21.3636,65.96362473,1
0.03812,0.9,3528.888889,23.72266667,14.08703178,21.3504,65.98017731,1
0.03813,0.9,3526.666667,23.708,14.08185397,21.3372,65.99672856,1
0.03814,0.9,3524.444444,23.69333333,14.0766715,21.324,66.01327848,1
0.03815,0.9,3522.222222,23.67866667,14.07148438,21.3108,66.02982705,1
0.03816,0.9,3520,23.664,14.06629261,21.2976,66.04637429,1
0.03817,0.9,3517.777778,23.64933333,14.06109618,21.2844,66.06292019,1
0.03818,0.9,3515.555556,23.63466667,14.0558951,21.2712,66.07946474,1
0.03819,0.9,3513.333333,23.62,14.05068937,21.258,66.09600794,1
0.0382,0.9,3511.111111,23.60533333,14.04547898,21.2448,66.11254979,1
0.03821,0.9,3508.888889,23.59066667,14.04026393,21.2316,66.12909029,1
0.03822,0.9,3506.666667,23.576,14.03504424,21.2184,66.14562943,1
0.03823,0.9,3504.444444,23.56133333,14.02981988,21.2052,66.16216722,1
0.03824,0.9,3502.222222,23.54666667,14.02459088,21.192,66.17870365,1
0.03825,0.9,3500,23.532,14.01935722,21.1788,66.19523871,1
0.03826,0.9,3497.777778,23.51733333,14.0141189,21.1656,66.21177241,1
0.03827,0.9,3495.555556,23.50266667,14.00887593,21.1524,66.22830474,1
0.03828,0.9,3493.333333,23.488,14.00362831,21.1392,66.24483571,1
0.03829,0.9,3491.111111,23.47333333,13.99837603,21.126,66.26136529,1
0.0383,0.9,3488.888889,23.45866667,13.9931191,21.1128,66.27789351,1
0.03831,0.9,3486.666667,23.444,13.98785751,21.0996,66.29442034,1
0.03832,0.9,3484.444444,23.42933333,13.98259127,21.0864,66.3109458,1
0.03833,0.9,3482.222222,23.41466667,13.97732038,21.0732,66.32746987,1
0.03834,0.9,3480,23.4,13.97204483,21.06,66.34399255,1
0.03835,0.9,3477.777778,23.38533333,13.96676463,21.0468,66.36051385,1
0.03836,0.9,3475.555556,23.37066667,13.96147977,21.0336,66.37703375,1
0.03837,0.9,3473.333333,23.356,13.95619026,21.0204,66.39355227,1
0.03838,0.9,3471.111111,23.34133333,13.95089609,21.0072,66.41006938,1
0.03839,0.9,3468.888889,23.32666667,13.94559728,20.994,66.4265851,1
0.0384,0.9,3466.666667,23.312,13.9402938,20.9808,66.44309941,1
0.03841,0.9,3464.444444,23.29733333,13.93498567,20.9676,66.45961232,1
0.03842,0.9,3462.222222,23.28266667,13.92967289,20.9544,66.47612383,1
0.03843,0.9,3460,23.268,13.92435545,20.9412,66.49263392,1
0.03844,0.9,3457.777778,23.25333333,13.91903336,20.928,66.5091426,1
0.03845,0.9,3455.555556,23.23866667,13.91370662,20.9148,66.52564987,1
0.03846,0.9,3453.333333,23.224,13.90837522,20.9016,66.54215572,1
0.03847,0.9,3451.111111,23.20933333,13.90303917,20.8884,66.55866015,1
0.03848,0.9,3448.888889,23.19466667,13.89769846,20.8752,66.57516316,1
0.03849,0.9,3446.666667,23.18,13.8923531,20.862,66.59166474,1
0.0385,0.9,3444.444444,23.16533333,13.88700308,20.8488,66.60816489,1
0.03851,0.9,3442.222222,23.15066667,13.88164841,20.8356,66.62466361,1
0.03852,0.9,3440,23.136,13.87628909,20.8224,66.6411609,1
0.03853,0.9,3437.777778,23.12133333,13.87092511,20.8092,66.65765675,1
0.03854,0.9,3435.555556,23.10666667,13.86555648,20.796,66.67415116,1
0.03855,0.9,3433.333333,23.092,13.86018319,20.7828,66.69064413,1
0.03856,0.9,3431.111111,23.07733333,13.85480525,20.7696,66.70713566,1
0.03857,0.9,3428.888889,23.06266667,13.84942265,20.7564,66.72362574,1
0.03858,0.9,3426.666667,23.048,13.8440354,20.7432,66.74011436,1
0.03859,0.9,3424.444444,23.03333333,13.8386435,20.73,66.75660154,1
0.0386,0.9,3422.222222,23.01866667,13.83324694,20.7168,66.77308726,1
0.03861,0.9,3420,23.004,13.82784573,20.7036,66.78957152,1
0.03862,0.9,3417.777778,22.98933333,13.82243986,20.6904,66.80605432,1
0.03863,0.9,3415.555556,22.97466667,13.81702934,20.6772,66.82253565,1
0.03864,0.9,3413.333333,22.96,13.81161417,20.664,66.83901552,1
0.03865,0.9,3411.111111,22.94533333,13.80619434,20.6508,66.85549391,1
0.03866,0.9,3408.888889,22.93066667,13.80076985,20.6376,66.87197084,1
0.03867,0.9,3406.666667,22.916,13.79534072,20.6244,66.88844629,1
0.03868,0.9,3404.444444,22.90133333,13.78990692,20.6112,66.90492026,1
0.03869,0.9,3402.222222,22.88666667,13.78446848,20.598,66.92139275,1
0.0387,0.9,3400,22.872,13.77902538,20.5848,66.93786376,1
0.03871,0.9,3397.777778,22.85733333,13.77357762,20.5716,66.95433328,1
0.03872,0.9,3395.555556,22.84266667,13.76812522,20.5584,66.97080131,1
0.03873,0.9,3393.333333,22.828,13.76266815,20.5452,66.98726784,1
0.03874,0.9,3391.111111,22.81333333,13.75720644,20.532,67.00373288,1
0.03875,0.9,3388.888889,22.79866667,13.75174006,20.5188,67.02019643,1
0.03876,0.9,3386.666667,22.784,13.74626904,20.5056,67.03665847,1
0.03877,0.9,3384.444444,22.76933333,13.74079336,20.4924,67.05311901,1
0.03878,0.9,3382.222222,22.75466667,13.73531303,20.4792,67.06957804,1
0.03879,0.9,3380,22.74,13.72982804,20.466,67.08603556,1
0.0388,0.9,3377.777778,22.72533333,13.7243384,20.4528,67.10249157,1
0.03881,0.9,3375.555556,22.71066667,13.7188441,20.4396,67.11894606,1
0.03882,0.9,3373.333333,22.696,13.71334515,20.4264,67.13539903,1
0.03883,0.9,3371.111111,22.68133333,13.70784154,20.4132,67.15185049,1
0.03884,0.9,3368.888889,22.66666667,13.70233328,20.4,67.16830041,1
0.03885,0.9,3366.666667,22.652,13.69682037,20.3868,67.18474881,1
0.03886,0.9,3364.444444,22.63733333,13.6913028,20.3736,67.20119568,1
0.03887,0.9,3362.222222,22.62266667,13.68578058,20.3604,67.21764102,1
0.03888,0.9,3360,22.608,13.68025371,20.3472,67.23408482,1
0.03889,0.9,3357.777778,22.59333333,13.67472218,20.334,67.25052708,1
0.0389,0.9,3355.555556,22.57866667,13.66918599,20.3208,67.26696779,1
0.03891,0.9,3353.333333,22.564,13.66364515,20.3076,67.28340696,1
0.03892,0.9,3351.111111,22.54933333,13.65809966,20.2944,67.29984459,1
0.03893,0.9,3348.888889,22.53466667,13.65254951,20.2812,67.31628066,1
0.03894,0.9,3346.666667,22.52,13.64699471,20.268,67.33271517,1
0.03895,0.9,3344.444444,22.50533333,13.64143526,20.2548,67.34914813,1
0.03896,0.9,3342.222222,22.49066667,13.63587115,20.2416,67.36557953,1
0.03897,0.9,3340,22.476,13.63030238,20.2284,67.38200937,1
0.03898,0.9,3337.777778,22.46133333,13.62472896,20.2152,67.39843763,1
0.03899,0.9,3335.555556,22.44666667,13.61915089,20.202,67.41486433,1
0.039,0.9,3333.333333,22.432,13.61356817,20.1888,67.43128946,1
0.03901,0.9,3331.111111,22.41733333,13.60798078,20.1756,67.447713,1
0.03902,0.9,3328.888889,22.40266667,13.60238875,20.1624,67.46413497,1
0.03903,0.9,3326.666667,22.388,13.59679206,20.1492,67.48055536,1
0.03904,0.9,3324.444444,22.37333333,13.59119072,20.136,67.49697416,1
0.03905,0.9,3322.222222,22.35866667,13.58558472,20.1228,67.51339138,1
0.03906,0.9,3320,22.344,13.57997407,20.1096,67.529807,1
0.03907,0.9,3317.777778,22.32933333,13.57435876,20.0964,67.54622103,1
0.03908,0.9,3315.555556,22.31466667,13.5687388,20.0832,67.56263345,1
0.03909,0.9,3313.333333,22.3,13.56311419,20.07,67.57904428,1
0.0391,0.9,3311.111111,22.28533333,13.55748492,20.0568,67.59545351,1
0.03911,0.9,3308.888889,22.27066667,13.551851,20.0436,67.61186112,1
0.03912,0.9,3306.666667,22.256,13.54621242,20.0304,67.62826713,1
0.03913,0.9,3304.444444,22.24133333,13.54056919,20.0172,67.64467152,1
0.03914,0.9,3302.222222,22.22666667,13.5349213,20.004,67.6610743,1
0.03915,0.9,3300,22.212,13.52926876,19.9908,67.67747545,1
0.03916,0.9,3297.777778,22.19733333,13.52361157,19.9776,67.69387498,1
0.03917,0.9,3295.555556,22.18266667,13.51794972,19.9644,67.71027289,1
0.03918,0.9,3293.333333,22.168,13.51228322,19.9512,67.72666916,1
0.03919,0.9,3291.111111,22.15333333,13.50661206,19.938,67.74306381,1
0.0392,0.9,3288.888889,22.13866667,13.50093625,19.9248,67.75945681,1
0.03921,0.9,3286.666667,22.124,13.49525579,19.9116,67.77584818,1
0.03922,0.9,3284.444444,22.10933333,13.48957067,19.8984,67.7922379,1
0.03923,0.9,3282.222222,22.09466667,13.48388089,19.8852,67.80862598,1
0.03924,0.9,3280,22.08,13.47818647,19.872,67.82501241,1
0.03925,0.9,3277.777778,22.06533333,13.47248738,19.8588,67.84139719,1
0.03926,0.9,3275.555556,22.05066667,13.46678365,19.8456,67.85778031,1
0.03927,0.9,3273.333333,22.036,13.46107526,19.8324,67.87416177,1
0.03928,0.9,3271.111111,22.02133333,13.45536221,19.8192,67.89054156,1
0.03929,0.9,3268.888889,22.00666667,13.44964452,19.806,67.9069197,1
0.0393,0.9,3266.666667,21.992,13.44392216,19.7928,67.92329616,1
0.03931,0.9,3264.444444,21.97733333,13.43819516,19.7796,67.93967095,1
0.03932,0.9,3262.222222,21.96266667,13.43246349,19.7664,67.95604406,1
0.03933,0.9,3260,21.948,13.42672718,19.7532,67.9724155,1
0.03934,0.9,3257.777778,21.93333333,13.42098621,19.74,67.98878525,1
0.03935,0.9,3255.555556,21.91866667,13.41524058,19.7268,68.00515332,1
0.03936,0.9,3253.333333,21.904,13.40949031,19.7136,68.0215197,1
0.03937,0.9,3251.111111,21.88933333,13.40373537,19.7004,68.03788438,1
0.03938,0.9,3248.888889,21.87466667,13.39797579,19.6872,68.05424737,1
0.03939,0.9,3246.666667,21.86,13.39221155,19.674,68.07060866,1
0.0394,0.9,3244.444444,21.84533333,13.38644265,19.6608,68.08696824,1
0.03941,0.9,3242.222222,21.83066667,13.3806691,19.6476,68.10332612,1
0.03942,0.9,3240,21.816,13.3748909,19.6344,68.11968229,1
0.03943,0.9,3237.777778,21.80133333,13.36910804,19.6212,68.13603675,1
0.03944,0.9,3235.555556,21.78666667,13.36332053,19.608,68.15238949,1
0.03945,0.9,3233.333333,21.772,13.35752836,19.5948,68.1687405,1
0.03946,0.9,3231.111111,21.75733333,13.35173154,19.5816,68.1850898,1
0.03947,0.9,3228.888889,21.74266667,13.34593007,19.5684,68.20143737,1
0.03948,0.9,3226.666667,21.728,13.34012394,19.5552,68.2177832,1
0.03949,0.9,3224.444444,21.71333333,13.33431316,19.542,68.23412731,1
0.0395,0.9,3222.222222,21.69866667,13.32849772,19.5288,68.25046967,1
0.03951,0.9,3220,21.684,13.32267763,19.5156,68.26681029,1
0.03952,0.9,3217.777778,21.66933333,13.31685288,19.5024,68.28314917,1
0.03953,0.9,3215.555556,21.65466667,13.31102348,19.4892,68.2994863,1
0.03954,0.9,3213.333333,21.64,13.30518943,19.476,68.31582168,1
0.03955,0.9,3211.111111,21.62533333,13.29935072,19.4628,68.3321553,1
0.03956,0.9,3208.888889,21.61066667,13.29350736,19.4496,68.34848717,1
0.03957,0.9,3206.666667,21.596,13.28765934,19.4364,68.36481727,1
0.03958,0.9,3204.444444,21.58133333,13.28180667,19.4232,68.3811456,1
0.03959,0.9,3202.222222,21.56666667,13.27594935,19.41,68.39747217,1
0.0396,0.9,3200,21.552,13.27008737,19.3968,68.41379696,1
0.03961,0.9,3197.777778,21.53733333,13.26422074,19.3836,68.43011997,1
0.03962,0.9,3195.555556,21.52266667,13.25834945,19.3704,68.44644121,1
0.03963,0.9,3193.333333,21.508,13.25247351,19.3572,68.46276066,1
0.03964,0.9,3191.111111,21.49333333,13.24659291,19.344,68.47907832,1
0.03965,0.9,3188.888889,21.47866667,13.24070766,19.3308,68.49539419,1
0.03966,0.9,3186.666667,21.464,13.23481776,19.3176,68.51170826,1
0.03967,0.9,3184.444444,21.44933333,13.2289232,19.3044,68.52802054,1
0.03968,0.9,3182.222222,21.43466667,13.22302398,19.2912,68.54433101,1
0.03969,0.9,3180,21.42,13.21712012,19.278,68.56063968,1
0.0397,0.9,3177.777778,21.40533333,13.2112116,19.2648,68.57694653,1
0.03971,0.9,3175.555556,21.39066667,13.20529842,19.2516,68.59325157,1
0.03972,0.9,3173.333333,21.376,13.19938059,19.2384,68.6095548,1
0.03973,0.9,3171.111111,21.36133333,13.19345811,19.2252,68.6258562,1
0.03974,0.9,3168.888889,21.34666667,13.18753097,19.212,68.64215578,1
0.03975,0.9,3166.666667,21.332,13.18159918,19.1988,68.65845353,1
0.03976,0.9,3164.444444,21.31733333,13.17566273,19.1856,68.67474944,1
0.03977,0.9,3162.222222,21.30266667,13.16972163,19.1724,68.69104352,1
0.03978,0.9,3160,21.288,13.16377587,19.1592,68.70733576,1
0.03979,0.9,3157.777778,21.27333333,13.15782546,19.146,68.72362616,1
0.0398,0.9,3155.555556,21.25866667,13.1518704,19.1328,68.73991471,1
0.03981,0.9,3153.333333,21.244,13.14591068,19.1196,68.7562014,1
0.03982,0.9,3151.111111,21.22933333,13.13994631,19.1064,68.77248624,1
0.03983,0.9,3148.888889,21.21466667,13.13397729,19.0932,68.78876922,1
0.03984,0.9,3146.666667,21.2,13.12800361,19.08,68.80505034,1
0.03985,0.9,3144.444444,21.18533333,13.12202527,19.0668,68.82132959,1
0.03986,0.9,3142.222222,21.17066667,13.11604228,19.0536,68.83760697,1
0.03987,0.9,3140,21.156,13.11005464,19.0404,68.85388248,1
0.03988,0.9,3137.777778,21.14133333,13.10406234,19.0272,68.8701561,1
0.03989,0.9,3135.555556,21.12666667,13.09806539,19.014,68.88642785,1
0.0399,0.9,3133.333333,21.112,13.09206379,19.0008,68.9026977,1
0.03991,0.9,3131.111111,21.09733333,13.08605753,18.9876,68.91896567,1
0.03992,0.9,3128.888889,21.08266667,13.08004661,18.9744,68.93523174,1
0.03993,0.9,3126.666667,21.068,13.07403104,18.9612,68.95149591,1
0.03994,0.9,3124.444444,21.05333333,13.06801082,18.948,68.96775818,1
0.03995,0.9,3122.222222,21.03866667,13.06198594,18.9348,68.98401855,1
0.03996,0.9,3120,21.024,13.05595641,18.9216,69.000277,1
0.03997,0.9,3117.777778,21.00933333,13.04992223,18.9084,69.01653354,1
0.03998,0.9,3115.555556,20.99466667,13.04388339,18.8952,69.03278816,1
0.03999,0.9,3113.333333,20.98,13.0378399,18.882,69.04904086,1
0.04,0.9,3111.111111,20.96533333,13.03179175,18.8688,69.06529164,1
0.04001,0.9,3108.888889,20.95066667,13.02573895,18.8556,69.08154048,1
0.04002,0.9,3106.666667,20.936,13.01968149,18.8424,69.09778739,1
0.04003,0.9,3104.444444,20.92133333,13.01361938,18.8292,69.11403235,1
0.04004,0.9,3102.222222,20.90666667,13.00755262,18.816,69.13027538,1
0.04005,0.9,3100,20.892,13.0014812,18.8028,69.14651646,1
0.04006,0.9,3097.777778,20.87733333,12.99540512,18.7896,69.16275559,1
0.04007,0.9,3095.555556,20.86266667,12.9893244,18.7764,69.17899276,1
0.04008,0.9,3093.333333,20.848,12.98323902,18.7632,69.19522798,1
0.04009,0.9,3091.111111,20.83333333,12.97714898,18.75,69.21146123,1
0.0401,0.9,3088.888889,20.81866667,12.97105429,18.7368,69.22769251,1
0.04011,0.9,3086.666667,20.804,12.96495495,18.7236,69.24392182,1
0.04012,0.9,3084.444444,20.78933333,12.95885095,18.7104,69.26014916,1
0.04013,0.9,3082.222222,20.77466667,12.9527423,18.6972,69.27637451,1
0.04014,0.9,3080,20.76,12.94662899,18.684,69.29259789,1
0.04015,0.9,3077.777778,20.74533333,12.94051103,18.6708,69.30881927,1
0.04016,0.9,3075.555556,20.73066667,12.93438841,18.6576,69.32503866,1
0.04017,0.9,3073.333333,20.716,12.92826114,18.6444,69.34125606,1
0.04018,0.9,3071.111111,20.70133333,12.92212922,18.6312,69.35747145,1
0.04019,0.9,3068.888889,20.68666667,12.91599264,18.618,69.37368484,1
0.0402,0.9,3066.666667,20.672,12.90985141,18.6048,69.38989622,1
0.04021,0.9,3064.444444,20.65733333,12.90370553,18.5916,69.40610558,1
0.04022,0.9,3062.222222,20.64266667,12.89755498,18.5784,69.42231293,1
0.04023,0.9,3060,20.628,12.89139979,18.5652,69.43851825,1
0.04024,0.9,3057.777778,20.61333333,12.88523994,18.552,69.45472155,1
0.04025,0.9,3055.555556,20.59866667,12.87907544,18.5388,69.47092281,1
0.04026,0.9,3053.333333,20.584,12.87290628,18.5256,69.48712204,1
0.04027,0.9,3051.111111,20.56933333,12.86673247,18.5124,69.50331924,1
0.04028,0.9,3048.888889,20.55466667,12.860554,18.4992,69.51951438,1
0.04029,0.9,3046.666667,20.54,12.85437088,18.486,69.53570748,1
0.0403,0.9,3044.444444,20.52533333,12.84818311,18.4728,69.55189853,1
0.04031,0.9,3042.222222,20.51066667,12.84199068,18.4596,69.56808751,1
0.04032,0.9,3040,20.496,12.8357936,18.4464,69.58427444,1
0.04033,0.9,3037.777778,20.48133333,12.82959186,18.4332,69.6004593,1
0.04034,0.9,3035.555556,20.46666667,12.82338547,18.42,69.61664209,1
0.04035,0.9,3033.333333,20.452,12.81717443,18.4068,69.6328228,1
0.04036,0.9,3031.111111,20.43733333,12.81095873,18.3936,69.64900144,1
0.04037,0.9,3028.888889,20.42266667,12.80473838,18.3804,69.66517799,1
0.04038,0.9,3026.666667,20.408,12.79851337,18.3672,69.68135245,1
0.04039,0.9,3024.444444,20.39333333,12.79228371,18.354,69.69752482,1
0.0404,0.9,3022.222222,20.37866667,12.78604939,18.3408,69.71369509,1
0.04041,0.9,3020,20.364,12.77981042,18.3276,69.72986326,1
0.04042,0.9,3017.777778,20.34933333,12.77356679,18.3144,69.74602933,1
0.04043,0.9,3015.555556,20.33466667,12.76731852,18.3012,69.76219328,1
0.04044,0.9,3013.333333,20.32,12.76106558,18.288,69.77835511,1
0.04045,0.9,3011.111111,20.30533333,12.754808,18.2748,69.79451483,1
0.04046,0.9,3008.888889,20.29066667,12.74854575,18.2616,69.81067242,1
0.04047,0.9,3006.666667,20.276,12.74227886,18.2484,69.82682788,1
0.04048,0.9,3004.444444,20.26133333,12.73600731,18.2352,69.84298121,1
0.04049,0.9,3002.222222,20.24666667,12.72973111,18.222,69.8591324,1
0.0405,0.9,3000,20.232,12.72345025,18.2088,69.87528144,1
0.04051,0.9,2997.777778,20.21733333,12.71716473,18.1956,69.89142834,1
0.04052,0.9,2995.555556,20.20266667,12.71087457,18.1824,69.90757308,1
0.04053,0.9,2993.333333,20.188,12.70457975,18.1692,69.92371567,1
0.04054,0.9,2991.111111,20.17333333,12.69828027,18.156,69.93985609,1
0.04055,0.9,2988.888889,20.15866667,12.69197614,18.1428,69.95599435,1
0.04056,0.9,2986.666667,20.144,12.68566736,18.1296,69.97213044,1
0.04057,0.9,2984.444444,20.12933333,12.67935392,18.1164,69.98826434,1
0.04058,0.9,2982.222222,20.11466667,12.67303583,18.1032,70.00439607,1
0.04059,0.9,2980,20.1,12.66671308,18.09,70.02052561,1
0.0406,0.9,2977.777778,20.08533333,12.66038568,18.0768,70.03665297,1
0.04061,0.9,2975.555556,20.07066667,12.65405363,18.0636,70.05277812,1
0.04062,0.9,2973.333333,20.056,12.64771692,18.0504,70.06890108,1
0.04063,0.9,2971.111111,20.04133333,12.64137556,18.0372,70.08502183,1
0.04064,0.9,2968.888889,20.02666667,12.63502954,18.024,70.10114037,1
0.04065,0.9,2966.666667,20.012,12.62867887,18.0108,70.11725669,1
0.04066,0.9,2964.444444,19.99733333,12.62232354,17.9976,70.1333708,1
0.04067,0.9,2962.222222,19.98266667,12.61596356,17.9844,70.14948268,1
0.04068,0.9,2960,19.968,12.60959893,17.9712,70.16559233,1
0.04069,0.9,2957.777778,19.95333333,12.60322964,17.958,70.18169975,1
0.0407,0.9,2955.555556,19.93866667,12.5968557,17.9448,70.19780493,1
0.04071,0.9,2953.333333,19.924,12.5904771,17.9316,70.21390786,1
0.04072,0.9,2951.111111,19.90933333,12.58409385,17.9184,70.23000855,1
0.04073,0.9,2948.888889,19.89466667,12.57770595,17.9052,70.24610697,1
0.04074,0.9,2946.666667,19.88,12.57131339,17.892,70.26220315,1
0.04075,0.9,2944.444444,19.86533333,12.56491617,17.8788,70.27829705,1
0.04076,0.9,2942.222222,19.85066667,12.55851431,17.8656,70.29438869,1
0.04077,0.9,2940,19.836,12.55210778,17.8524,70.31047805,1
0.04078,0.9,2937.777778,19.82133333,12.54569661,17.8392,70.32656514,1
0.04079,0.9,2935.555556,19.80666667,12.53928078,17.826,70.34264993,1
0.0408,0.9,2933.333333,19.792,12.53286029,17.8128,70.35873244,1
0.04081,0.9,2931.111111,19.77733333,12.52643515,17.7996,70.37481266,1
0.04082,0.9,2928.888889,19.76266667,12.52000536,17.7864,70.39089057,1
0.04083,0.9,2926.666667,19.748,12.51357091,17.7732,70.40696618,1
0.04084,0.9,2924.444444,19.73333333,12.50713181,17.76,70.42303948,1
0.04085,0.9,2922.222222,19.71866667,12.50068806,17.7468,70.43911047,1
0.04086,0.9,2920,19.704,12.49423965,17.7336,70.45517913,1
0.04087,0.9,2917.777778,19.68933333,12.48778658,17.7204,70.47124547,1
0.04088,0.9,2915.555556,19.67466667,12.48132886,17.7072,70.48730948,1
0.04089,0.9,2913.333333,19.66,12.47486649,17.694,70.50337116,1
0.0409,0.9,2911.111111,19.64533333,12.46839947,17.6808,70.51943049,1
0.04091,0.9,2908.888889,19.63066667,12.46192778,17.6676,70.53548747,1
0.04092,0.9,2906.666667,19.616,12.45545145,17.6544,70.55154211,1
0.04093,0.9,2904.444444,19.60133333,12.44897046,17.6412,70.56759438,1
0.04094,0.9,2902.222222,19.58666667,12.44248482,17.628,70.5836443,1
0.04095,0.9,2900,19.572,12.43599452,17.6148,70.59969185,1
0.04096,0.9,2897.777778,19.55733333,12.42949957,17.6016,70.61573702,1
0.04097,0.9,2895.555556,19.54266667,12.42299996,17.5884,70.63177982,1
0.04098,0.9,2893.333333,19.528,12.4164957,17.5752,70.64782023,1
0.04099,0.9,2891.111111,19.51333333,12.40998679,17.562,70.66385825,1
0.041,0.9,2888.888889,19.49866667,12.40347322,17.5488,70.67989388,1
0.04101,0.9,2886.666667,19.484,12.39695499,17.5356,70.69592711,1
0.04102,0.9,2884.444444,19.46933333,12.39043212,17.5224,70.71195794,1
0.04103,0.9,2882.222222,19.45466667,12.38390459,17.5092,70.72798635,1
0.04104,0.9,2880,19.44,12.3773724,17.496,70.74401235,1
0.04105,0.9,2877.777778,19.42533333,12.37083556,17.4828,70.76003592,1
0.04106,0.9,2875.555556,19.41066667,12.36429407,17.4696,70.77605707,1
0.04107,0.9,2873.333333,19.396,12.35774792,17.4564,70.79207579,1
0.04108,0.9,2871.111111,19.38133333,12.35119712,17.4432,70.80809207,1
0.04109,0.9,2868.888889,19.36666667,12.34464166,17.43,70.8241059,1
0.0411,0.9,2866.666667,19.352,12.33808155,17.4168,70.84011729,1
0.04111,0.9,2864.444444,19.33733333,12.33151678,17.4036,70.85612622,1
0.04112,0.9,2862.222222,19.32266667,12.32494736,17.3904,70.87213269,1
0.04113,0.9,2860,19.308,12.31837329,17.3772,70.8881367,1
0.04114,0.9,2857.777778,19.29333333,12.31179456,17.364,70.90413823,1
0.04115,0.9,2855.555556,19.27866667,12.30521118,17.3508,70.92013729,1
0.04116,0.9,2853.333333,19.264,12.29862314,17.3376,70.93613386,1
0.04117,0.9,2851.111111,19.24933333,12.29203045,17.3244,70.95212795,1
0.04118,0.9,2848.888889,19.23466667,12.28543311,17.3112,70.96811954,1
0.04119,0.9,2846.666667,19.22,12.27883111,17.298,70.98410863,1
0.0412,0.9,2844.444444,19.20533333,12.27222446,17.2848,71.00009522,1
0.04121,0.9,2842.222222,19.19066667,12.26561315,17.2716,71.01607929,1
0.04122,0.9,2840,19.176,12.25899719,17.2584,71.03206085,1
0.04123,0.9,2837.777778,19.16133333,12.25237657,17.2452,71.04803988,1
0.04124,0.9,2835.555556,19.14666667,12.2457513,17.232,71.06401639,1
0.04125,0.9,2833.333333,19.132,12.23912138,17.2188,71.07999036,1
0.04126,0.9,2831.111111,19.11733333,12.2324868,17.2056,71.09596179,1
0.04127,0.9,2828.888889,19.10266667,12.22584757,17.1924,71.11193067,1
0.04128,0.9,2826.666667,19.088,12.21920368,17.1792,71.127897,1
0.04129,0.9,2824.444444,19.07333333,12.21255514,17.166,71.14386078,1
0.0413,0.9,2822.222222,19.05866667,12.20590195,17.1528,71.15982199,1
0.04131,0.9,2820,19.044,12.1992441,17.1396,71.17578063,1
0.04132,0.9,2817.777778,19.02933333,12.19258159,17.1264,71.19173669,1
0.04133,0.9,2815.555556,19.01466667,12.18591444,17.1132,71.20769018,1
0.04134,0.9,2813.333333,19,12.17924262,17.1,71.22364107,1
0.04135,0.9,2811.111111,18.98533333,12.17256616,17.0868,71.23958938,1
0.04136,0.9,2808.888889,18.97066667,12.16588504,17.0736,71.25553508,1
0.04137,0.9,2806.666667,18.956,12.15919926,17.0604,71.27147817,1
0.04138,0.9,2804.444444,18.94133333,12.15250883,17.0472,71.28741866,1
0.04139,0.9,2802.222222,18.92666667,12.14581375,17.034,71.30335653,1
0.0414,0.9,2800,18.912,12.13911401,17.0208,71.31929177,1
0.04141,0.9,2797.777778,18.89733333,12.13240962,17.0076,71.33522438,1
0.04142,0.9,2795.555556,18.88266667,12.12570058,16.9944,71.35115436,1
0.04143,0.9,2793.333333,18.868,12.11898688,16.9812,71.36708169,1
0.04144,0.9,2791.111111,18.85333333,12.11226852,16.968,71.38300638,1
0.04145,0.9,2788.888889,18.83866667,12.10554551,16.9548,71.39892841,1
0.04146,0.9,2786.666667,18.824,12.09881785,16.9416,71.41484778,1
0.04147,0.9,2784.444444,18.80933333,12.09208553,16.9284,71.43076448,1
0.04148,0.9,2782.222222,18.79466667,12.08534856,16.9152,71.44667851,1
0.04149,0.9,2780,18.78,12.07860694,16.902,71.46258986,1
0.0415,0.9,2777.777778,18.76533333,12.07186066,16.8888,71.47849853,1
0.04151,0.9,2775.555556,18.75066667,12.06510973,16.8756,71.4944045,1
0.04152,0.9,2773.333333,18.736,12.05835414,16.8624,71.51030778,1
0.04153,0.9,2771.111111,18.72133333,12.0515939,16.8492,71.52620834,1
0.04154,0.9,2768.888889,18.70666667,12.044829,16.836,71.5421062,1
0.04155,0.9,2766.666667,18.692,12.03805945,16.8228,71.55800134,1
0.04156,0.9,2764.444444,18.67733333,12.03128525,16.8096,71.57389376,1
0.04157,0.9,2762.222222,18.66266667,12.02450639,16.7964,71.58978344,1
0.04158,0.9,2760,18.648,12.01772287,16.7832,71.60567039,1
0.04159,0.9,2757.777778,18.63333333,12.01093471,16.77,71.6215546,1
0.0416,0.9,2755.555556,18.61866667,12.00414188,16.7568,71.63743605,1
0.04161,0.9,2753.333333,18.604,11.99734441,16.7436,71.65331475,1
0.04162,0.9,2751.111111,18.58933333,11.99054228,16.7304,71.66919069,1
0.04163,0.9,2748.888889,18.57466667,11.9837355,16.7172,71.68506386,1
0.04164,0.9,2746.666667,18.56,11.97692406,16.704,71.70093425,1
0.04165,0.9,2744.444444,18.54533333,11.97010796,16.6908,71.71680186,1
0.04166,0.9,2742.222222,18.53066667,11.96328722,16.6776,71.73266668,1
0.04167,0.9,2740,18.516,11.95646182,16.6644,71.7485287,1
0.04168,0.9,2737.777778,18.50133333,11.94963176,16.6512,71.76438792,1
0.04169,0.9,2735.555556,18.48666667,11.94279705,16.638,71.78024433,1
0.0417,0.9,2733.333333,18.472,11.93595769,16.6248,71.79609793,1
0.04171,0.9,2731.111111,18.45733333,11.92911367,16.6116,71.8119487,1
0.04172,0.9,2728.888889,18.44266667,11.922265,16.5984,71.82779665,1
0.04173,0.9,2726.666667,18.428,11.91541167,16.5852,71.84364176,1
0.04174,0.9,2724.444444,18.41333333,11.90855369,16.572,71.85948402,1
0.04175,0.9,2722.222222,18.39866667,11.90169106,16.5588,71.87532344,1
0.04176,0.9,2720,18.384,11.89482377,16.5456,71.89116,1
0.04177,0.9,2717.777778,18.36933333,11.88795183,16.5324,71.9069937,1
0.04178,0.9,2715.555556,18.35466667,11.88107523,16.5192,71.92282452,1
0.04179,0.9,2713.333333,18.34,11.87419398,16.506,71.93865247,1
0.0418,0.9,2711.111111,18.32533333,11.86730807,16.4928,71.95447754,1
0.04181,0.9,2708.888889,18.31066667,11.86041751,16.4796,71.97029971,1
0.04182,0.9,2706.666667,18.296,11.8535223,16.4664,71.98611899,1
0.04183,0.9,2704.444444,18.28133333,11.84662243,16.4532,72.00193536,1
0.04184,0.9,2702.222222,18.26666667,11.83971791,16.44,72.01774882,1
0.04185,0.9,2700,18.252,11.83280873,16.4268,72.03355936,1
0.04186,0.9,2697.777778,18.23733333,11.8258949,16.4136,72.04936698,1
0.04187,0.9,2695.555556,18.22266667,11.81897641,16.4004,72.06517166,1
0.04188,0.9,2693.333333,18.208,11.81205327,16.3872,72.08097341,1
0.04189,0.9,2691.111111,18.19333333,11.80512548,16.374,72.0967722,1
0.0419,0.9,2688.888889,18.17866667,11.79819303,16.3608,72.11256805,1
0.04191,0.9,2686.666667,18.164,11.79125593,16.3476,72.12836093,1
0.04192,0.9,2684.444444,18.14933333,11.78431417,16.3344,72.14415084,1
0.04193,0.9,2682.222222,18.13466667,11.77736776,16.3212,72.15993778,1
0.04194,0.9,2680,18.12,11.7704167,16.308,72.17572173,1
0.04195,0.9,2677.777778,18.10533333,11.76346098,16.2948,72.19150269,1
0.04196,0.9,2675.555556,18.09066667,11.75650061,16.2816,72.20728066,1
0.04197,0.9,2673.333333,18.076,11.74953558,16.2684,72.22305562,1
0.04198,0.9,2671.111111,18.06133333,11.7425659,16.2552,72.23882757,1
0.04199,0.9,2668.888889,18.04666667,11.73559156,16.242,72.2545965,1
0.042,0.9,2666.666667,18.032,11.72861257,16.2288,72.2703624,1
0.04201,0.9,2664.444444,18.01733333,11.72162893,16.2156,72.28612527,1
0.04202,0.9,2662.222222,18.00266667,11.71464063,16.2024,72.3018851,1
0.04203,0.9,2660,17.988,11.70764768,16.1892,72.31764187,1
0.04204,0.9,2657.777778,17.97333333,11.70065007,16.176,72.3333956,1
0.04205,0.9,2655.555556,17.95866667,11.69364781,16.1628,72.34914625,1
0.04206,0.9,2653.333333,17.944,11.6866409,16.1496,72.36489384,1
0.04207,0.9,2651.111111,17.92933333,11.67962933,16.1364,72.38063835,1
0.04208,0.9,2648.888889,17.91466667,11.6726131,16.1232,72.39637977,1
0.04209,0.9,2646.666667,17.9,11.66559222,16.11,72.41211809,1
0.0421,0.9,2644.444444,17.88533333,11.65856669,16.0968,72.42785332,1
0.04211,0.9,2642.222222,17.87066667,11.65153651,16.0836,72.44358543,1
0.04212,0.9,2640,17.856,11.64450167,16.0704,72.45931443,1
0.04213,0.9,2637.777778,17.84133333,11.63746217,16.0572,72.4750403,1
0.04214,0.9,2635.555556,17.82666667,11.63041802,16.044,72.49076304,1
0.04215,0.9,2633.333333,17.812,11.62336922,16.0308,72.50648264,1
0.04216,0.9,2631.111111,17.79733333,11.61631576,16.0176,72.52219909,1
0.04217,0.9,2628.888889,17.78266667,11.60925765,16.0044,72.53791239,1
0.04218,0.9,2626.666667,17.768,11.60219489,15.9912,72.55362252,1
0.04219,0.9,2624.444444,17.75333333,11.59512747,15.978,72.56932948,1
0.0422,0.9,2622.222222,17.73866667,11.58805539,15.9648,72.58503327,1
0.04221,0.9,2620,17.724,11.58097866,15.9516,72.60073386,1
0.04222,0.9,2617.777778,17.70933333,11.57389728,15.9384,72.61643126,1
0.04223,0.9,2615.555556,17.69466667,11.56681124,15.9252,72.63212546,1
0.04224,0.9,2613.333333,17.68,11.55972055,15.912,72.64781644,1
0.04225,0.9,2611.111111,17.66533333,11.55262521,15.8988,72.66350421,1
0.04226,0.9,2608.888889,17.65066667,11.54552521,15.8856,72.67918875,1
0.04227,0.9,2606.666667,17.636,11.53842055,15.8724,72.69487005,1
0.04228,0.9,2604.444444,17.62133333,11.53131125,15.8592,72.71054811,1
0.04229,0.9,2602.222222,17.60666667,11.52419728,15.846,72.72622292,1
0.0423,0.9,2600,17.592,11.51707867,15.8328,72.74189447,1
0.04231,0.9,2597.777778,17.57733333,11.5099554,15.8196,72.75756276,1
0.04232,0.9,2595.555556,17.56266667,11.50282747,15.8064,72.77322776,1
0.04233,0.9,2593.333333,17.548,11.49569489,15.7932,72.78888948,1
0.04234,0.9,2591.111111,17.53333333,11.48855766,15.78,72.80454791,1
0.04235,0.9,2588.888889,17.51866667,11.48141577,15.7668,72.82020304,1
0.04236,0.9,2586.666667,17.504,11.47426923,15.7536,72.83585487,1
0.04237,0.9,2584.444444,17.48933333,11.46711804,15.7404,72.85150337,1
0.04238,0.9,2582.222222,17.47466667,11.45996219,15.7272,72.86714855,1
0.04239,0.9,2580,17.46,11.45280168,15.714,72.88279039,1
0.0424,0.9,2577.777778,17.44533333,11.44563652,15.7008,72.8984289,1
0.04241,0.9,2575.555556,17.43066667,11.43846671,15.6876,72.91406405,1
0.04242,0.9,2573.333333,17.416,11.43129224,15.6744,72.92969584,1
0.04243,0.9,2571.111111,17.40133333,11.42411312,15.6612,72.94532426,1
0.04244,0.9,2568.888889,17.38666667,11.41692935,15.648,72.96094931,1
0.04245,0.9,2566.666667,17.372,11.40974092,15.6348,72.97657098,1
0.04246,0.9,2564.444444,17.35733333,11.40254784,15.6216,72.99218925,1
0.04247,0.9,2562.222222,17.34266667,11.3953501,15.6084,73.00780412,1
0.04248,0.9,2560,17.328,11.38814771,15.5952,73.02341557,1
0.04249,0.9,2557.777778,17.31333333,11.38094066,15.582,73.03902361,1
0.0425,0.9,2555.555556,17.29866667,11.37372896,15.5688,73.05462822,1
0.04251,0.9,2553.333333,17.284,11.3665126,15.5556,73.0702294,1
0.04252,0.9,2551.111111,17.26933333,11.3592916,15.5424,73.08582713,1
0.04253,0.9,2548.888889,17.25466667,11.35206593,15.5292,73.1014214,1
0.04254,0.9,2546.666667,17.24,11.34483561,15.516,73.11701221,1
0.04255,0.9,2544.444444,17.22533333,11.33760064,15.5028,73.13259955,1
0.04256,0.9,2542.222222,17.21066667,11.33036102,15.4896,73.14818341,1
0.04257,0.9,2540,17.196,11.32311674,15.4764,73.16376378,1
0.04258,0.9,2537.777778,17.18133333,11.3158678,15.4632,73.17934065,1
0.04259,0.9,2535.555556,17.16666667,11.30861422,15.45,73.19491401,1
0.0426,0.9,2533.333333,17.152,11.30135597,15.4368,73.21048386,1
0.04261,0.9,2531.111111,17.13733333,11.29409308,15.4236,73.22605018,1
0.04262,0.9,2528.888889,17.12266667,11.28682552,15.4104,73.24161297,1
0.04263,0.9,2526.666667,17.108,11.27955332,15.3972,73.25717221,1
0.04264,0.9,2524.444444,17.09333333,11.27227646,15.384,73.2727279,1
0.04265,0.9,2522.222222,17.07866667,11.26499495,15.3708,73.28828003,1
0.04266,0.9,2520,17.064,11.25770878,15.3576,73.30382858,1
0.04267,0.9,2517.777778,17.04933333,11.25041796,15.3444,73.31937356,1
0.04268,0.9,2515.555556,17.03466667,11.24312248,15.3312,73.33491495,1
0.04269,0.9,2513.333333,17.02,11.23582235,15.318,73.35045273,1
0.0427,0.9,2511.111111,17.00533333,11.22851757,15.3048,73.36598691,1
0.04271,0.9,2508.888889,16.99066667,11.22120813,15.2916,73.38151747,1
0.04272,0.9,2506.666667,16.976,11.21389403,15.2784,73.39704441,1
0.04273,0.9,2504.444444,16.96133333,11.20657529,15.2652,73.41256771,1
0.04274,0.9,2502.222222,16.94666667,11.19925188,15.252,73.42808736,1
0.04275,0.9,2500,16.932,11.19192383,15.2388,73.44360336,1
0.04276,0.9,2497.777778,16.91733333,11.18459112,15.2256,73.45911569,1
0.04277,0.9,2495.555556,16.90266667,11.17725375,15.2124,73.47462435,1
0.04278,0.9,2493.333333,16.888,11.16991174,15.1992,73.49012932,1
0.04279,0.9,2491.111111,16.87333333,11.16256506,15.186,73.5056306,1
0.0428,0.9,2488.888889,16.85866667,11.15521374,15.1728,73.52112818,1
0.04281,0.9,2486.666667,16.844,11.14785776,15.1596,73.53662204,1
0.04282,0.9,2484.444444,16.82933333,11.14049712,15.1464,73.55211219,1
0.04283,0.9,2482.222222,16.81466667,11.13313183,15.1332,73.5675986,1
0.04284,0.9,2480,16.8,11.12576189,15.12,73.58308126,1
0.04285,0.9,2477.777778,16.78533333,11.11838729,15.1068,73.59856018,1
0.04286,0.9,2475.555556,16.77066667,11.11100804,15.0936,73.61403533,1
0.04287,0.9,2473.333333,16.756,11.10362413,15.0804,73.62950672,1
0.04288,0.9,2471.111111,16.74133333,11.09623557,15.0672,73.64497432,1
0.04289,0.9,2468.888889,16.72666667,11.08884236,15.054,73.66043813,1
0.0429,0.9,2466.666667,16.712,11.08144449,15.0408,73.67589814,1
0.04291,0.9,2464.444444,16.69733333,11.07404196,15.0276,73.69135433,1
0.04292,0.9,2462.222222,16.68266667,11.06663479,15.0144,73.70680671,1
0.04293,0.9,2460,16.668,11.05922295,15.0012,73.72225525,1
0.04294,0.9,2457.777778,16.65333333,11.05180647,14.988,73.73769995,1
0.04295,0.9,2455.555556,16.63866667,11.04438533,14.9748,73.7531408,1
0.04296,0.9,2453.333333,16.624,11.03695953,14.9616,73.76857779,1
0.04297,0.9,2451.111111,16.60933333,11.02952909,14.9484,73.78401091,1
0.04298,0.9,2448.888889,16.59466667,11.02209398,14.9352,73.79944014,1
0.04299,0.9,2446.666667,16.58,11.01465423,14.922,73.81486548,1
0.043,0.9,2444.444444,16.56533333,11.00720982,14.9088,73.83028692,1
0.04301,0.9,2442.222222,16.55066667,10.99976075,14.8956,73.84570444,1
0.04302,0.9,2440,16.536,10.99230703,14.8824,73.86111804,1
0.04303,0.9,2437.777778,16.52133333,10.98484866,14.8692,73.87652771,1
0.04304,0.9,2435.555556,16.50666667,10.97738563,14.856,73.89193343,1
0.04305,0.9,2433.333333,16.492,10.96991795,14.8428,73.90733519,1
0.04306,0.9,2431.111111,16.47733333,10.96244561,14.8296,73.92273299,1
0.04307,0.9,2428.888889,16.46266667,10.95496862,14.8164,73.93812681,1
0.04308,0.9,2426.666667,16.448,10.94748698,14.8032,73.95351665,1
0.04309,0.9,2424.444444,16.43333333,10.94000068,14.79,73.96890248,1
0.0431,0.9,2422.222222,16.41866667,10.93250972,14.7768,73.98428431,1
0.04311,0.9,2420,16.404,10.92501412,14.7636,73.99966212,1
0.04312,0.9,2417.777778,16.38933333,10.91751385,14.7504,74.0150359,1
0.04313,0.9,2415.555556,16.37466667,10.91000894,14.7372,74.03040563,1
0.04314,0.9,2413.333333,16.36,10.90249937,14.724,74.04577132,1
0.04315,0.9,2411.111111,16.34533333,10.89498515,14.7108,74.06113294,1
0.04316,0.9,2408.888889,16.33066667,10.88746627,14.6976,74.07649049,1
0.04317,0.9,2406.666667,16.316,10.87994273,14.6844,74.09184396,1
0.04318,0.9,2404.444444,16.30133333,10.87241455,14.6712,74.10719333,1
0.04319,0.9,2402.222222,16.28666667,10.86488171,14.658,74.12253859,1
0.0432,0.9,2400,16.272,10.85734421,14.6448,74.13787973,1
0.04321,0.9,2397.777778,16.25733333,10.84980206,14.6316,74.15321675,1
0.04322,0.9,2395.555556,16.24266667,10.84225526,14.6184,74.16854962,1
0.04323,0.9,2393.333333,16.228,10.8347038,14.6052,74.18387834,1
0.04324,0.9,2391.111111,16.21333333,10.82714769,14.592,74.1992029,1
0.04325,0.9,2388.888889,16.19866667,10.81958692,14.5788,74.21452329,1
0.04326,0.9,2386.666667,16.184,10.8120215,14.5656,74.22983949,1
0.04327,0.9,2384.444444,16.16933333,10.80445143,14.5524,74.24515149,1
0.04328,0.9,2382.222222,16.15466667,10.7968767,14.5392,74.26045929,1
0.04329,0.9,2380,16.14,10.78929731,14.526,74.27576287,1
0.0433,0.9,2377.777778,16.12533333,10.78171328,14.5128,74.29106221,1
0.04331,0.9,2375.555556,16.11066667,10.77412458,14.4996,74.30635731,1
0.04332,0.9,2373.333333,16.096,10.76653124,14.4864,74.32164816,1
0.04333,0.9,2371.111111,16.08133333,10.75893324,14.4732,74.33693474,1
0.04334,0.9,2368.888889,16.06666667,10.75133058,14.46,74.35221705,1
0.04335,0.9,2366.666667,16.052,10.74372328,14.4468,74.36749506,1
0.04336,0.9,2364.444444,16.03733333,10.73611131,14.4336,74.38276877,1
0.04337,0.9,2362.222222,16.02266667,10.7284947,14.4204,74.39803818,1
0.04338,0.9,2360,16.008,10.72087343,14.4072,74.41330325,1
0.04339,0.9,2357.777778,15.99333333,10.7132475,14.394,74.42856399,1
0.0434,0.9,2355.555556,15.97866667,10.70561692,14.3808,74.44382038,1
0.04341,0.9,2353.333333,15.964,10.69798169,14.3676,74.45907241,1
0.04342,0.9,2351.111111,15.94933333,10.6903418,14.3544,74.47432007,1
0.04343,0.9,2348.888889,15.93466667,10.68269726,14.3412,74.48956334,1
0.04344,0.9,2346.666667,15.92,10.67504806,14.328,74.50480221,1
0.04345,0.9,2344.444444,15.90533333,10.66739421,14.3148,74.52003668,1
0.04346,0.9,2342.222222,15.89066667,10.65973571,14.3016,74.53526672,1
0.04347,0.9,2340,15.876,10.65207255,14.2884,74.55049234,1
0.04348,0.9,2337.777778,15.86133333,10.64440473,14.2752,74.5657135,1
0.04349,0.9,2335.555556,15.84666667,10.63673227,14.262,74.58093021,1
0.0435,0.9,2333.333333,15.832,10.62905514,14.2488,74.59614244,1
0.04351,0.9,2331.111111,15.81733333,10.62137337,14.2356,74.6113502,1
0.04352,0.9,2328.888889,15.80266667,10.61368694,14.2224,74.62655346,1
0.04353,0.9,2326.666667,15.788,10.60599585,14.2092,74.64175221,1
0.04354,0.9,2324.444444,15.77333333,10.59830012,14.196,74.65694644,1
0.04355,0.9,2322.222222,15.75866667,10.59059972,14.1828,74.67213613,1
0.04356,0.9,2320,15.744,10.58289468,14.1696,74.68732128,1
0.04357,0.9,2317.777778,15.72933333,10.57518498,14.1564,74.70250188,1
0.04358,0.9,2315.555556,15.71466667,10.56747062,14.1432,74.7176779,1
0.04359,0.9,2313.333333,15.7,10.55975161,14.13,74.73284933,1
0.0436,0.9,2311.111111,15.68533333,10.55202795,14.1168,74.74801617,1
0.04361,0.9,2308.888889,15.67066667,10.54429963,14.1036,74.7631784,1
0.04362,0.9,2306.666667,15.656,10.53656666,14.0904,74.77833601,1
0.04363,0.9,2304.444444,15.64133333,10.52882903,14.0772,74.79348898,1
0.04364,0.9,2302.222222,15.62666667,10.52108675,14.064,74.8086373,1
0.04365,0.9,2300,15.612,10.51333982,14.0508,74.82378096,1
0.04366,0.9,2297.777778,15.59733333,10.50558823,14.0376,74.83891995,1
0.04367,0.9,2295.555556,15.58266667,10.49783198,14.0244,74.85405424,1
0.04368,0.9,2293.333333,15.568,10.49007109,14.0112,74.86918384,1
0.04369,0.9,2291.111111,15.55333333,10.48230553,13.998,74.88430872,1
0.0437,0.9,2288.888889,15.53866667,10.47453533,13.9848,74.89942887,1
0.04371,0.9,2286.666667,15.524,10.46676047,13.9716,74.91454428,1
0.04372,0.9,2284.444444,15.50933333,10.45898095,13.9584,74.92965493,1
0.04373,0.9,2282.222222,15.49466667,10.45119679,13.9452,74.94476082,1
0.04374,0.9,2280,15.48,10.44340796,13.932,74.95986192,1
0.04375,0.9,2277.777778,15.46533333,10.43561449,13.9188,74.97495823,1
0.04376,0.9,2275.555556,15.45066667,10.42781635,13.9056,74.99004973,1
0.04377,0.9,2273.333333,15.436,10.42001357,13.8924,75.0051364,1
0.04378,0.9,2271.111111,15.42133333,10.41220613,13.8792,75.02021824,1
0.04379,0.9,2268.888889,15.40666667,10.40439404,13.866,75.03529523,1
0.0438,0.9,2266.666667,15.392,10.39657729,13.8528,75.05036735,1
0.04381,0.9,2264.444444,15.37733333,10.38875589,13.8396,75.06543459,1
0.04382,0.9,2262.222222,15.36266667,10.38092983,13.8264,75.08049695,1
0.04383,0.9,2260,15.348,10.37309912,13.8132,75.09555439,1
0.04384,0.9,2257.777778,15.33333333,10.36526375,13.8,75.11060692,1
0.04385,0.9,2255.555556,15.31866667,10.35742374,13.7868,75.12565451,1
0.04386,0.9,2253.333333,15.304,10.34957906,13.7736,75.14069715,1
0.04387,0.9,2251.111111,15.28933333,10.34172973,13.7604,75.15573482,1
0.04388,0.9,2248.888889,15.27466667,10.33387575,13.7472,75.17076752,1
0.04389,0.9,2246.666667,15.26,10.32601712,13.734,75.18579523,1
0.0439,0.9,2244.444444,15.24533333,10.31815383,13.7208,75.20081793,1
0.04391,0.9,2242.222222,15.23066667,10.31028588,13.7076,75.21583562,1
0.04392,0.9,2240,15.216,10.30241328,13.6944,75.23084826,1
0.04393,0.9,2237.777778,15.20133333,10.29453603,13.6812,75.24585586,1
0.04394,0.9,2235.555556,15.18666667,10.28665412,13.668,75.26085839,1
0.04395,0.9,2233.333333,15.172,10.27876756,13.6548,75.27585584,1
0.04396,0.9,2231.111111,15.15733333,10.27087635,13.6416,75.2908482,1
0.04397,0.9,2228.888889,15.14266667,10.26298048,13.6284,75.30583545,1
0.04398,0.9,2226.666667,15.128,10.25507996,13.6152,75.32081758,1
0.04399,0.9,2224.444444,15.11333333,10.24717478,13.602,75.33579457,1
0.044,0.9,2222.222222,15.09866667,10.23926495,13.5888,75.3507664,1
0.04401,0.9,2220,15.084,10.23135046,13.5756,75.36573307,1
0.04402,0.9,2217.777778,15.06933333,10.22343132,13.5624,75.38069455,1
0.04403,0.9,2215.555556,15.05466667,10.21550752,13.5492,75.39565084,1
0.04404,0.9,2213.333333,15.04,10.20757907,13.536,75.41060191,1
0.04405,0.9,2211.111111,15.02533333,10.19964597,13.5228,75.42554775,1
0.04406,0.9,2208.888889,15.01066667,10.19170821,13.5096,75.44048835,1
0.04407,0.9,2206.666667,14.996,10.1837658,13.4964,75.45542368,1
0.04408,0.9,2204.444444,14.98133333,10.17581874,13.4832,75.47035374,1
0.04409,0.9,2202.222222,14.96666667,10.16786702,13.47,75.48527852,1
0.0441,0.9,2200,14.952,10.15991064,13.4568,75.50019798,1
0.04411,0.9,2197.777778,14.93733333,10.15194961,13.4436,75.51511212,1
0.04412,0.9,2195.555556,14.92266667,10.14398393,13.4304,75.53002093,1
0.04413,0.9,2193.333333,14.908,10.13601359,13.4172,75.54492438,1
0.04414,0.9,2191.111111,14.89333333,10.1280386,13.404,75.55982246,1
0.04415,0.9,2188.888889,14.87866667,10.12005896,13.3908,75.57471516,1
0.04416,0.9,2186.666667,14.864,10.11207466,13.3776,75.58960245,1
0.04417,0.9,2184.444444,14.84933333,10.1040857,13.3644,75.60448433,1
0.04418,0.9,2182.222222,14.83466667,10.0960921,13.3512,75.61936078,1
0.04419,0.9,2180,14.82,10.08809383,13.338,75.63423177,1
0.0442,0.9,2177.777778,14.80533333,10.08009092,13.3248,75.6490973,1
0.04421,0.9,2175.555556,14.79066667,10.07208335,13.3116,75.66395735,1
0.04422,0.9,2173.333333,14.776,10.06407112,13.2984,75.6788119,1
0.04423,0.9,2171.111111,14.76133333,10.05605424,13.2852,75.69366094,1
0.04424,0.9,2168.888889,14.74666667,10.04803271,13.272,75.70850444,1
0.04425,0.9,2166.666667,14.732,10.04000652,13.2588,75.7233424,1
0.04426,0.9,2164.444444,14.71733333,10.03197568,13.2456,75.73817479,1
0.04427,0.9,2162.222222,14.70266667,10.02394018,13.2324,75.75300161,1
0.04428,0.9,2160,14.688,10.01590003,13.2192,75.76782282,1
0.04429,0.9,2157.777778,14.67333333,10.00785523,13.206,75.78263842,1
0.0443,0.9,2155.555556,14.65866667,9.999805772,13.1928,75.79744839,1
0.04431,0.9,2153.333333,14.644,9.991751659,13.1796,75.81225272,1
0.04432,0.9,2151.111111,14.62933333,9.983692892,13.1664,75.82705137,1
0.04433,0.9,2148.888889,14.61466667,9.975629471,13.1532,75.84184435,1
0.04434,0.9,2146.666667,14.6,9.967561396,13.14,75.85663162,1
0.04435,0.9,2144.444444,14.58533333,9.959488666,13.1268,75.87141318,1
0.04436,0.9,2142.222222,14.57066667,9.951411282,13.1136,75.88618901,1
0.04437,0.9,2140,14.556,9.943329244,13.1004,75.90095909,1
0.04438,0.9,2137.777778,14.54133333,9.935242552,13.0872,75.91572339,1
0.04439,0.9,2135.555556,14.52666667,9.927151206,13.074,75.93048191,1
0.0444,0.9,2133.333333,14.512,9.919055205,13.0608,75.94523463,1
0.04441,0.9,2131.111111,14.49733333,9.91095455,13.0476,75.95998153,1
0.04442,0.9,2128.888889,14.48266667,9.902849241,13.0344,75.97472259,1
0.04443,0.9,2126.666667,14.468,9.894739278,13.0212,75.98945779,1
0.04444,0.9,2124.444444,14.45333333,9.88662466,13.008,76.00418712,1
0.04445,0.9,2122.222222,14.43866667,9.878505389,12.9948,76.01891055,1
0.04446,0.9,2120,14.424,9.870381463,12.9816,76.03362808,1
0.04447,0.9,2117.777778,14.40933333,9.862252883,12.9684,76.04833968,1
0.04448,0.9,2115.555556,14.39466667,9.854119648,12.9552,76.06304533,1
0.04449,0.9,2113.333333,14.38,9.84598176,12.942,76.07774501,1
0.0445,0.9,2111.111111,14.36533333,9.837839217,12.9288,76.09243872,1
0.04451,0.9,2108.888889,14.35066667,9.82969202,12.9156,76.10712642,1
0.04452,0.9,2106.666667,14.336,9.821540169,12.9024,76.12180811,1
0.04453,0.9,2104.444444,14.32133333,9.813383664,12.8892,76.13648375,1
0.04454,0.9,2102.222222,14.30666667,9.805222504,12.876,76.15115334,1
0.04455,0.9,2100,14.292,9.79705669,12.8628,76.16581685,1
0.04456,0.9,2097.777778,14.27733333,9.788886222,12.8496,76.18047427,1
0.04457,0.9,2095.555556,14.26266667,9.7807111,12.8364,76.19512558,1
0.04458,0.9,2093.333333,14.248,9.772531324,12.8232,76.20977076,1
0.04459,0.9,2091.111111,14.23333333,9.764346893,12.81,76.22440978,1
0.0446,0.9,2088.888889,14.21866667,9.756157808,12.7968,76.23904264,1
0.04461,0.9,2086.666667,14.204,9.747964069,12.7836,76.2536693,1
0.04462,0.9,2084.444444,14.18933333,9.739765676,12.7704,76.26828976,1
0.04463,0.9,2082.222222,14.17466667,9.731562628,12.7572,76.28290399,1
0.04464,0.9,2080,14.16,9.723354927,12.744,76.29751198,1
0.04465,0.9,2077.777778,14.14533333,9.715142571,12.7308,76.3121137,1
0.04466,0.9,2075.555556,14.13066667,9.706925561,12.7176,76.32670913,1
0.04467,0.9,2073.333333,14.116,9.698703896,12.7044,76.34129826,1
0.04468,0.9,2071.111111,14.10133333,9.690477578,12.6912,76.35588106,1
0.04469,0.9,2068.888889,14.08666667,9.682246605,12.678,76.37045752,1
0.0447,0.9,2066.666667,14.072,9.674010978,12.6648,76.38502762,1
0.04471,0.9,2064.444444,14.05733333,9.665770697,12.6516,76.39959133,1
0.04472,0.9,2062.222222,14.04266667,9.657525761,12.6384,76.41414864,1
0.04473,0.9,2060,14.028,9.649276172,12.6252,76.42869952,1
0.04474,0.9,2057.777778,14.01333333,9.641021928,12.612,76.44324396,1
0.04475,0.9,2055.555556,13.99866667,9.63276303,12.5988,76.45778193,1
0.04476,0.9,2053.333333,13.984,9.624499478,12.5856,76.47231342,1
0.04477,0.9,2051.111111,13.96933333,9.616231271,12.5724,76.4868384,1
0.04478,0.9,2048.888889,13.95466667,9.607958411,12.5592,76.50135686,1
0.04479,0.9,2046.666667,13.94,9.599680896,12.546,76.51586877,1
0.0448,0.9,2044.444444,13.92533333,9.591398727,12.5328,76.53037411,1
0.04481,0.9,2042.222222,13.91066667,9.583111903,12.5196,76.54487287,1
0.04482,0.9,2040,13.896,9.574820426,12.5064,76.55936501,1
0.04483,0.9,2037.777778,13.88133333,9.566524294,12.4932,76.57385053,1
0.04484,0.9,2035.555556,13.86666667,9.558223508,12.48,76.58832939,1
0.04485,0.9,2033.333333,13.852,9.549918068,12.4668,76.60280159,1
0.04486,0.9,2031.111111,13.83733333,9.541607974,12.4536,76.61726709,1
0.04487,0.9,2028.888889,13.82266667,9.533293225,12.4404,76.63172587,1
0.04488,0.9,2026.666667,13.808,9.524973822,12.4272,76.64617792,1
0.04489,0.9,2024.444444,13.79333333,9.516649765,12.414,76.66062321,1
0.0449,0.9,2022.222222,13.77866667,9.508321054,12.4008,76.67506172,1
0.04491,0.9,2020,13.764,9.499987689,12.3876,76.68949344,1
0.04492,0.9,2017.777778,13.74933333,9.491649669,12.3744,76.70391833,1
0.04493,0.9,2015.555556,13.73466667,9.483306995,12.3612,76.71833637,1
0.04494,0.9,2013.333333,13.72,9.474959667,12.348,76.73274755,1
0.04495,0.9,2011.111111,13.70533333,9.466607685,12.3348,76.74715184,1
0.04496,0.9,2008.888889,13.69066667,9.458251049,12.3216,76.76154922,1
0.04497,0.9,2006.666667,13.676,9.449889758,12.3084,76.77593967,1
0.04498,0.9,2004.444444,13.66133333,9.441523813,12.2952,76.79032316,1
0.04499,0.9,2002.222222,13.64666667,9.433153214,12.282,76.80469967,1
0.045,0.9,2000,13.632,9.424777961,12.2688,76.81906919,1
0.04501,0.9,1997.777778,13.61733333,9.416398053,12.2556,76.83343168,1
0.04502,0.9,1995.555556,13.60266667,9.408013492,12.2424,76.84778713,1
0.04503,0.9,1993.333333,13.588,9.399624276,12.2292,76.86213551,1
0.04504,0.9,1991.111111,13.57333333,9.391230405,12.216,76.8764768,1
0.04505,0.9,1988.888889,13.55866667,9.382831881,12.2028,76.89081097,1
0.04506,0.9,1986.666667,13.544,9.374428703,12.1896,76.90513801,1
0.04507,0.9,1984.444444,13.52933333,9.36602087,12.1764,76.91945788,1
0.04508,0.9,1982.222222,13.51466667,9.357608383,12.1632,76.93377058,1
0.04509,0.9,1980,13.5,9.349191242,12.15,76.94807606,1
0.0451,0.9,1977.777778,13.48533333,9.340769446,12.1368,76.96237432,1
0.04511,0.9,1975.555556,13.47066667,9.332342996,12.1236,76.97666532,1
0.04512,0.9,1973.333333,13.456,9.323911893,12.1104,76.99094904,1
0.04513,0.9,1971.111111,13.44133333,9.315476135,12.0972,77.00522546,1
0.04514,0.9,1968.888889,13.42666667,9.307035722,12.084,77.01949456,1
0.04515,0.9,1966.666667,13.412,9.298590656,12.0708,77.0337563,1
0.04516,0.9,1964.444444,13.39733333,9.290140935,12.0576,77.04801068,1
0.04517,0.9,1962.222222,13.38266667,9.28168656,12.0444,77.06225765,1
0.04518,0.9,1960,13.368,9.273227531,12.0312,77.0764972,1
0.04519,0.9,1957.777778,13.35333333,9.264763848,12.018,77.0907293,1
0.0452,0.9,1955.555556,13.33866667,9.25629551,12.0048,77.10495394,1
0.04521,0.9,1953.333333,13.324,9.247822519,11.9916,77.11917107,1
0.04522,0.9,1951.111111,13.30933333,9.239344873,11.9784,77.13338069,1
0.04523,0.9,1948.888889,13.29466667,9.230862572,11.9652,77.14758276,1
0.04524,0.9,1946.666667,13.28,9.222375618,11.952,77.16177726,1
0.04525,0.9,1944.444444,13.26533333,9.213884009,11.9388,77.17596416,1
0.04526,0.9,1942.222222,13.25066667,9.205387747,11.9256,77.19014345,1
0.04527,0.9,1940,13.236,9.19688683,11.9124,77.20431508,1
0.04528,0.9,1937.777778,13.22133333,9.188381258,11.8992,77.21847904,1
0.04529,0.9,1935.555556,13.20666667,9.179871033,11.886,77.23263531,1
0.0453,0.9,1933.333333,13.192,9.171356153,11.8728,77.24678385,1
0.04531,0.9,1931.111111,13.17733333,9.16283662,11.8596,77.26092465,1
0.04532,0.9,1928.888889,13.16266667,9.154312431,11.8464,77.27505767,1
0.04533,0.9,1926.666667,13.148,9.145783589,11.8332,77.28918289,1
0.04534,0.9,1924.444444,13.13333333,9.137250093,11.82,77.30330028,1
0.04535,0.9,1922.222222,13.11866667,9.128711942,11.8068,77.31740981,1
0.04536,0.9,1920,13.104,9.120169137,11.7936,77.33151147,1
0.04537,0.9,1917.777778,13.08933333,9.111621678,11.7804,77.34560523,1
0.04538,0.9,1915.555556,13.07466667,9.103069565,11.7672,77.35969104,1
0.04539,0.9,1913.333333,13.06,9.094512797,11.754,77.3737689,1
0.0454,0.9,1911.111111,13.04533333,9.085951375,11.7408,77.38783878,1
0.04541,0.9,1908.888889,13.03066667,9.077385299,11.7276,77.40190064,1
0.04542,0.9,1906.666667,13.016,9.068814569,11.7144,77.41595446,1
0.04543,0.9,1904.444444,13.00133333,9.060239185,11.7012,77.43000021,1
0.04544,0.9,1902.222222,12.98666667,9.051659146,11.688,77.44403787,1
0.04545,0.9,1900,12.972,9.043074453,11.6748,77.4580674,1
0.04546,0.9,1897.777778,12.95733333,9.034485106,11.6616,77.47208879,1
0.04547,0.9,1895.555556,12.94266667,9.025891105,11.6484,77.486102,1
0.04548,0.9,1893.333333,12.928,9.01729245,11.6352,77.500107,1
0.04549,0.9,1891.111111,12.91333333,9.00868914,11.622,77.51410377,1
0.0455,0.9,1888.888889,12.89866667,9.000081176,11.6088,77.52809228,1
0.04551,0.9,1886.666667,12.884,8.991468558,11.5956,77.54207249,1
0.04552,0.9,1884.444444,12.86933333,8.982851286,11.5824,77.55604439,1
0.04553,0.9,1882.222222,12.85466667,8.974229359,11.5692,77.57000795,1
0.04554,0.9,1880,12.84,8.965602779,11.556,77.58396312,1
0.04555,0.9,1877.777778,12.82533333,8.956971544,11.5428,77.5979099,1
0.04556,0.9,1875.555556,12.81066667,8.948335654,11.5296,77.61184824,1
0.04557,0.9,1873.333333,12.796,8.939695111,11.5164,77.62577812,1
0.04558,0.9,1871.111111,12.78133333,8.931049914,11.5032,77.63969951,1
0.04559,0.9,1868.888889,12.76666667,8.922400062,11.49,77.65361237,1
0.0456,0.9,1866.666667,12.752,8.913745556,11.4768,77.66751669,1
0.04561,0.9,1864.444444,12.73733333,8.905086396,11.4636,77.68141243,1
0.04562,0.9,1862.222222,12.72266667,8.896422581,11.4504,77.69529956,1
0.04563,0.9,1860,12.708,8.887754113,11.4372,77.70917806,1
0.04564,0.9,1857.777778,12.69333333,8.87908099,11.424,77.72304788,1
0.04565,0.9,1855.555556,12.67866667,8.870403213,11.4108,77.736909,1
0.04566,0.9,1853.333333,12.664,8.861720781,11.3976,77.7507614,1
0.04567,0.9,1851.111111,12.64933333,8.853033696,11.3844,77.76460504,1
0.04568,0.9,1848.888889,12.63466667,8.844341956,11.3712,77.77843989,1
0.04569,0.9,1846.666667,12.62,8.835645562,11.358,77.79226591,1
0.0457,0.9,1844.444444,12.60533333,8.826944514,11.3448,77.80608309,1
0.04571,0.9,1842.222222,12.59066667,8.818238812,11.3316,77.81989138,1
0.04572,0.9,1840,12.576,8.809528455,11.3184,77.83369076,1
0.04573,0.9,1837.777778,12.56133333,8.800813445,11.3052,77.8474812,1
0.04574,0.9,1835.555556,12.54666667,8.79209378,11.292,77.86126266,1
0.04575,0.9,1833.333333,12.532,8.783369461,11.2788,77.87503512,1
0.04576,0.9,1831.111111,12.51733333,8.774640487,11.2656,77.88879853,1
0.04577,0.9,1828.888889,12.50266667,8.76590686,11.2524,77.90255288,1
0.04578,0.9,1826.666667,12.488,8.757168578,11.2392,77.91629812,1
0.04579,0.9,1824.444444,12.47333333,8.748425642,11.226,77.93003422,1
0.0458,0.9,1822.222222,12.45866667,8.739678052,11.2128,77.94376116,1
0.04581,0.9,1820,12.444,8.730925807,11.1996,77.9574789,1
0.04582,0.9,1817.777778,12.42933333,8.722168909,11.1864,77.97118741,1
0.04583,0.9,1815.555556,12.41466667,8.713407356,11.1732,77.98488666,1
0.04584,0.9,1813.333333,12.4,8.704641149,11.16,77.9985766,1
0.04585,0.9,1811.111111,12.38533333,8.695870287,11.1468,78.01225722,1
0.04586,0.9,1808.888889,12.37066667,8.687094772,11.1336,78.02592847,1
0.04587,0.9,1806.666667,12.356,8.678314602,11.1204,78.03959032,1
0.04588,0.9,1804.444444,12.34133333,8.669529778,11.1072,78.05324275,1
0.04589,0.9,1802.222222,12.32666667,8.6607403,11.094,78.06688571,1
0.0459,0.9,1800,12.312,8.651946168,11.0808,78.08051917,1
0.04591,0.9,1797.777778,12.29733333,8.643147381,11.0676,78.0941431,1
0.04592,0.9,1795.555556,12.28266667,8.634343941,11.0544,78.10775746,1
0.04593,0.9,1793.333333,12.268,8.625535846,11.0412,78.12136222,1
0.04594,0.9,1791.111111,12.25333333,8.616723097,11.028,78.13495735,1
0.04595,0.9,1788.888889,12.23866667,8.607905693,11.0148,78.14854281,1
0.04596,0.9,1786.666667,12.224,8.599083636,11.0016,78.16211856,1
0.04597,0.9,1784.444444,12.20933333,8.590256924,10.9884,78.17568457,1
0.04598,0.9,1782.222222,12.19466667,8.581425558,10.9752,78.18924081,1
0.04599,0.9,1780,12.18,8.572589538,10.962,78.20278724,1
0.046,0.9,1777.777778,12.16533333,8.563748863,10.9488,78.21632383,1
0.04601,0.9,1775.555556,12.15066667,8.554903534,10.9356,78.22985053,1
0.04602,0.9,1773.333333,12.136,8.546053552,10.9224,78.24336731,1
0.04603,0.9,1771.111111,12.12133333,8.537198915,10.9092,78.25687415,1
0.04604,0.9,1768.888889,12.10666667,8.528339623,10.896,78.27037099,1
0.04605,0.9,1766.666667,12.092,8.519475678,10.8828,78.28385781,1
0.04606,0.9,1764.444444,12.07733333,8.510607078,10.8696,78.29733457,1
0.04607,0.9,1762.222222,12.06266667,8.501733824,10.8564,78.31080122,1
0.04608,0.9,1760,12.048,8.492855916,10.8432,78.32425775,1
0.04609,0.9,1757.777778,12.03333333,8.483973354,10.83,78.3377041,1
0.0461,0.9,1755.555556,12.01866667,8.475086137,10.8168,78.35114024,1
0.04611,0.9,1753.333333,12.004,8.466194266,10.8036,78.36456613,1
0.04612,0.9,1751.111111,11.98933333,8.457297741,10.7904,78.37798174,1
0.04613,0.9,1748.888889,11.97466667,8.448396562,10.7772,78.39138702,1
0.04614,0.9,1746.666667,11.96,8.439490729,10.764,78.40478195,1
0.04615,0.9,1744.444444,11.94533333,8.430580241,10.7508,78.41816647,1
0.04616,0.9,1742.222222,11.93066667,8.421665099,10.7376,78.43154056,1
0.04617,0.9,1740,11.916,8.412745303,10.7244,78.44490417,1
0.04618,0.9,1737.777778,11.90133333,8.403820853,10.7112,78.45825727,1
0.04619,0.9,1735.555556,11.88666667,8.394891749,10.698,78.47159982,1
0.0462,0.9,1733.333333,11.872,8.38595799,10.6848,78.48493177,1
0.04621,0.9,1731.111111,11.85733333,8.377019577,10.6716,78.49825309,1
0.04622,0.9,1728.888889,11.84266667,8.36807651,10.6584,78.51156374,1
0.04623,0.9,1726.666667,11.828,8.359128789,10.6452,78.52486368,1
0.04624,0.9,1724.444444,11.81333333,8.350176413,10.632,78.53815287,1
0.04625,0.9,1722.222222,11.79866667,8.341219383,10.6188,78.55143127,1
0.04626,0.9,1720,11.784,8.3322577,10.6056,78.56469883,1
0.04627,0.9,1717.777778,11.76933333,8.323291361,10.5924,78.57795553,1
0.04628,0.9,1715.555556,11.75466667,8.314320369,10.5792,78.59120131,1
0.04629,0.9,1713.333333,11.74,8.305344722,10.566,78.60443614,1
0.0463,0.9,1711.111111,11.72533333,8.296364422,10.5528,78.61765997,1
0.04631,0.9,1708.888889,11.71066667,8.287379467,10.5396,78.63087277,1
0.04632,0.9,1706.666667,11.696,8.278389858,10.5264,78.64407449,1
0.04633,0.9,1704.444444,11.68133333,8.269395594,10.5132,78.6572651,1
0.04634,0.9,1702.222222,11.66666667,8.260396676,10.5,78.67044454,1
0.04635,0.9,1700,11.652,8.251393105,10.4868,78.68361278,1
0.04636,0.9,1697.777778,11.63733333,8.242384879,10.4736,78.69676977,1
0.04637,0.9,1695.555556,11.62266667,8.233371998,10.4604,78.70991548,1
0.04638,0.9,1693.333333,11.608,8.224354464,10.4472,78.72304985,1
0.04639,0.9,1691.111111,11.59333333,8.215332275,10.434,78.73617285,1
0.0464,0.9,1688.888889,11.57866667,8.206305432,10.4208,78.74928443,1
0.04641,0.9,1686.666667,11.564,8.197273935,10.4076,78.76238456,1
0.04642,0.9,1684.444444,11.54933333,8.188237784,10.3944,78.77547318,1
0.04643,0.9,1682.222222,11.53466667,8.179196978,10.3812,78.78855025,1
0.04644,0.9,1680,11.52,8.170151519,10.368,78.80161573,1
0.04645,0.9,1677.777778,11.50533333,8.161101405,10.3548,78.81466957,1
0.04646,0.9,1675.555556,11.49066667,8.152046637,10.3416,78.82771173,1
0.04647,0.9,1673.333333,11.476,8.142987214,10.3284,78.84074217,1
0.04648,0.9,1671.111111,11.46133333,8.133923138,10.3152,78.85376083,1
0.04649,0.9,1668.888889,11.44666667,8.124854407,10.302,78.86676768,1
0.0465,0.9,1666.666667,11.432,8.115781022,10.2888,78.87976267,1
0.04651,0.9,1664.444444,11.41733333,8.106702983,10.2756,78.89274575,1
0.04652,0.9,1662.222222,11.40266667,8.097620289,10.2624,78.90571688,1
0.04653,0.9,1660,11.388,8.088532941,10.2492,78.91867601,1
0.04654,0.9,1657.777778,11.37333333,8.07944094,10.236,78.93162309,1
0.04655,0.9,1655.555556,11.35866667,8.070344284,10.2228,78.94455808,1
0.04656,0.9,1653.333333,11.344,8.061242973,10.2096,78.95748093,1
0.04657,0.9,1651.111111,11.32933333,8.052137009,10.1964,78.9703916,1
0.04658,0.9,1648.888889,11.31466667,8.04302639,10.1832,78.98329003,1
0.04659,0.9,1646.666667,11.3,8.033911117,10.17,78.99617618,1
0.0466,0.9,1644.444444,11.28533333,8.02479119,10.1568,79.00905,1
0.04661,0.9,1642.222222,11.27066667,8.015666609,10.1436,79.02191144,1
0.04662,0.9,1640,11.256,8.006537373,10.1304,79.03476046,1
0.04663,0.9,1637.777778,11.24133333,7.997403483,10.1172,79.047597,1
0.04664,0.9,1635.555556,11.22666667,7.98826494,10.104,79.06042102,1
0.04665,0.9,1633.333333,11.212,7.979121741,10.0908,79.07323246,1
0.04666,0.9,1631.111111,11.19733333,7.969973889,10.0776,79.08603129,1
0.04667,0.9,1628.888889,11.18266667,7.960821382,10.0644,79.09881744,1
0.04668,0.9,1626.666667,11.168,7.951664222,10.0512,79.11159087,1
0.04669,0.9,1624.444444,11.15333333,7.942502407,10.038,79.12435153,1
0.0467,0.9,1622.222222,11.13866667,7.933335937,10.0248,79.13709937,1
0.04671,0.9,1620,11.124,7.924164814,10.0116,79.14983433,1
0.04672,0.9,1617.777778,11.10933333,7.914989036,9.9984,79.16255637,1
0.04673,0.9,1615.555556,11.09466667,7.905808604,9.9852,79.17526544,1
0.04674,0.9,1613.333333,11.08,7.896623518,9.972,79.18796147,1
0.04675,0.9,1611.111111,11.06533333,7.887433778,9.9588,79.20064443,1
0.04676,0.9,1608.888889,11.05066667,7.878239383,9.9456,79.21331426,1
0.04677,0.9,1606.666667,11.036,7.869040335,9.9324,79.22597091,1
0.04678,0.9,1604.444444,11.02133333,7.859836632,9.9192,79.23861432,1
0.04679,0.9,1602.222222,11.00666667,7.850628275,9.906,79.25124444,1
0.0468,0.9,1600,10.992,7.841415263,9.8928,79.26386123,1
0.04681,0.9,1597.777778,10.97733333,7.832197598,9.8796,79.27646461,1
0.04682,0.9,1595.555556,10.96266667,7.822975278,9.8664,79.28905455,1
0.04683,0.9,1593.333333,10.948,7.813748304,9.8532,79.30163098,1
0.04684,0.9,1591.111111,10.93333333,7.804516676,9.84,79.31419386,1
0.04685,0.9,1588.888889,10.91866667,7.795280393,9.8268,79.32674313,1
0.04686,0.9,1586.666667,10.904,7.786039457,9.8136,79.33927872,1
0.04687,0.9,1584.444444,10.88933333,7.776793866,9.8004,79.3518006,1
0.04688,0.9,1582.222222,10.87466667,7.767543621,9.7872,79.3643087,1
0.04689,0.9,1580,10.86,7.758288722,9.774,79.37680296,1
0.0469,0.9,1577.777778,10.84533333,7.749029168,9.7608,79.38928334,1
0.04691,0.9,1575.555556,10.83066667,7.739764961,9.7476,79.40174977,1
0.04692,0.9,1573.333333,10.816,7.730496099,9.7344,79.4142022,1
0.04693,0.9,1571.111111,10.80133333,7.721222583,9.7212,79.42664057,1
0.04694,0.9,1568.888889,10.78666667,7.711944412,9.708,79.43906482,1
0.04695,0.9,1566.666667,10.772,7.702661588,9.6948,79.45147489,1
0.04696,0.9,1564.444444,10.75733333,7.693374109,9.6816,79.46387074,1
0.04697,0.9,1562.222222,10.74266667,7.684081976,9.6684,79.47625229,1
0.04698,0.9,1560,10.728,7.674785189,9.6552,79.48861949,1
0.04699,0.9,1557.777778,10.71333333,7.665483748,9.642,79.50097228,1
0.047,0.9,1555.555556,10.69866667,7.656177652,9.6288,79.51331061,1
0.04701,0.9,1553.333333,10.684,7.646866902,9.6156,79.52563441,1
0.04702,0.9,1551.111111,10.66933333,7.637551498,9.6024,79.53794362,1
0.04703,0.9,1548.888889,10.65466667,7.62823144,9.5892,79.55023819,1
0.04704,0.9,1546.666667,10.64,7.618906728,9.576,79.56251804,1
0.04705,0.9,1544.444444,10.62533333,7.609577361,9.5628,79.57478313,1
0.04706,0.9,1542.222222,10.61066667,7.60024334,9.5496,79.58703339,1
0.04707,0.9,1540,10.596,7.590904665,9.5364,79.59926875,1
0.04708,0.9,1537.777778,10.58133333,7.581561336,9.5232,79.61148916,1
0.04709,0.9,1535.555556,10.56666667,7.572213352,9.51,79.62369456,1
0.0471,0.9,1533.333333,10.552,7.562860715,9.4968,79.63588487,1
0.04711,0.9,1531.111111,10.53733333,7.553503423,9.4836,79.64806005,1
0.04712,0.9,1528.888889,10.52266667,7.544141477,9.4704,79.66022002,1
0.04713,0.9,1526.666667,10.508,7.534774876,9.4572,79.67236472,1
0.04714,0.9,1524.444444,10.49333333,7.525403622,9.444,79.68449409,1
0.04715,0.9,1522.222222,10.47866667,7.516027713,9.4308,79.69660806,1
0.04716,0.9,1520,10.464,7.50664715,9.4176,79.70870657,1
0.04717,0.9,1517.777778,10.44933333,7.497261933,9.4044,79.72078956,1
0.04718,0.9,1515.555556,10.43466667,7.487872062,9.3912,79.73285695,1
0.04719,0.9,1513.333333,10.42,7.478477536,9.378,79.74490868,1
0.0472,0.9,1511.111111,10.40533333,7.469078356,9.3648,79.75694469,1
0.04721,0.9,1508.888889,10.39066667,7.459674522,9.3516,79.76896491,1
0.04722,0.9,1506.666667,10.376,7.450266034,9.3384,79.78096927,1
0.04723,0.9,1504.444444,10.36133333,7.440852892,9.3252,79.7929577,1
0.04724,0.9,1502.222222,10.34666667,7.431435095,9.312,79.80493014,1
0.04725,0.9,1500,10.332,7.422012644,9.2988,79.81688652,1
0.04726,0.9,1497.777778,10.31733333,7.412585539,9.2856,79.82882678,1
0.04727,0.9,1495.555556,10.30266667,7.40315378,9.2724,79.84075083,1
0.04728,0.9,1493.333333,10.288,7.393717366,9.2592,79.85265861,1
0.04729,0.9,1491.111111,10.27333333,7.384276299,9.246,79.86455006,1
0.0473,0.9,1488.888889,10.25866667,7.374830577,9.2328,79.8764251,1
0.04731,0.9,1486.666667,10.244,7.365380201,9.2196,79.88828366,1
0.04732,0.9,1484.444444,10.22933333,7.35592517,9.2064,79.90012568,1
0.04733,0.9,1482.222222,10.21466667,7.346465486,9.1932,79.91195107,1
0.04734,0.9,1480,10.2,7.337001147,9.18,79.92375977,1
0.04735,0.9,1477.777778,10.18533333,7.327532154,9.1668,79.93555171,1
0.04736,0.9,1475.555556,10.17066667,7.318058507,9.1536,79.94732681,1
0.04737,0.9,1473.333333,10.156,7.308580205,9.1404,79.959085,1
0.04738,0.9,1471.111111,10.14133333,7.29909725,9.1272,79.97082621,1
0.04739,0.9,1468.888889,10.12666667,7.28960964,9.114,79.98255036,1
0.0474,0.9,1466.666667,10.112,7.280117376,9.1008,79.99425738,1
0.04741,0.9,1464.444444,10.09733333,7.270620458,9.0876,80.0059472,1
0.04742,0.9,1462.222222,10.08266667,7.261118885,9.0744,80.01761974,1
0.04743,0.9,1460,10.068,7.251612659,9.0612,80.02927491,1
0.04744,0.9,1457.777778,10.05333333,7.242101778,9.048,80.04091266,1
0.04745,0.9,1455.555556,10.03866667,7.232586243,9.0348,80.0525329,1
0.04746,0.9,1453.333333,10.024,7.223066053,9.0216,80.06413556,1
0.04747,0.9,1451.111111,10.00933333,7.21354121,9.0084,80.07572055,1
0.04748,0.9,1448.888889,9.994666667,7.204011712,8.9952,80.0872878,1
0.04749,0.9,1446.666667,9.98,7.19447756,8.982,80.09883723,1
0.0475,0.9,1444.444444,9.965333333,7.184938754,8.9688,80.11036877,1
0.04751,0.9,1442.222222,9.950666667,7.175395294,8.9556,80.12188233,1
0.04752,0.9,1440,9.936,7.165847179,8.9424,80.13337783,1
0.04753,0.9,1437.777778,9.921333333,7.15629441,8.9292,80.1448552,1
0.04754,0.9,1435.555556,9.906666667,7.146736987,8.916,80.15631435,1
0.04755,0.9,1433.333333,9.892,7.13717491,8.9028,80.1677552,1
0.04756,0.9,1431.111111,9.877333333,7.127608179,8.8896,80.17917768,1
0.04757,0.9,1428.888889,9.862666667,7.118036793,8.8764,80.19058169,1
0.04758,0.9,1426.666667,9.848,7.108460753,8.8632,80.20196716,1
0.04759,0.9,1424.444444,9.833333333,7.098880059,8.85,80.213334,1
0.0476,0.9,1422.222222,9.818666667,7.089294711,8.8368,80.22468214,1
0.04761,0.9,1420,9.804,7.079704709,8.8236,80.23601148,1
0.04762,0.9,1417.777778,9.789333333,7.070110052,8.8104,80.24732194,1
0.04763,0.9,1415.555556,9.774666667,7.060510741,8.7972,80.25861343,1
0.04764,0.9,1413.333333,9.76,7.050906776,8.784,80.26988588,1
0.04765,0.9,1411.111111,9.745333333,7.041298157,8.7708,80.2811392,1
0.04766,0.9,1408.888889,9.730666667,7.031684883,8.7576,80.29237329,1
0.04767,0.9,1406.666667,9.716,7.022066955,8.7444,80.30358807,1
0.04768,0.9,1404.444444,9.701333333,7.012444373,8.7312,80.31478346,1
0.04769,0.9,1402.222222,9.686666667,7.002817137,8.718,80.32595936,1
0.0477,0.9,1400,9.672,6.993185247,8.7048,80.33711569,1
0.04771,0.9,1397.777778,9.657333333,6.983548702,8.6916,80.34825236,1
0.04772,0.9,1395.555556,9.642666667,6.973907504,8.6784,80.35936928,1
0.04773,0.9,1393.333333,9.628,6.964261651,8.6652,80.37046635,1
0.04774,0.9,1391.111111,9.613333333,6.954611143,8.652,80.3815435,1
0.04775,0.9,1388.888889,9.598666667,6.944955982,8.6388,80.39260061,1
0.04776,0.9,1386.666667,9.584,6.935296166,8.6256,80.40363762,1
0.04777,0.9,1384.444444,9.569333333,6.925631696,8.6124,80.41465441,1
0.04778,0.9,1382.222222,9.554666667,6.915962572,8.5992,80.4256509,1
0.04779,0.9,1380,9.54,6.906288794,8.586,80.436627,1
0.0478,0.9,1377.777778,9.525333333,6.896610362,8.5728,80.44758261,1
0.04781,0.9,1375.555556,9.510666667,6.886927275,8.5596,80.45851763,1
0.04782,0.9,1373.333333,9.496,6.877239534,8.5464,80.46943197,1
0.04783,0.9,1371.111111,9.481333333,6.867547139,8.5332,80.48032554,1
0.04784,0.9,1368.888889,9.466666667,6.85785009,8.52,80.49119823,1
0.04785,0.9,1366.666667,9.452,6.848148386,8.5068,80.50204996,1
0.04786,0.9,1364.444444,9.437333333,6.838442028,8.4936,80.51288062,1
0.04787,0.9,1362.222222,9.422666667,6.828731016,8.4804,80.52369011,1
0.04788,0.9,1360,9.408,6.81901535,8.4672,80.53447834,1
0.04789,0.9,1357.777778,9.393333333,6.80929503,8.454,80.54524521,1
0.0479,0.9,1355.555556,9.378666667,6.799570055,8.4408,80.55599061,1
0.04791,0.9,1353.333333,9.364,6.789840426,8.4276,80.56671444,1
0.04792,0.9,1351.111111,9.349333333,6.780106143,8.4144,80.57741661,1
0.04793,0.9,1348.888889,9.334666667,6.770367206,8.4012,80.58809701,1
0.04794,0.9,1346.666667,9.32,6.760623615,8.388,80.59875554,1
0.04795,0.9,1344.444444,9.305333333,6.750875369,8.3748,80.60939209,1
0.04796,0.9,1342.222222,9.290666667,6.741122469,8.3616,80.62000657,1
0.04797,0.9,1340,9.276,6.731364915,8.3484,80.63059886,1
0.04798,0.9,1337.777778,9.261333333,6.721602707,8.3352,80.64116886,1
0.04799,0.9,1335.555556,9.246666667,6.711835844,8.322,80.65171647,1
0.048,0.9,1333.333333,9.232,6.702064328,8.3088,80.66224157,1
0.04801,0.9,1331.111111,9.217333333,6.692288157,8.2956,80.67274407,1
0.04802,0.9,1328.888889,9.202666667,6.682507332,8.2824,80.68322384,1
0.04803,0.9,1326.666667,9.188,6.672721852,8.2692,80.69368079,1
0.04804,0.9,1324.444444,9.173333333,6.662931719,8.256,80.70411481,1
0.04805,0.9,1322.222222,9.158666667,6.653136931,8.2428,80.71452578,1
0.04806,0.9,1320,9.144,6.643337489,8.2296,80.72491359,1
0.04807,0.9,1317.777778,9.129333333,6.633533393,8.2164,80.73527814,1
0.04808,0.9,1315.555556,9.114666667,6.623724642,8.2032,80.7456193,1
0.04809,0.9,1313.333333,9.1,6.613911238,8.19,80.75593697,1
0.0481,0.9,1311.111111,9.085333333,6.604093179,8.1768,80.76623103,1
0.04811,0.9,1308.888889,9.070666667,6.594270466,8.1636,80.77650137,1
0.04812,0.9,1306.666667,9.056,6.584443099,8.1504,80.78674787,1
0.04813,0.9,1304.444444,9.041333333,6.574611077,8.1372,80.79697042,1
0.04814,0.9,1302.222222,9.026666667,6.564774402,8.124,80.8071689,1
0.04815,0.9,1300,9.012,6.554933072,8.1108,80.81734319,1
0.04816,0.9,1297.777778,8.997333333,6.545087088,8.0976,80.82749318,1
0.04817,0.9,1295.555556,8.982666667,6.535236449,8.0844,80.83761874,1
0.04818,0.9,1293.333333,8.968,6.525381157,8.0712,80.84771975,1
0.04819,0.9,1291.111111,8.953333333,6.51552121,8.058,80.8577961,1
0.0482,0.9,1288.888889,8.938666667,6.505656609,8.0448,80.86784767,1
0.04821,0.9,1286.666667,8.924,6.495787354,8.0316,80.87787432,1
0.04822,0.9,1284.444444,8.909333333,6.485913445,8.0184,80.88787594,1
0.04823,0.9,1282.222222,8.894666667,6.476034881,8.0052,80.89785241,1
0.04824,0.9,1280,8.88,6.466151663,7.992,80.9078036,1
0.04825,0.9,1277.777778,8.865333333,6.456263791,7.9788,80.91772937,1
0.04826,0.9,1275.555556,8.850666667,6.446371265,7.9656,80.92762962,1
0.04827,0.9,1273.333333,8.836,6.436474085,7.9524,80.93750421,1
0.04828,0.9,1271.111111,8.821333333,6.42657225,7.9392,80.94735301,1
0.04829,0.9,1268.888889,8.806666667,6.416665761,7.926,80.95717589,1
0.0483,0.9,1266.666667,8.792,6.406754618,7.9128,80.96697273,1
0.04831,0.9,1264.444444,8.777333333,6.396838821,7.8996,80.97674339,1
0.04832,0.9,1262.222222,8.762666667,6.386918369,7.8864,80.98648774,1
0.04833,0.9,1260,8.748,6.376993264,7.8732,80.99620566,1
0.04834,0.9,1257.777778,8.733333333,6.367063504,7.86,81.005897,1
0.04835,0.9,1255.555556,8.718666667,6.35712909,7.8468,81.01556163,1
0.04836,0.9,1253.333333,8.704,6.347190022,7.8336,81.02519942,1
0.04837,0.9,1251.111111,8.689333333,6.337246299,7.8204,81.03481023,1
0.04838,0.9,1248.888889,8.674666667,6.327297922,7.8072,81.04439392,1
0.04839,0.9,1246.666667,8.66,6.317344891,7.794,81.05395036,1
0.0484,0.9,1244.444444,8.645333333,6.307387206,7.7808,81.06347941,1
0.04841,0.9,1242.222222,8.630666667,6.297424867,7.7676,81.07298093,1
0.04842,0.9,1240,8.616,6.287457873,7.7544,81.08245478,1
0.04843,0.9,1237.777778,8.601333333,6.277486225,7.7412,81.09190081,1
0.04844,0.9,1235.555556,8.586666667,6.267509923,7.728,81.10131888,1
0.04845,0.9,1233.333333,8.572,6.257528967,7.7148,81.11070886,1
0.04846,0.9,1231.111111,8.557333333,6.247543357,7.7016,81.12007059,1
0.04847,0.9,1228.888889,8.542666667,6.237553092,7.6884,81.12940393,1
0.04848,0.9,1226.666667,8.528,6.227558173,7.6752,81.13870874,1
0.04849,0.9,1224.444444,8.513333333,6.2175586,7.662,81.14798486,1
0.0485,0.9,1222.222222,8.498666667,6.207554373,7.6488,81.15723215,1
0.04851,0.9,1220,8.484,6.197545491,7.6356,81.16645046,1
0.04852,0.9,1217.777778,8.469333333,6.187531956,7.6224,81.17563964,1
0.04853,0.9,1215.555556,8.454666667,6.177513766,7.6092,81.18479953,1
0.04854,0.9,1213.333333,8.44,6.167490922,7.596,81.19392999,1
0.04855,0.9,1211.111111,8.425333333,6.157463423,7.5828,81.20303085,1
0.04856,0.9,1208.888889,8.410666667,6.147431271,7.5696,81.21210197,1
0.04857,0.9,1206.666667,8.396,6.137394464,7.5564,81.22114319,1
0.04858,0.9,1204.444444,8.381333333,6.127353003,7.5432,81.23015435,1
0.04859,0.9,1202.222222,8.366666667,6.117306888,7.53,81.2391353,1
0.0486,0.9,1200,8.352,6.107256119,7.5168,81.24808587,1
0.04861,0.9,1197.777778,8.337333333,6.097200695,7.5036,81.2570059,1
0.04862,0.9,1195.555556,8.322666667,6.087140617,7.4904,81.26589524,1
0.04863,0.9,1193.333333,8.308,6.077075885,7.4772,81.27475372,1
0.04864,0.9,1191.111111,8.293333333,6.067006499,7.464,81.28358118,1
0.04865,0.9,1188.888889,8.278666667,6.056932458,7.4508,81.29237744,1
0.04866,0.9,1186.666667,8.264,6.046853764,7.4376,81.30114236,1
0.04867,0.9,1184.444444,8.249333333,6.036770415,7.4244,81.30987575,1
0.04868,0.9,1182.222222,8.234666667,6.026682412,7.4112,81.31857745,1
0.04869,0.9,1180,8.22,6.016589755,7.398,81.32724729,1
0.0487,0.9,1177.777778,8.205333333,6.006492443,7.3848,81.3358851,1
0.04871,0.9,1175.555556,8.190666667,5.996390477,7.3716,81.34449071,1
0.04872,0.9,1173.333333,8.176,5.986283857,7.3584,81.35306395,1
0.04873,0.9,1171.111111,8.161333333,5.976172583,7.3452,81.36160463,1
0.04874,0.9,1168.888889,8.146666667,5.966056655,7.332,81.37011259,1
0.04875,0.9,1166.666667,8.132,5.955936072,7.3188,81.37858764,1
0.04876,0.9,1164.444444,8.117333333,5.945810836,7.3056,81.38702962,1
0.04877,0.9,1162.222222,8.102666667,5.935680945,7.2924,81.39543833,1
0.04878,0.9,1160,8.088,5.925546399,7.2792,81.4038136,1
0.04879,0.9,1157.777778,8.073333333,5.9154072,7.266,81.41215524,1
0.0488,0.9,1155.555556,8.058666667,5.905263346,7.2528,81.42046308,1
0.04881,0.9,1153.333333,8.044,5.895114839,7.2396,81.42873693,1
0.04882,0.9,1151.111111,8.029333333,5.884961677,7.2264,81.43697659,1
0.04883,0.9,1148.888889,8.014666667,5.87480386,7.2132,81.44518189,1
0.04884,0.9,1146.666667,8,5.86464139,7.2,81.45335264,1
0.04885,0.9,1144.444444,7.985333333,5.854474265,7.1868,81.46148864,1
0.04886,0.9,1142.222222,7.970666667,5.844302486,7.1736,81.4695897,1
0.04887,0.9,1140,7.956,5.834126053,7.1604,81.47765562,1
0.04888,0.9,1137.777778,7.941333333,5.823944966,7.1472,81.48568623,1
0.04889,0.9,1135.555556,7.926666667,5.813759224,7.134,81.49368131,1
0.0489,0.9,1133.333333,7.912,5.803568829,7.1208,81.50164067,1
0.04891,0.9,1131.111111,7.897333333,5.793373779,7.1076,81.50956411,1
0.04892,0.9,1128.888889,7.882666667,5.783174075,7.0944,81.51745144,1
0.04893,0.9,1126.666667,7.868,5.772969716,7.0812,81.52530244,1
0.04894,0.9,1124.444444,7.853333333,5.762760704,7.068,81.53311692,1
0.04895,0.9,1122.222222,7.838666667,5.752547037,7.0548,81.54089467,1
0.04896,0.9,1120,7.824,5.742328716,7.0416,81.54863548,1
0.04897,0.9,1117.777778,7.809333333,5.732105741,7.0284,81.55633915,1
0.04898,0.9,1115.555556,7.794666667,5.721878111,7.0152,81.56400546,1
0.04899,0.9,1113.333333,7.78,5.711645828,7.002,81.57163421,1
0.049,0.9,1111.111111,7.765333333,5.70140889,6.9888,81.57922519,1
0.04901,0.9,1108.888889,7.750666667,5.691167298,6.9756,81.58677817,1
0.04902,0.9,1106.666667,7.736,5.680921052,6.9624,81.59429294,1
0.04903,0.9,1104.444444,7.721333333,5.670670151,6.9492,81.60176928,1
0.04904,0.9,1102.222222,7.706666667,5.660414596,6.936,81.60920698,1
0.04905,0.9,1100,7.692,5.650154387,6.9228,81.61660582,1
0.04906,0.9,1097.777778,7.677333333,5.639889524,6.9096,81.62396556,1
0.04907,0.9,1095.555556,7.662666667,5.629620007,6.8964,81.63128599,1
0.04908,0.9,1093.333333,7.648,5.619345836,6.8832,81.63856688,1
0.04909,0.9,1091.111111,7.633333333,5.60906701,6.87,81.645808,1
0.0491,0.9,1088.888889,7.618666667,5.59878353,6.8568,81.65300913,1
0.04911,0.9,1086.666667,7.604,5.588495396,6.8436,81.66017002,1
0.04912,0.9,1084.444444,7.589333333,5.578202607,6.8304,81.66729046,1
0.04913,0.9,1082.222222,7.574666667,5.567905165,6.8172,81.67437019,1
0.04914,0.9,1080,7.56,5.557603068,6.804,81.68140899,1
0.04915,0.9,1077.777778,7.545333333,5.547296317,6.7908,81.68840662,1
0.04916,0.9,1075.555556,7.530666667,5.536984912,6.7776,81.69536284,1
0.04917,0.9,1073.333333,7.516,5.526668852,6.7644,81.7022774,1
0.04918,0.9,1071.111111,7.501333333,5.516348139,6.7512,81.70915006,1
0.04919,0.9,1068.888889,7.486666667,5.506022771,6.738,81.71598057,1
0.0492,0.9,1066.666667,7.472,5.495692749,6.7248,81.72276869,1
0.04921,0.9,1064.444444,7.457333333,5.485358072,6.7116,81.72951416,1
0.04922,0.9,1062.222222,7.442666667,5.475018742,6.6984,81.73621674,1
0.04923,0.9,1060,7.428,5.464674757,6.6852,81.74287616,1
0.04924,0.9,1057.777778,7.413333333,5.454326118,6.672,81.74949218,1
0.04925,0.9,1055.555556,7.398666667,5.443972825,6.6588,81.75606453,1
0.04926,0.9,1053.333333,7.384,5.433614878,6.6456,81.76259296,1
0.04927,0.9,1051.111111,7.369333333,5.423252276,6.6324,81.7690772,1
0.04928,0.9,1048.888889,7.354666667,5.412885021,6.6192,81.77551699,1
0.04929,0.9,1046.666667,7.34,5.402513111,6.606,81.78191206,1
0.0493,0.9,1044.444444,7.325333333,5.392136546,6.5928,81.78826214,1
0.04931,0.9,1042.222222,7.310666667,5.381755328,6.5796,81.79456696,1
0.04932,0.9,1040,7.296,5.371369455,6.5664,81.80082626,1
0.04933,0.9,1037.777778,7.281333333,5.360978929,6.5532,81.80703975,1
0.04934,0.9,1035.555556,7.266666667,5.350583748,6.54,81.81320715,1
0.04935,0.9,1033.333333,7.252,5.340183912,6.5268,81.81932819,1
0.04936,0.9,1031.111111,7.237333333,5.329779423,6.5136,81.82540259,1
0.04937,0.9,1028.888889,7.222666667,5.319370279,6.5004,81.83143005,1
0.04938,0.9,1026.666667,7.208,5.308956481,6.4872,81.83741031,1
0.04939,0.9,1024.444444,7.193333333,5.298538029,6.474,81.84334305,1
0.0494,0.9,1022.222222,7.178666667,5.288114923,6.4608,81.84922801,1
0.04941,0.9,1020,7.164,5.277687162,6.4476,81.85506487,1
0.04942,0.9,1017.777778,7.149333333,5.267254748,6.4344,81.86085335,1
0.04943,0.9,1015.555556,7.134666667,5.256817679,6.4212,81.86659314,1
0.04944,0.9,1013.333333,7.12,5.246375956,6.408,81.87228395,1
0.04945,0.9,1011.111111,7.105333333,5.235929578,6.3948,81.87792548,1
0.04946,0.9,1008.888889,7.090666667,5.225478547,6.3816,81.88351741,1
0.04947,0.9,1006.666667,7.076,5.215022861,6.3684,81.88905943,1
0.04948,0.9,1004.444444,7.061333333,5.204562521,6.3552,81.89455125,1
0.04949,0.9,1002.222222,7.046666667,5.194097527,6.342,81.89999254,1
0.0495,0.9,1000,7.032,5.183627878,6.3288,81.90538299,1
0.04951,0.9,997.7777778,7.017333333,5.173153576,6.3156,81.91072227,1
0.04952,0.9,995.5555556,7.002666667,5.162674619,6.3024,81.91601008,1
0.04953,0.9,993.3333333,6.988,5.152191008,6.2892,81.92124607,1
0.04954,0.9,991.1111111,6.973333333,5.141702743,6.276,81.92642993,1
0.04955,0.9,988.8888889,6.958666667,5.131209823,6.2628,81.93156133,1
0.04956,0.9,986.6666667,6.944,5.12071225,6.2496,81.93663994,1
0.04957,0.9,984.4444444,6.929333333,5.110210022,6.2364,81.94166541,1
0.04958,0.9,982.2222222,6.914666667,5.09970314,6.2232,81.94663741,1
0.04959,0.9,980,6.9,5.089191603,6.21,81.95155561,1
0.0496,0.9,977.7777778,6.885333333,5.078675413,6.1968,81.95641965,1
0.04961,0.9,975.5555556,6.870666667,5.068154568,6.1836,81.96122919,1
0.04962,0.9,973.3333333,6.856,5.057629069,6.1704,81.96598388,1
0.04963,0.9,971.1111111,6.841333333,5.047098916,6.1572,81.97068336,1
0.04964,0.9,968.8888889,6.826666667,5.036564109,6.144,81.97532729,1
0.04965,0.9,966.6666667,6.812,5.026024647,6.1308,81.9799153,1
0.04966,0.9,964.4444444,6.797333333,5.015480531,6.1176,81.98444702,1
0.04967,0.9,962.2222222,6.782666667,5.004931761,6.1044,81.98892211,1
0.04968,0.9,960,6.768,4.994378337,6.0912,81.99334018,1
0.04969,0.9,957.7777778,6.753333333,4.983820259,6.078,81.99770086,1
0.0497,0.9,955.5555556,6.738666667,4.973257526,6.0648,82.00200379,1
0.04971,0.9,953.3333333,6.724,4.962690139,6.0516,82.00624858,1
0.04972,0.9,951.1111111,6.709333333,4.952118098,6.0384,82.01043485,1
0.04973,0.9,948.8888889,6.694666667,4.941541403,6.0252,82.01456222,1
0.04974,0.9,946.6666667,6.68,4.930960053,6.012,82.01863029,1
0.04975,0.9,944.4444444,6.665333333,4.92037405,5.9988,82.02263869,1
0.04976,0.9,942.2222222,6.650666667,4.909783392,5.9856,82.026587,1
0.04977,0.9,940,6.636,4.89918808,5.9724,82.03047484,1
0.04978,0.9,937.7777778,6.621333333,4.888588113,5.9592,82.03430181,1
0.04979,0.9,935.5555556,6.606666667,4.877983493,5.946,82.03806749,1
0.0498,0.9,933.3333333,6.592,4.867374218,5.9328,82.04177147,1
0.04981,0.9,931.1111111,6.577333333,4.856760289,5.9196,82.04541336,1
0.04982,0.9,928.8888889,6.562666667,4.846141706,5.9064,82.04899272,1
0.04983,0.9,926.6666667,6.548,4.835518468,5.8932,82.05250914,1
0.04984,0.9,924.4444444,6.533333333,4.824890577,5.88,82.05596219,1
0.04985,0.9,922.2222222,6.518666667,4.814258031,5.8668,82.05935145,1
0.04986,0.9,920,6.504,4.803620831,5.8536,82.06267649,1
0.04987,0.9,917.7777778,6.489333333,4.792978977,5.8404,82.06593687,1
0.04988,0.9,915.5555556,6.474666667,4.782332468,5.8272,82.06913215,1
0.04989,0.9,913.3333333,6.46,4.771681306,5.814,82.07226188,1
0.0499,0.9,911.1111111,6.445333333,4.761025489,5.8008,82.07532563,1
0.04991,0.9,908.8888889,6.430666667,4.750365018,5.7876,82.07832293,1
0.04992,0.9,906.6666667,6.416,4.739699893,5.7744,82.08125333,1
0.04993,0.9,904.4444444,6.401333333,4.729030113,5.7612,82.08411638,1
0.04994,0.9,902.2222222,6.386666667,4.718355679,5.748,82.08691161,1
0.04995,0.9,900,6.372,4.707676591,5.7348,82.08963855,1
0.04996,0.9,897.7777778,6.357333333,4.696992849,5.7216,82.09229672,1
0.04997,0.9,895.5555556,6.342666667,4.686304453,5.7084,82.09488566,1
0.04998,0.9,893.3333333,6.328,4.675611402,5.6952,82.09740487,1
0.04999,0.9,891.1111111,6.313333333,4.664913698,5.682,82.09985388,1
0.05,0.9,888.8888889,6.298666667,4.654211339,5.6688,82.10223219,1
0.05001,0.9,886.6666667,6.284,4.643504325,5.6556,82.10453931,1
0.05002,0.9,884.4444444,6.269333333,4.632792658,5.6424,82.10677474,1
0.05003,0.9,882.2222222,6.254666667,4.622076336,5.6292,82.10893797,1
0.05004,0.9,880,6.24,4.611355361,5.616,82.1110285,1
0.05005,0.9,877.7777778,6.225333333,4.600629731,5.6028,82.11304581,1
0.05006,0.9,875.5555556,6.210666667,4.589899446,5.5896,82.11498938,1
0.05007,0.9,873.3333333,6.196,4.579164508,5.5764,82.11685869,1
0.05008,0.9,871.1111111,6.181333333,4.568424915,5.5632,82.11865321,1
0.05009,0.9,868.8888889,6.166666667,4.557680668,5.55,82.1203724,1
0.0501,0.9,866.6666667,6.152,4.546931767,5.5368,82.12201574,1
0.05011,0.9,864.4444444,6.137333333,4.536178212,5.5236,82.12358266,1
0.05012,0.9,862.2222222,6.122666667,4.525420002,5.5104,82.12507264,1
0.05013,0.9,860,6.108,4.514657139,5.4972,82.1264851,1
0.05014,0.9,857.7777778,6.093333333,4.503889621,5.484,82.12781949,1
0.05015,0.9,855.5555556,6.078666667,4.493117449,5.4708,82.12907525,1
0.05016,0.9,853.3333333,6.064,4.482340622,5.4576,82.1302518,1
0.05017,0.9,851.1111111,6.049333333,4.471559142,5.4444,82.13134857,1
0.05018,0.9,848.8888889,6.034666667,4.460773007,5.4312,82.13236498,1
0.05019,0.9,846.6666667,6.02,4.449982218,5.418,82.13330044,1
0.0502,0.9,844.4444444,6.005333333,4.439186775,5.4048,82.13415436,1
0.05021,0.9,842.2222222,5.990666667,4.428386677,5.3916,82.13492613,1
0.05022,0.9,840,5.976,4.417581926,5.3784,82.13561516,1
0.05023,0.9,837.7777778,5.961333333,4.40677252,5.3652,82.13622083,1
0.05024,0.9,835.5555556,5.946666667,4.39595846,5.352,82.13674252,1
0.05025,0.9,833.3333333,5.932,4.385139746,5.3388,82.13717962,1
0.05026,0.9,831.1111111,5.917333333,4.374316377,5.3256,82.13753149,1
0.05027,0.9,828.8888889,5.902666667,4.363488354,5.3124,82.1377975,1
0.05028,0.9,826.6666667,5.888,4.352655678,5.2992,82.13797701,1
0.05029,0.9,824.4444444,5.873333333,4.341818346,5.286,82.13806936,1
0.0503,0.9,822.2222222,5.858666667,4.330976361,5.2728,82.13807391,1
0.05031,0.9,820,5.844,4.320129722,5.2596,82.13798999,1
0.05032,0.9,817.7777778,5.829333333,4.309278428,5.2464,82.13781694,1
0.05033,0.9,815.5555556,5.814666667,4.29842248,5.2332,82.13755408,1
0.05034,0.9,813.3333333,5.8,4.287561878,5.22,82.13720072,1
0.05035,0.9,811.1111111,5.785333333,4.276696621,5.2068,82.13675619,1
0.05036,0.9,808.8888889,5.770666667,4.265826711,5.1936,82.13621979,1
0.05037,0.9,806.6666667,5.756,4.254952146,5.1804,82.13559081,1
0.05038,0.9,804.4444444,5.741333333,4.244072927,5.1672,82.13486854,1
0.05039,0.9,802.2222222,5.726666667,4.233189054,5.154,82.13405227,1
0.0504,0.9,800,5.712,4.222300526,5.1408,82.13314127,1
0.05041,0.9,797.7777778,5.697333333,4.211407345,5.1276,82.13213482,1
0.05042,0.9,795.5555556,5.682666667,4.200509509,5.1144,82.13103216,1
0.05043,0.9,793.3333333,5.668,4.189607019,5.1012,82.12983257,1
0.05044,0.9,791.1111111,5.653333333,4.178699875,5.088,82.12853527,1
0.05045,0.9,788.8888889,5.638666667,4.167788076,5.0748,82.12713952,1
0.05046,0.9,786.6666667,5.624,4.156871623,5.0616,82.12564453,1
0.05047,0.9,784.4444444,5.609333333,4.145950517,5.0484,82.12404953,1
0.05048,0.9,782.2222222,5.594666667,4.135024755,5.0352,82.12235374,1
0.05049,0.9,780,5.58,4.12409434,5.022,82.12055635,1
0.0505,0.9,777.7777778,5.565333333,4.113159271,5.0088,82.11865658,1
0.05051,0.9,775.5555556,5.550666667,4.102219547,4.9956,82.11665359,1
0.05052,0.9,773.3333333,5.536,4.091275169,4.9824,82.11454658,1
0.05053,0.9,771.1111111,5.521333333,4.080326137,4.9692,82.11233471,1
0.05054,0.9,768.8888889,5.506666667,4.06937245,4.956,82.11001716,1
0.05055,0.9,766.6666667,5.492,4.05841411,4.9428,82.10759306,1
0.05056,0.9,764.4444444,5.477333333,4.047451115,4.9296,82.10506156,1
0.05057,0.9,762.2222222,5.462666667,4.036483466,4.9164,82.10242181,1
0.05058,0.9,760,5.448,4.025511163,4.9032,82.09967292,1
0.05059,0.9,757.7777778,5.433333333,4.014534205,4.89,82.09681401,1
0.0506,0.9,755.5555556,5.418666667,4.003552594,4.8768,82.09384419,1
0.05061,0.9,753.3333333,5.404,3.992566328,4.8636,82.09076256,1
0.05062,0.9,751.1111111,5.389333333,3.981575408,4.8504,82.08756819,1
0.05063,0.9,748.8888889,5.374666667,3.970579833,4.8372,82.08426018,1
0.05064,0.9,746.6666667,5.36,3.959579605,4.824,82.08083758,1
0.05065,0.9,744.4444444,5.345333333,3.948574722,4.8108,82.07729945,1
0.05066,0.9,742.2222222,5.330666667,3.937565185,4.7976,82.07364485,1
0.05067,0.9,740,5.316,3.926550994,4.7844,82.0698728,1
0.05068,0.9,737.7777778,5.301333333,3.915532149,4.7712,82.06598232,1
0.05069,0.9,735.5555556,5.286666667,3.904508649,4.758,82.06197245,1
0.0507,0.9,733.3333333,5.272,3.893480495,4.7448,82.05784217,1
0.05071,0.9,731.1111111,5.257333333,3.882447687,4.7316,82.05359048,1
0.05072,0.9,728.8888889,5.242666667,3.871410225,4.7184,82.04921637,1
0.05073,0.9,726.6666667,5.228,3.860368109,4.7052,82.0447188,1
0.05074,0.9,724.4444444,5.213333333,3.849321338,4.692,82.04009672,1
0.05075,0.9,722.2222222,5.198666667,3.838269913,4.6788,82.03534909,1
0.05076,0.9,720,5.184,3.827213834,4.6656,82.03047484,1
0.05077,0.9,717.7777778,5.169333333,3.816153101,4.6524,82.0254729,1
0.05078,0.9,715.5555556,5.154666667,3.805087714,4.6392,82.02034216,1
0.05079,0.9,713.3333333,5.14,3.794017672,4.626,82.01508154,1
0.0508,0.9,711.1111111,5.125333333,3.782942976,4.6128,82.00968991,1
0.05081,0.9,708.8888889,5.110666667,3.771863626,4.5996,82.00416614,1
0.05082,0.9,706.6666667,5.096,3.760779622,4.5864,81.99850911,1
0.05083,0.9,704.4444444,5.081333333,3.749690963,4.5732,81.99271764,1
0.05084,0.9,702.2222222,5.066666667,3.73859765,4.56,81.98679058,1
0.05085,0.9,700,5.052,3.727499683,4.5468,81.98072674,1
0.05086,0.9,697.7777778,5.037333333,3.716397062,4.5336,81.97452493,1
0.05087,0.9,695.5555556,5.022666667,3.705289787,4.5204,81.96818394,1
0.05088,0.9,693.3333333,5.008,3.694177857,4.5072,81.96170255,1
0.05089,0.9,691.1111111,4.993333333,3.683061274,4.494,81.95507952,1
0.0509,0.9,688.8888889,4.978666667,3.671940036,4.4808,81.9483136,1
0.05091,0.9,686.6666667,4.964,3.660814143,4.4676,81.94140351,1
0.05092,0.9,684.4444444,4.949333333,3.649683597,4.4544,81.93434799,1
0.05093,0.9,682.2222222,4.934666667,3.638548396,4.4412,81.92714573,1
0.05094,0.9,680,4.92,3.627408542,4.428,81.91979543,1
0.05095,0.9,677.7777778,4.905333333,3.616264032,4.4148,81.91229574,1
0.05096,0.9,675.5555556,4.890666667,3.605114869,4.4016,81.90464534,1
0.05097,0.9,673.3333333,4.876,3.593961052,4.3884,81.89684285,1
0.05098,0.9,671.1111111,4.861333333,3.58280258,4.3752,81.88888691,1
0.05099,0.9,668.8888889,4.846666667,3.571639454,4.362,81.88077612,1
0.051,0.9,666.6666667,4.832,3.560471674,4.3488,81.87250906,1
0.05101,0.9,664.4444444,4.817333333,3.54929924,4.3356,81.86408432,1
0.05102,0.9,662.2222222,4.802666667,3.538122151,4.3224,81.85550044,1
0.05103,0.9,660,4.788,3.526940408,4.3092,81.84675598,1
0.05104,0.9,657.7777778,4.773333333,3.515754012,4.296,81.83784943,1
0.05105,0.9,655.5555556,4.758666667,3.50456296,4.2828,81.82877931,1
0.05106,0.9,653.3333333,4.744,3.493367255,4.2696,81.8195441,1
0.05107,0.9,651.1111111,4.729333333,3.482166895,4.2564,81.81014227,1
0.05108,0.9,648.8888889,4.714666667,3.470961882,4.2432,81.80057225,1
0.05109,0.9,646.6666667,4.7,3.459752214,4.23,81.79083247,1
0.0511,0.9,644.4444444,4.685333333,3.448537891,4.2168,81.78092135,1
0.05111,0.9,642.2222222,4.670666667,3.437318915,4.2036,81.77083726,1
0.05112,0.9,640,4.656,3.426095284,4.1904,81.76057857,1
0.05113,0.9,637.7777778,4.641333333,3.414866999,4.1772,81.75014362,1
0.05114,0.9,635.5555556,4.626666667,3.40363406,4.164,81.73953075,1
0.05115,0.9,633.3333333,4.612,3.392396467,4.1508,81.72873825,1
0.05116,0.9,631.1111111,4.597333333,3.38115422,4.1376,81.7177644,1
0.05117,0.9,628.8888889,4.582666667,3.369907318,4.1244,81.70660746,1
0.05118,0.9,626.6666667,4.568,3.358655762,4.1112,81.69526566,1
0.05119,0.9,624.4444444,4.553333333,3.347399552,4.098,81.68373723,1
0.0512,0.9,622.2222222,4.538666667,3.336138688,4.0848,81.67202036,1
0.05121,0.9,620,4.524,3.324873169,4.0716,81.6601132,1
0.05122,0.9,617.7777778,4.509333333,3.313602996,4.0584,81.6480139,1
0.05123,0.9,615.5555556,4.494666667,3.302328169,4.0452,81.63572059,1
0.05124,0.9,613.3333333,4.48,3.291048688,4.032,81.62323135,1
0.05125,0.9,611.1111111,4.465333333,3.279764553,4.0188,81.61054426,1
0.05126,0.9,608.8888889,4.450666667,3.268475763,4.0056,81.59765736,1
0.05127,0.9,606.6666667,4.436,3.257182319,3.9924,81.58456866,1
0.05128,0.9,604.4444444,4.421333333,3.245884221,3.9792,81.57127617,1
0.05129,0.9,602.2222222,4.406666667,3.234581469,3.966,81.55777784,1
0.0513,0.9,600,4.392,3.223274063,3.9528,81.54407161,1
0.05131,0.9,597.7777778,4.377333333,3.211962002,3.9396,81.53015539,1
0.05132,0.9,595.5555556,4.362666667,3.200645287,3.9264,81.51602707,1
0.05133,0.9,593.3333333,4.348,3.189323918,3.9132,81.5016845,1
0.05134,0.9,591.1111111,4.333333333,3.177997895,3.9,81.4871255,1
0.05135,0.9,588.8888889,4.318666667,3.166667217,3.8868,81.47234787,1
0.05136,0.9,586.6666667,4.304,3.155331885,3.8736,81.45734938,1
0.05137,0.9,584.4444444,4.289333333,3.1439919,3.8604,81.44212775,1
0.05138,0.9,582.2222222,4.274666667,3.132647259,3.8472,81.42668069,1
0.05139,0.9,580,4.26,3.121297965,3.834,81.41100587,1
0.0514,0.9,577.7777778,4.245333333,3.109944016,3.8208,81.39510093,1
0.05141,0.9,575.5555556,4.230666667,3.098585414,3.8076,81.37896349,1
0.05142,0.9,573.3333333,4.216,3.087222157,3.7944,81.3625911,1
0.05143,0.9,571.1111111,4.201333333,3.075854246,3.7812,81.34598132,1
0.05144,0.9,568.8888889,4.186666667,3.06448168,3.768,81.32913164,1
0.05145,0.9,566.6666667,4.172,3.053104461,3.7548,81.31203954,1
0.05146,0.9,564.4444444,4.157333333,3.041722587,3.7416,81.29470245,1
0.05147,0.9,562.2222222,4.142666667,3.030336059,3.7284,81.27711776,1
0.05148,0.9,560,4.128,3.018944876,3.7152,81.25928285,1
0.05149,0.9,557.7777778,4.113333333,3.00754904,3.702,81.24119503,1
0.0515,0.9,555.5555556,4.098666667,2.996148549,3.6888,81.22285158,1
0.05151,0.9,553.3333333,4.084,2.984743404,3.6756,81.20424977,1
0.05152,0.9,551.1111111,4.069333333,2.973333605,3.6624,81.18538678,1
0.05153,0.9,548.8888889,4.054666667,2.961919152,3.6492,81.16625978,1
0.05154,0.9,546.6666667,4.04,2.950500044,3.636,81.14686591,1
0.05155,0.9,544.4444444,4.025333333,2.939076283,3.6228,81.12720224,1
0.05156,0.9,542.2222222,4.010666667,2.927647867,3.6096,81.10726581,1
0.05157,0.9,540,3.996,2.916214797,3.5964,81.08705363,1
0.05158,0.9,537.7777778,3.981333333,2.904777072,3.5832,81.06656263,1
0.05159,0.9,535.5555556,3.966666667,2.893334694,3.57,81.04578974,1
0.0516,0.9,533.3333333,3.952,2.881887661,3.5568,81.02473181,1
0.05161,0.9,531.1111111,3.937333333,2.870435974,3.5436,81.00338565,1
0.05162,0.9,528.8888889,3.922666667,2.858979633,3.5304,80.98174804,1
0.05163,0.9,526.6666667,3.908,2.847518637,3.5172,80.95981568,1
0.05164,0.9,524.4444444,3.893333333,2.836052988,3.504,80.93758526,1
0.05165,0.9,522.2222222,3.878666667,2.824582684,3.4908,80.91505339,1
0.05166,0.9,520,3.864,2.813107726,3.4776,80.89221664,1
0.05167,0.9,517.7777778,3.849333333,2.801628113,3.4644,80.86907151,1
0.05168,0.9,515.5555556,3.834666667,2.790143847,3.4512,80.84561448,1
0.05169,0.9,513.3333333,3.82,2.778654926,3.438,80.82184195,1
0.0517,0.9,511.1111111,3.805333333,2.767161351,3.4248,80.79775027,1
0.05171,0.9,508.8888889,3.790666667,2.755663122,3.4116,80.77333575,1
0.05172,0.9,506.6666667,3.776,2.744160239,3.3984,80.7485946,1
0.05173,0.9,504.4444444,3.761333333,2.732652701,3.3852,80.72352302,1
0.05174,0.9,502.2222222,3.746666667,2.72114051,3.372,80.69811713,1
0.05175,0.9,500,3.732,2.709623664,3.3588,80.67237298,1
0.05176,0.9,497.7777778,3.717333333,2.698102164,3.3456,80.64628657,1
0.05177,0.9,495.5555556,3.702666667,2.686576009,3.3324,80.61985383,1
0.05178,0.9,493.3333333,3.688,2.675045201,3.3192,80.59307064,1
0.05179,0.9,491.1111111,3.673333333,2.663509738,3.306,80.56593278,1
0.0518,0.9,488.8888889,3.658666667,2.651969621,3.2928,80.538436,1
0.05181,0.9,486.6666667,3.644,2.64042485,3.2796,80.51057597,1
0.05182,0.9,484.4444444,3.629333333,2.628875424,3.2664,80.48234828,1
0.05183,0.9,482.2222222,3.614666667,2.617321344,3.2532,80.45374845,1
0.05184,0.9,480,3.6,2.605762611,3.24,80.42477193,1
0.05185,0.9,477.7777778,3.585333333,2.594199223,3.2268,80.39541411,1
0.05186,0.9,475.5555556,3.570666667,2.58263118,3.2136,80.36567028,1
0.05187,0.9,473.3333333,3.556,2.571058484,3.2004,80.33553568,1
0.05188,0.9,471.1111111,3.541333333,2.559481133,3.1872,80.30500543,1
0.05189,0.9,468.8888889,3.526666667,2.547899128,3.174,80.27407461,1
0.0519,0.9,466.6666667,3.512,2.536312469,3.1608,80.2427382,1
0.05191,0.9,464.4444444,3.497333333,2.524721156,3.1476,80.21099109,1
0.05192,0.9,462.2222222,3.482666667,2.513125188,3.1344,80.1788281,1
0.05193,0.9,460,3.468,2.501524566,3.1212,80.14624396,1
0.05194,0.9,457.7777778,3.453333333,2.48991929,3.108,80.11323328,1
0.05195,0.9,455.5555556,3.438666667,2.47830936,3.0948,80.07979062,1
0.05196,0.9,453.3333333,3.424,2.466694776,3.0816,80.04591043,1
0.05197,0.9,451.1111111,3.409333333,2.455075537,3.0684,80.01158705,1
0.05198,0.9,448.8888889,3.394666667,2.443451644,3.0552,79.97681475,1
0.05199,0.9,446.6666667,3.38,2.431823097,3.042,79.94158768,1
0.052,0.9,444.4444444,3.365333333,2.420189896,3.0288,79.9058999,1
0.05201,0.9,442.2222222,3.350666667,2.408552041,3.0156,79.86974535,1
0.05202,0.9,440,3.336,2.396909531,3.0024,79.83311787,1
0.05203,0.9,437.7777778,3.321333333,2.385262367,2.9892,79.79601121,1
0.05204,0.9,435.5555556,3.306666667,2.373610549,2.976,79.75841899,1
0.05205,0.9,433.3333333,3.292,2.361954077,2.9628,79.72033471,1
0.05206,0.9,431.1111111,3.277333333,2.35029295,2.9496,79.68175177,1
0.05207,0.9,428.8888889,3.262666667,2.338627169,2.9364,79.64266345,1
0.05208,0.9,426.6666667,3.248,2.326956735,2.9232,79.6030629,1
0.05209,0.9,424.4444444,3.233333333,2.315281645,2.91,79.56294314,1
0.0521,0.9,422.2222222,3.218666667,2.303601902,2.8968,79.52229709,1
0.05211,0.9,420,3.204,2.291917504,2.8836,79.48111751,1
0.05212,0.9,417.7777778,3.189333333,2.280228453,2.8704,79.43939704,1
0.05213,0.9,415.5555556,3.174666667,2.268534747,2.8572,79.39712819,1
0.05214,0.9,413.3333333,3.16,2.256836387,2.844,79.35430332,1
0.05215,0.9,411.1111111,3.145333333,2.245133372,2.8308,79.31091466,1
0.05216,0.9,408.8888889,3.130666667,2.233425704,2.8176,79.26695427,1
0.05217,0.9,406.6666667,3.116,2.221713381,2.8044,79.22241409,1
0.05218,0.9,404.4444444,3.101333333,2.209996404,2.7912,79.17728589,1
0.05219,0.9,402.2222222,3.086666667,2.198274772,2.778,79.13156128,1
0.0522,0.9,400,3.072,2.186548487,2.7648,79.08523173,1
0.05221,0.9,397.7777778,3.057333333,2.174817547,2.7516,79.03828853,1
0.05222,0.9,395.5555556,3.042666667,2.163081953,2.7384,78.99072281,1
0.05223,0.9,393.3333333,3.028,2.151341705,2.7252,78.94252551,1
0.05224,0.9,391.1111111,3.013333333,2.139596803,2.712,78.89368742,1
0.05225,0.9,388.8888889,2.998666667,2.127847246,2.6988,78.84419914,1
0.05226,0.9,386.6666667,2.984,2.116093036,2.6856,78.79405107,1
0.05227,0.9,384.4444444,2.969333333,2.104334171,2.6724,78.74323345,1
0.05228,0.9,382.2222222,2.954666667,2.092570652,2.6592,78.69173629,1
0.05229,0.9,380,2.94,2.080802478,2.646,78.63954944,1
0.0523,0.9,377.7777778,2.925333333,2.069029651,2.6328,78.58666251,1
0.05231,0.9,375.5555556,2.910666667,2.057252169,2.6196,78.53306493,1
0.05232,0.9,373.3333333,2.896,2.045470033,2.6064,78.47874589,1
0.05233,0.9,371.1111111,2.881333333,2.033683243,2.5932,78.42369438,1
0.05234,0.9,368.8888889,2.866666667,2.021891798,2.58,78.36789915,1
0.05235,0.9,366.6666667,2.852,2.0100957,2.5668,78.31134874,1
0.05236,0.9,364.4444444,2.837333333,1.998294947,2.5536,78.25403143,1
0.05237,0.9,362.2222222,2.822666667,1.98648954,2.5404,78.19593527,1
0.05238,0.9,360,2.808,1.974679478,2.5272,78.13704805,1
0.05239,0.9,357.7777778,2.793333333,1.962864763,2.514,78.07735731,1
0.0524,0.9,355.5555556,2.778666667,1.951045393,2.5008,78.01685033,1
0.05241,0.9,353.3333333,2.764,1.939221369,2.4876,77.95551412,1
0.05242,0.9,351.1111111,2.749333333,1.927392691,2.4744,77.8933354,1
0.05243,0.9,348.8888889,2.734666667,1.915559359,2.4612,77.83030062,1
0.05244,0.9,346.6666667,2.72,1.903721372,2.448,77.76639593,1
0.05245,0.9,344.4444444,2.705333333,1.891878732,2.4348,77.70160718,1
0.05246,0.9,342.2222222,2.690666667,1.880031437,2.4216,77.63591991,1
0.05247,0.9,340,2.676,1.868179487,2.4084,77.56931936,1
0.05248,0.9,337.7777778,2.661333333,1.856322884,2.3952,77.50179041,1
0.05249,0.9,335.5555556,2.646666667,1.844461626,2.382,77.43331765,1
0.0525,0.9,333.3333333,2.632,1.832595715,2.3688,77.36388528,1
0.05251,0.9,331.1111111,2.617333333,1.820725149,2.3556,77.29347719,1
0.05252,0.9,328.8888889,2.602666667,1.808849928,2.3424,77.22207686,1
0.05253,0.9,326.6666667,2.588,1.796970054,2.3292,77.14966744,1
0.05254,0.9,324.4444444,2.573333333,1.785085525,2.316,77.07623166,1
0.05255,0.9,322.2222222,2.558666667,1.773196342,2.3028,77.00175188,1
0.05256,0.9,320,2.544,1.761302505,2.2896,76.92621005,1
0.05257,0.9,317.7777778,2.529333333,1.749404014,2.2764,76.84958768,1
0.05258,0.9,315.5555556,2.514666667,1.737500869,2.2632,76.77186588,1
0.05259,0.9,313.3333333,2.5,1.725593069,2.25,76.69302528,1
0.0526,0.9,311.1111111,2.485333333,1.713680615,2.2368,76.61304609,1
0.05261,0.9,308.8888889,2.470666667,1.701763507,2.2236,76.53190802,1
0.05262,0.9,306.6666667,2.456,1.689841744,2.2104,76.44959032,1
0.05263,0.9,304.4444444,2.441333333,1.677915328,2.1972,76.36607172,1
0.05264,0.9,302.2222222,2.426666667,1.665984257,2.184,76.28133045,1
0.05265,0.9,300,2.412,1.654048532,2.1708,76.19534421,1
0.05266,0.9,297.7777778,2.397333333,1.642108153,2.1576,76.10809014,1
0.05267,0.9,295.5555556,2.382666667,1.63016312,2.1444,76.01954484,1
0.05268,0.9,293.3333333,2.368,1.618213432,2.1312,75.92968431,1
0.05269,0.9,291.1111111,2.353333333,1.60625909,2.118,75.83848395,1
0.0527,0.9,288.8888889,2.338666667,1.594300094,2.1048,75.74591857,1
0.05271,0.9,286.6666667,2.324,1.582336444,2.0916,75.65196232,1
0.05272,0.9,284.4444444,2.309333333,1.570368139,2.0784,75.55658869,1
0.05273,0.9,282.2222222,2.294666667,1.558395181,2.0652,75.45977052,1
0.05274,0.9,280,2.28,1.546417568,2.052,75.36147991,1
0.05275,0.9,277.7777778,2.265333333,1.534435301,2.0388,75.26168828,1
0.05276,0.9,275.5555556,2.250666667,1.522448379,2.0256,75.16036628,1
0.05277,0.9,273.3333333,2.236,1.510456804,2.0124,75.0574838,1
0.05278,0.9,271.1111111,2.221333333,1.498460574,1.9992,74.95300991,1
0.05279,0.9,268.8888889,2.206666667,1.48645969,1.986,74.8469129,1
0.0528,0.9,266.6666667,2.192,1.474454152,1.9728,74.73916018,1
0.05281,0.9,264.4444444,2.177333333,1.46244396,1.9596,74.6297183,1
0.05282,0.9,262.2222222,2.162666667,1.450429113,1.9464,74.51855287,1
0.05283,0.9,260,2.148,1.438409612,1.9332,74.40562861,1
0.05284,0.9,257.7777778,2.133333333,1.426385457,1.92,74.29090924,1
0.05285,0.9,255.5555556,2.118666667,1.414356648,1.9068,74.17435747,1
0.05286,0.9,253.3333333,2.104,1.402323185,1.8936,74.05593498,1
0.05287,0.9,251.1111111,2.089333333,1.390285067,1.8804,73.93560238,1
0.05288,0.9,248.8888889,2.074666667,1.378242295,1.8672,73.81331916,1
0.05289,0.9,246.6666667,2.06,1.366194869,1.854,73.68904365,1
0.0529,0.9,244.4444444,2.045333333,1.354142789,1.8408,73.562733,1
0.05291,0.9,242.2222222,2.030666667,1.342086055,1.8276,73.4343431,1
0.05292,0.9,240,2.016,1.330024666,1.8144,73.30382858,1
0.05293,0.9,237.7777778,2.001333333,1.317958623,1.8012,73.17114273,1
0.05294,0.9,235.5555556,1.986666667,1.305887926,1.788,73.03623746,1
0.05295,0.9,233.3333333,1.972,1.293812575,1.7748,72.89906325,1
0.05296,0.9,231.1111111,1.957333333,1.281732569,1.7616,72.75956908,1
0.05297,0.9,228.8888889,1.942666667,1.269647909,1.7484,72.61770243,1
0.05298,0.9,226.6666667,1.928,1.257558595,1.7352,72.47340913,1
0.05299,0.9,224.4444444,1.913333333,1.245464627,1.722,72.3266334,1
0.053,0.9,222.2222222,1.898666667,1.233366005,1.7088,72.17731769,1
0.05301,0.9,220,1.884,1.221262728,1.6956,72.0254027,1
0.05302,0.9,217.7777778,1.869333333,1.209154797,1.6824,71.87082723,1
0.05303,0.9,215.5555556,1.854666667,1.197042212,1.6692,71.71352818,1
0.05304,0.9,213.3333333,1.84,1.184924973,1.656,71.55344041,1
0.05305,0.9,211.1111111,1.825333333,1.17280308,1.6428,71.39049669,1
0.05306,0.9,208.8888889,1.810666667,1.160676532,1.6296,71.22462764,1
0.05307,0.9,206.6666667,1.796,1.14854533,1.6164,71.05576158,1
0.05308,0.9,204.4444444,1.781333333,1.136409474,1.6032,70.88382448,1
0.05309,0.9,202.2222222,1.766666667,1.124268964,1.59,70.70873987,1
0.0531,0.9,200,1.752,1.112123799,1.5768,70.53042868,1
0.05311,0.9,197.7777778,1.737333333,1.099973981,1.5636,70.3488092,1
0.05312,0.9,195.5555556,1.722666667,1.087819508,1.5504,70.16379694,1
0.05313,0.9,193.3333333,1.708,1.075660381,1.5372,69.97530449,1
0.05314,0.9,191.1111111,1.693333333,1.063496599,1.524,69.78324142,1
0.05315,0.9,188.8888889,1.678666667,1.051328164,1.5108,69.58751415,1
0.05316,0.9,186.6666667,1.664,1.039155074,1.4976,69.38802577,1
0.05317,0.9,184.4444444,1.649333333,1.02697733,1.4844,69.18467597,1
0.05318,0.9,182.2222222,1.634666667,1.014794932,1.4712,68.97736078,1
0.05319,0.9,180,1.62,1.002607879,1.458,68.76597253,1
0.0532,0.9,177.7777778,1.605333333,0.9904161729,1.4448,68.55039956,1
0.05321,0.9,175.5555556,1.590666667,0.9782198121,1.4316,68.33052613,1
0.05322,0.9,173.3333333,1.576,0.966018797,1.4184,68.10623216,1
0.05323,0.9,171.1111111,1.561333333,0.9538131278,1.4052,67.8773931,1
0.05324,0.9,168.8888889,1.546666667,0.9416028043,1.392,67.64387962,1
0.05325,0.9,166.6666667,1.532,0.9293878267,1.3788,67.40555749,1
0.05326,0.9,164.4444444,1.517333333,0.9171681948,1.3656,67.16228726,1
0.05327,0.9,162.2222222,1.502666667,0.9049439087,1.3524,66.91392404,1
0.05328,0.9,160,1.488,0.8927149684,1.3392,66.66031724,1
0.05329,0.9,157.7777778,1.473333333,0.8804813739,1.326,66.40131025,1
0.0533,0.9,155.5555556,1.458666667,0.8682431252,1.3128,66.13674019,1
0.05331,0.9,153.3333333,1.444,0.8560002223,1.2996,65.86643754,1
0.05332,0.9,151.1111111,1.429333333,0.8437526652,1.2864,65.59022584,1
0.05333,0.9,148.8888889,1.414666667,0.8315004538,1.2732,65.30792129,1
0.05334,0.9,146.6666667,1.4,0.8192435883,1.26,65.0193324,1
0.05335,0.9,144.4444444,1.385333333,0.8069820685,1.2468,64.72425958,1
0.05336,0.9,142.2222222,1.370666667,0.7947158945,1.2336,64.42249469,1
0.05337,0.9,140,1.356,0.7824450663,1.2204,64.11382058,1
0.05338,0.9,137.7777778,1.341333333,0.7701695839,1.2072,63.79801059,1
0.05339,0.9,135.5555556,1.326666667,0.7578894473,1.194,63.47482808,1
0.0534,0.9,133.3333333,1.312,0.7456046565,1.1808,63.14402578,1
0.05341,0.9,131.1111111,1.297333333,0.7333152114,1.1676,62.80534527,1
0.05342,0.9,128.8888889,1.282666667,0.7210211122,1.1544,62.4585163,1
0.05343,0.9,126.6666667,1.268,0.7087223587,1.1412,62.10325611,1
0.05344,0.9,124.4444444,1.253333333,0.696418951,1.128,61.73926871,1
0.05345,0.9,122.2222222,1.238666667,0.6841108891,1.1148,61.36624409,1
0.05346,0.9,120,1.224,0.671798173,1.1016,60.98385739,1
0.05347,0.9,117.7777778,1.209333333,0.6594808027,1.0884,60.59176798,1
0.05348,0.9,115.5555556,1.194666667,0.6471587782,1.0752,60.18961851,1
0.05349,0.9,113.3333333,1.18,0.6348320995,1.062,59.77703385,1
0.0535,0.9,111.1111111,1.165333333,0.6225007665,1.0488,59.35362,1
0.05351,0.9,108.8888889,1.150666667,0.6101647794,1.0356,58.91896286,1
0.05352,0.9,106.6666667,1.136,0.597824138,1.0224,58.47262696,1
0.05353,0.9,104.4444444,1.121333333,0.5854788425,1.0092,58.01415403,1
0.05354,0.9,102.2222222,1.106666667,0.5731288927,0.996,57.54306151,1
0.05355,0.9,100,1.092,0.5607742887,0.9828,57.05884093,1
0.05356,0.9,97.77777778,1.077333333,0.5484150305,0.9696,56.56095611,1
0.05357,0.9,95.55555556,1.062666667,0.536051118,0.9564,56.04884128,1
0.05358,0.9,93.33333333,1.048,0.5236825514,0.9432,55.521899,1
0.05359,0.9,91.11111111,1.033333333,0.5113093306,0.93,54.97949791,1
0.0536,0.9,88.88888889,1.018666667,0.4989314555,0.9168,54.42097028,1
0.05361,0.9,86.66666667,1.004,0.4865489262,0.9036,53.84560937,1
0.05362,0.9,84.44444444,0.9893333333,0.4741617428,0.8904,53.25266653,1
0.05363,0.9,82.22222222,0.9746666667,0.4617699051,0.8772,52.64134805,1
0.05364,0.9,80,0.96,0.4493734132,0.864,52.01081171,1
0.05365,0.9,77.77777778,0.9453333333,0.4369722671,0.8508,51.36016303,1
0.05366,0.9,75.55555556,0.9306666667,0.4245664667,0.8376,50.68845114,1
0.05367,0.9,73.33333333,0.916,0.4121560122,0.8244,49.99466426,1
0.05368,0.9,71.11111111,0.9013333333,0.3997409035,0.8112,49.27772478,1
0.05369,0.9,68.88888889,0.8866666667,0.3873211405,0.798,48.53648377,1
0.0537,0.9,66.66666667,0.872,0.3748967233,0.7848,47.769715,1
0.05371,0.9,64.44444444,0.8573333333,0.3624676519,0.7716,46.97610834,1
0.05372,0.9,62.22222222,0.8426666667,0.3500339264,0.7584,46.15426244,1
0.05373,0.9,60,0.828,0.3375955466,0.7452,45.30267667,1
0.05374,0.9,57.77777778,0.8133333333,0.3251525125,0.732,44.41974215,1
0.05375,0.9,55.55555556,0.7986666667,0.3127048243,0.7188,43.50373182,1
0.05376,0.9,53.33333333,0.784,0.3002524819,0.7056,42.55278938,1
0.05377,0.9,51.11111111,0.7693333333,0.2877954852,0.6924,41.56491699,1
0.05378,0.9,48.88888889,0.7546666667,0.2753338344,0.6792,40.53796148,1
0.05379,0.9,46.66666667,0.74,0.2628675293,0.666,39.46959899,1
0.0538,0.9,44.44444444,0.7253333333,0.25039657,0.6528,38.35731771,1
0.05381,0.9,42.22222222,0.7106666667,0.2379209565,0.6396,37.19839846,1
0.05382,0.9,40,0.696,0.2254406888,0.6264,35.98989285,1
0.05383,0.9,37.77777778,0.6813333333,0.2129557669,0.6132,34.72859865,1
0.05384,0.9,35.55555556,0.6666666667,0.2004661908,0.6,33.4110318,1
0.05385,0.9,33.33333333,0.652,0.1879719604,0.5868,32.03339476,1
0.05386,0.9,31.11111111,0.6373333333,0.1754730759,0.5736,30.59154043,1
0.05387,0.9,28.88888889,0.6226666667,0.1629695371,0.5604,29.08093097,1
0.05388,0.9,26.66666667,0.608,0.1504613442,0.5472,27.49659067,1
0.05389,0.9,24.44444444,0.5933333333,0.137948497,0.534,25.83305187,1
0.0539,0.9,22.22222222,0.5786666667,0.1254309956,0.5208,24.08429255,1
0.05391,0.9,20,0.564,0.11290884,0.5076,22.2436643,1
0.05392,0.9,17.77777778,0.5493333333,0.1003820302,0.4944,20.30380869,1
0.05393,0.9,15.55555556,0.5346666667,0.08785056612,0.4812,18.25655988,1
0.05394,0.9,13.33333333,0.52,0.07531444788,0.468,16.09283074,1
0.05395,0.9,11.11111111,0.5053333333,0.06277367543,0.4548,13.80247921,1
0.05396,0.9,8.888888889,0.4906666667,0.05022824877,0.4416,11.37415054,1
0.05397,0.9,6.666666667,0.476,0.03767816789,0.4284,8.795090544,1
0.05398,0.9,4.444444444,0.4613333333,0.02512343281,0.4152,6.050923123,1
0.05399,0.9,2.222222222,0.4466666667,0.01256404351,0.402,3.125383957,1
0.054,0.9,0,0.432,0,0.3888,0,1
