load_torque_Nm;efficiency_percent
0;0
1e-05;0.05814191664
2e-05;0.1162124703
3e-05;0.1742117916
4e-05;0.2321400108
5e-05;0.2899972578
6e-05;0.3477836623
7e-05;0.4054993537
8e-05;0.4631444608
9e-05;0.5207191125
0.0001;0.5782234371
0.00011;0.6356575627
0.00012;0.693021617
0.00013;0.7503157275
0.00014;0.8075400214
0.00015;0.8646946254
0.00016;0.9217796661
0.00017;0.9787952697
0.00018;1.035741562
0.00019;1.092618669
0.0002;1.149426716
0.00021;1.206165827
0.00022;1.262836128
0.00023;1.319437743
0.00024;1.375970796
0.00025;1.43243541
0.00026;1.48883171
0.00027;1.545159818
0.00028;1.601419858
0.00029;1.657611952
0.0003;1.713736222
0.00031;1.76979279
0.00032;1.825781779
0.00033;1.881703309
0.00034;1.937557502
0.00035;1.993344478
0.00036;2.049064359
0.00037;2.104717264
0.00038;2.160303314
0.00039;2.215822628
0.0004;2.271275325
0.00041;2.326661525
0.00042;2.381981347
0.00043;2.437234909
0.00044;2.492422329
0.00045;2.547543726
0.00046;2.602599218
0.00047;2.657588921
0.00048;2.712512952
0.00049;2.76737143
0.0005;2.82216447
0.00051;2.876892188
0.00052;2.931554702
0.00053;2.986152126
0.00054;3.040684576
0.00055;3.095152167
0.00056;3.149555015
0.00057;3.203893234
0.00058;3.258166938
0.00059;3.312376242
0.0006;3.366521259
0.00061;3.420602104
0.00062;3.474618889
0.00063;3.528571727
0.00064;3.582460732
0.00065;3.636286016
0.00066;3.690047691
0.00067;3.74374587
0.00068;3.797380663
0.00069;3.850952183
0.0007;3.904460541
0.00071;3.957905848
0.00072;4.011288214
0.00073;4.06460775
0.00074;4.117864566
0.00075;4.171058772
0.00076;4.224190478
0.00077;4.277259793
0.00078;4.330266827
0.00079;4.383211688
0.0008;4.436094485
0.00081;4.488915327
0.00082;4.541674321
0.00083;4.594371575
0.00084;4.647007198
0.00085;4.699581296
0.00086;4.752093977
0.00087;4.804545348
0.00088;4.856935515
0.00089;4.909264585
0.0009;4.961532663
0.00091;5.013739857
0.00092;5.065886271
0.00093;5.117972011
0.00094;5.169997182
0.00095;5.221961889
0.00096;5.273866237
0.00097;5.32571033
0.00098;5.377494273
0.00099;5.429218169
0.001;5.480882122
0.00101;5.532486236
0.00102;5.584030615
0.00103;5.63551536
0.00104;5.686940575
0.00105;5.738306362
0.00106;5.789612824
0.00107;5.840860063
0.00108;5.892048181
0.00109;5.943177278
0.0011;5.994247458
0.00111;6.04525882
0.00112;6.096211466
0.00113;6.147105496
0.00114;6.197941012
0.00115;6.248718112
0.00116;6.299436898
0.00117;6.350097468
0.00118;6.400699923
0.00119;6.451244362
0.0012;6.501730883
0.00121;6.552159586
0.00122;6.60253057
0.00123;6.652843932
0.00124;6.703099772
0.00125;6.753298186
0.00126;6.803439274
0.00127;6.853523131
0.00128;6.903549856
0.00129;6.953519546
0.0013;7.003432297
0.00131;7.053288206
0.00132;7.10308737
0.00133;7.152829885
0.00134;7.202515847
0.00135;7.252145351
0.00136;7.301718493
0.00137;7.351235369
0.00138;7.400696074
0.00139;7.450100702
0.0014;7.499449348
0.00141;7.548742107
0.00142;7.597979073
0.00143;7.647160341
0.00144;7.696286003
0.00145;7.745356154
0.00146;7.794370886
0.00147;7.843330294
0.00148;7.892234471
0.00149;7.941083508
0.0015;7.989877499
0.00151;8.038616537
0.00152;8.087300712
0.00153;8.135930118
0.00154;8.184504845
0.00155;8.233024987
0.00156;8.281490633
0.00157;8.329901875
0.00158;8.378258805
0.00159;8.426561512
0.0016;8.474810088
0.00161;8.523004622
0.00162;8.571145205
0.00163;8.619231927
0.00164;8.667264878
0.00165;8.715244147
0.00166;8.763169823
0.00167;8.811041996
0.00168;8.858860755
0.00169;8.906626187
0.0017;8.954338383
0.00171;9.00199743
0.00172;9.049603417
0.00173;9.097156431
0.00174;9.14465656
0.00175;9.192103892
0.00176;9.239498514
0.00177;9.286840513
0.00178;9.334129977
0.00179;9.381366993
0.0018;9.428551646
0.00181;9.475684023
0.00182;9.522764211
0.00183;9.569792295
0.00184;9.616768362
0.00185;9.663692497
0.00186;9.710564786
0.00187;9.757385314
0.00188;9.804154165
0.00189;9.850871426
0.0019;9.89753718
0.00191;9.944151513
0.00192;9.990714508
0.00193;10.03722625
0.00194;10.08368682
0.00195;10.13009631
0.00196;10.1764548
0.00197;10.22276237
0.00198;10.2690191
0.00199;10.31522508
0.002;10.36138039
0.00201;10.40748512
0.00202;10.45353934
0.00203;10.49954314
0.00204;10.5454966
0.00205;10.59139981
0.00206;10.63725284
0.00207;10.68305577
0.00208;10.72880869
0.00209;10.77451169
0.0021;10.82016483
0.00211;10.86576821
0.00212;10.91132189
0.00213;10.95682597
0.00214;11.00228052
0.00215;11.04768563
0.00216;11.09304137
0.00217;11.13834782
0.00218;11.18360506
0.00219;11.22881318
0.0022;11.27397225
0.00221;11.31908235
0.00222;11.36414356
0.00223;11.40915597
0.00224;11.45411963
0.00225;11.49903465
0.00226;11.54390109
0.00227;11.58871903
0.00228;11.63348855
0.00229;11.67820974
0.0023;11.72288266
0.00231;11.76750739
0.00232;11.81208401
0.00233;11.85661261
0.00234;11.90109325
0.00235;11.94552601
0.00236;11.98991097
0.00237;12.03424821
0.00238;12.0785378
0.00239;12.12277982
0.0024;12.16697434
0.00241;12.21112144
0.00242;12.2552212
0.00243;12.29927369
0.00244;12.34327899
0.00245;12.38723717
0.00246;12.43114831
0.00247;12.47501248
0.00248;12.51882976
0.00249;12.56260022
0.0025;12.60632393
0.00251;12.65000098
0.00252;12.69363143
0.00253;12.73721536
0.00254;12.78075285
0.00255;12.82424396
0.00256;12.86768876
0.00257;12.91108735
0.00258;12.95443977
0.00259;12.99774612
0.0026;13.04100646
0.00261;13.08422087
0.00262;13.12738941
0.00263;13.17051216
0.00264;13.2135892
0.00265;13.25662059
0.00266;13.2996064
0.00267;13.34254672
0.00268;13.3854416
0.00269;13.42829113
0.0027;13.47109537
0.00271;13.51385439
0.00272;13.55656827
0.00273;13.59923707
0.00274;13.64186087
0.00275;13.68443974
0.00276;13.72697375
0.00277;13.76946296
0.00278;13.81190745
0.00279;13.8543073
0.0028;13.89666256
0.00281;13.93897331
0.00282;13.98123961
0.00283;14.02346155
0.00284;14.06563918
0.00285;14.10777257
0.00286;14.14986181
0.00287;14.19190694
0.00288;14.23390805
0.00289;14.2758652
0.0029;14.31777846
0.00291;14.35964789
0.00292;14.40147357
0.00293;14.44325557
0.00294;14.48499395
0.00295;14.52668878
0.00296;14.56834012
0.00297;14.60994805
0.00298;14.65151263
0.00299;14.69303394
0.003;14.73451202
0.00301;14.77594696
0.00302;14.81733883
0.00303;14.85868767
0.00304;14.89999358
0.00305;14.9412566
0.00306;14.9824768
0.00307;15.02365426
0.00308;15.06478904
0.00309;15.1058812
0.0031;15.14693081
0.00311;15.18793793
0.00312;15.22890264
0.00313;15.26982499
0.00314;15.31070505
0.00315;15.35154289
0.00316;15.39233856
0.00317;15.43309215
0.00318;15.4738037
0.00319;15.51447329
0.0032;15.55510097
0.00321;15.59568682
0.00322;15.6362309
0.00323;15.67673327
0.00324;15.71719399
0.00325;15.75761313
0.00326;15.79799076
0.00327;15.83832693
0.00328;15.8786217
0.00329;15.91887516
0.0033;15.95908734
0.00331;15.99925832
0.00332;16.03938817
0.00333;16.07947694
0.00334;16.11952469
0.00335;16.1595315
0.00336;16.19949741
0.00337;16.2394225
0.00338;16.27930682
0.00339;16.31915044
0.0034;16.35895342
0.00341;16.39871582
0.00342;16.4384377
0.00343;16.47811912
0.00344;16.51776015
0.00345;16.55736084
0.00346;16.59692126
0.00347;16.63644147
0.00348;16.67592153
0.00349;16.71536149
0.0035;16.75476143
0.00351;16.7941214
0.00352;16.83344145
0.00353;16.87272166
0.00354;16.91196208
0.00355;16.95116277
0.00356;16.99032379
0.00357;17.0294452
0.00358;17.06852706
0.00359;17.10756943
0.0036;17.14657236
0.00361;17.18553593
0.00362;17.22446018
0.00363;17.26334518
0.00364;17.30219098
0.00365;17.34099765
0.00366;17.37976524
0.00367;17.41849381
0.00368;17.45718341
0.00369;17.49583412
0.0037;17.53444598
0.00371;17.57301906
0.00372;17.6115534
0.00373;17.65004908
0.00374;17.68850614
0.00375;17.72692465
0.00376;17.76530466
0.00377;17.80364623
0.00378;17.84194941
0.00379;17.88021427
0.0038;17.91844086
0.00381;17.95662924
0.00382;17.99477947
0.00383;18.03289159
0.00384;18.07096567
0.00385;18.10900177
0.00386;18.14699994
0.00387;18.18496023
0.00388;18.22288271
0.00389;18.26076743
0.0039;18.29861444
0.00391;18.3364238
0.00392;18.37419557
0.00393;18.4119298
0.00394;18.44962655
0.00395;18.48728587
0.00396;18.52490782
0.00397;18.56249245
0.00398;18.60003982
0.00399;18.63754998
0.004;18.675023
0.00401;18.71245891
0.00402;18.74985778
0.00403;18.78721967
0.00404;18.82454462
0.00405;18.86183269
0.00406;18.89908393
0.00407;18.9362984
0.00408;18.97347616
0.00409;19.01061725
0.0041;19.04772174
0.00411;19.08478966
0.00412;19.12182109
0.00413;19.15881606
0.00414;19.19577464
0.00415;19.23269688
0.00416;19.26958283
0.00417;19.30643254
0.00418;19.34324607
0.00419;19.38002346
0.0042;19.41676478
0.00421;19.45347007
0.00422;19.49013939
0.00423;19.52677279
0.00424;19.56337033
0.00425;19.59993204
0.00426;19.63645799
0.00427;19.67294823
0.00428;19.70940282
0.00429;19.74582179
0.0043;19.7822052
0.00431;19.81855311
0.00432;19.85486557
0.00433;19.89114263
0.00434;19.92738433
0.00435;19.96359074
0.00436;19.99976189
0.00437;20.03589785
0.00438;20.07199866
0.00439;20.10806438
0.0044;20.14409505
0.00441;20.18009073
0.00442;20.21605147
0.00443;20.25197731
0.00444;20.2878683
0.00445;20.32372451
0.00446;20.35954597
0.00447;20.39533274
0.00448;20.43108487
0.00449;20.4668024
0.0045;20.50248539
0.00451;20.53813389
0.00452;20.57374794
0.00453;20.6093276
0.00454;20.64487291
0.00455;20.68038393
0.00456;20.7158607
0.00457;20.75130327
0.00458;20.78671169
0.00459;20.82208602
0.0046;20.85742629
0.00461;20.89273256
0.00462;20.92800488
0.00463;20.96324329
0.00464;20.99844784
0.00465;21.03361859
0.00466;21.06875557
0.00467;21.10385885
0.00468;21.13892846
0.00469;21.17396445
0.0047;21.20896688
0.00471;21.24393579
0.00472;21.27887122
0.00473;21.31377323
0.00474;21.34864186
0.00475;21.38347716
0.00476;21.41827918
0.00477;21.45304796
0.00478;21.48778355
0.00479;21.522486
0.0048;21.55715536
0.00481;21.59179167
0.00482;21.62639498
0.00483;21.66096534
0.00484;21.69550279
0.00485;21.73000738
0.00486;21.76447915
0.00487;21.79891816
0.00488;21.83332444
0.00489;21.86769805
0.0049;21.90203903
0.00491;21.93634743
0.00492;21.97062329
0.00493;22.00486666
0.00494;22.03907758
0.00495;22.0732561
0.00496;22.10740227
0.00497;22.14151612
0.00498;22.17559772
0.00499;22.20964709
0.005;22.2436643
0.00501;22.27764937
0.00502;22.31160236
0.00503;22.34552332
0.00504;22.37941228
0.00505;22.41326929
0.00506;22.4470944
0.00507;22.48088765
0.00508;22.51464909
0.00509;22.54837876
0.0051;22.5820767
0.00511;22.61574296
0.00512;22.64937758
0.00513;22.68298061
0.00514;22.7165521
0.00515;22.75009208
0.00516;22.78360059
0.00517;22.81707769
0.00518;22.85052342
0.00519;22.88393782
0.0052;22.91732093
0.00521;22.95067281
0.00522;22.98399348
0.00523;23.01728299
0.00524;23.0505414
0.00525;23.08376873
0.00526;23.11696504
0.00527;23.15013037
0.00528;23.18326476
0.00529;23.21636824
0.0053;23.24944088
0.00531;23.2824827
0.00532;23.31549376
0.00533;23.34847409
0.00534;23.38142373
0.00535;23.41434273
0.00536;23.44723114
0.00537;23.48008898
0.00538;23.51291631
0.00539;23.54571317
0.0054;23.5784796
0.00541;23.61121564
0.00542;23.64392133
0.00543;23.67659672
0.00544;23.70924184
0.00545;23.74185674
0.00546;23.77444146
0.00547;23.80699605
0.00548;23.83952053
0.00549;23.87201496
0.0055;23.90447937
0.00551;23.93691381
0.00552;23.96931832
0.00553;24.00169294
0.00554;24.0340377
0.00555;24.06635266
0.00556;24.09863784
0.00557;24.1308933
0.00558;24.16311907
0.00559;24.1953152
0.0056;24.22748171
0.00561;24.25961866
0.00562;24.29172609
0.00563;24.32380403
0.00564;24.35585252
0.00565;24.38787161
0.00566;24.41986133
0.00567;24.45182173
0.00568;24.48375284
0.00569;24.51565471
0.0057;24.54752737
0.00571;24.57937086
0.00572;24.61118523
0.00573;24.64297051
0.00574;24.67472675
0.00575;24.70645398
0.00576;24.73815223
0.00577;24.76982156
0.00578;24.801462
0.00579;24.83307359
0.0058;24.86465636
0.00581;24.89621037
0.00582;24.92773564
0.00583;24.95923221
0.00584;24.99070013
0.00585;25.02213942
0.00586;25.05355014
0.00587;25.08493232
0.00588;25.116286
0.00589;25.14761121
0.0059;25.178908
0.00591;25.2101764
0.00592;25.24141646
0.00593;25.2726282
0.00594;25.30381167
0.00595;25.3349669
0.00596;25.36609394
0.00597;25.39719282
0.00598;25.42826358
0.00599;25.45930625
0.006;25.49032088
0.00601;25.5213075
0.00602;25.55226615
0.00603;25.58319687
0.00604;25.61409969
0.00605;25.64497466
0.00606;25.6758218
0.00607;25.70664116
0.00608;25.73743277
0.00609;25.76819668
0.0061;25.79893291
0.00611;25.82964151
0.00612;25.8603225
0.00613;25.89097594
0.00614;25.92160185
0.00615;25.95220027
0.00616;25.98277124
0.00617;26.01331479
0.00618;26.04383097
0.00619;26.0743198
0.0062;26.10478133
0.00621;26.13521559
0.00622;26.16562261
0.00623;26.19600244
0.00624;26.2263551
0.00625;26.25668064
0.00626;26.28697909
0.00627;26.31725049
0.00628;26.34749487
0.00629;26.37771227
0.0063;26.40790272
0.00631;26.43806627
0.00632;26.46820293
0.00633;26.49831276
0.00634;26.52839578
0.00635;26.55845204
0.00636;26.58848156
0.00637;26.61848439
0.00638;26.64846055
0.00639;26.67841009
0.0064;26.70833303
0.00641;26.73822941
0.00642;26.76809928
0.00643;26.79794265
0.00644;26.82775958
0.00645;26.85755008
0.00646;26.8873142
0.00647;26.91705198
0.00648;26.94676344
0.00649;26.97644862
0.0065;27.00610756
0.00651;27.03574028
0.00652;27.06534683
0.00653;27.09492724
0.00654;27.12448154
0.00655;27.15400977
0.00656;27.18351196
0.00657;27.21298814
0.00658;27.24243836
0.00659;27.27186263
0.0066;27.301261
0.00661;27.33063351
0.00662;27.35998017
0.00663;27.38930104
0.00664;27.41859614
0.00665;27.4478655
0.00666;27.47710916
0.00667;27.50632715
0.00668;27.53551951
0.00669;27.56468627
0.0067;27.59382746
0.00671;27.62294312
0.00672;27.65203327
0.00673;27.68109796
0.00674;27.71013721
0.00675;27.73915106
0.00676;27.76813954
0.00677;27.79710269
0.00678;27.82604053
0.00679;27.8549531
0.0068;27.88384044
0.00681;27.91270257
0.00682;27.94153952
0.00683;27.97035134
0.00684;27.99913805
0.00685;28.02789968
0.00686;28.05663627
0.00687;28.08534785
0.00688;28.11403446
0.00689;28.14269611
0.0069;28.17133286
0.00691;28.19994472
0.00692;28.22853173
0.00693;28.25709393
0.00694;28.28563134
0.00695;28.314144
0.00696;28.34263193
0.00697;28.37109518
0.00698;28.39953376
0.00699;28.42794772
0.007;28.45633709
0.00701;28.48470189
0.00702;28.51304216
0.00703;28.54135793
0.00704;28.56964923
0.00705;28.5979161
0.00706;28.62615855
0.00707;28.65437664
0.00708;28.68257037
0.00709;28.7107398
0.0071;28.73888494
0.00711;28.76700584
0.00712;28.79510251
0.00713;28.823175
0.00714;28.85122332
0.00715;28.87924752
0.00716;28.90724763
0.00717;28.93522367
0.00718;28.96317567
0.00719;28.99110367
0.0072;29.0190077
0.00721;29.04688778
0.00722;29.07474395
0.00723;29.10257624
0.00724;29.13038467
0.00725;29.15816929
0.00726;29.18593011
0.00727;29.21366717
0.00728;29.2413805
0.00729;29.26907013
0.0073;29.29673609
0.00731;29.32437841
0.00732;29.35199712
0.00733;29.37959224
0.00734;29.40716382
0.00735;29.43471187
0.00736;29.46223643
0.00737;29.48973753
0.00738;29.5172152
0.00739;29.54466946
0.0074;29.57210036
0.00741;29.5995079
0.00742;29.62689214
0.00743;29.65425309
0.00744;29.68159078
0.00745;29.70890525
0.00746;29.73619652
0.00747;29.76346462
0.00748;29.79070958
0.00749;29.81793144
0.0075;29.84513021
0.00751;29.87230593
0.00752;29.89945863
0.00753;29.92658834
0.00754;29.95369508
0.00755;29.98077888
0.00756;30.00783978
0.00757;30.0348778
0.00758;30.06189297
0.00759;30.08888532
0.0076;30.11585488
0.00761;30.14280167
0.00762;30.16972573
0.00763;30.19662708
0.00764;30.22350575
0.00765;30.25036177
0.00766;30.27719516
0.00767;30.30400597
0.00768;30.33079421
0.00769;30.35755991
0.0077;30.3843031
0.00771;30.41102381
0.00772;30.43772206
0.00773;30.46439789
0.00774;30.49105133
0.00775;30.51768239
0.00776;30.54429111
0.00777;30.57087752
0.00778;30.59744164
0.00779;30.6239835
0.0078;30.65050313
0.00781;30.67700056
0.00782;30.70347581
0.00783;30.72992892
0.00784;30.7563599
0.00785;30.78276879
0.00786;30.80915561
0.00787;30.83552039
0.00788;30.86186317
0.00789;30.88818395
0.0079;30.91448278
0.00791;30.94075968
0.00792;30.96701468
0.00793;30.9932478
0.00794;31.01945907
0.00795;31.04564852
0.00796;31.07181618
0.00797;31.09796207
0.00798;31.12408621
0.00799;31.15018864
0.008;31.17626938
0.00801;31.20232847
0.00802;31.22836591
0.00803;31.25438175
0.00804;31.28037601
0.00805;31.30634871
0.00806;31.33229989
0.00807;31.35822956
0.00808;31.38413776
0.00809;31.41002451
0.0081;31.43588983
0.00811;31.46173376
0.00812;31.48755632
0.00813;31.51335753
0.00814;31.53913743
0.00815;31.56489603
0.00816;31.59063337
0.00817;31.61634947
0.00818;31.64204436
0.00819;31.66771805
0.0082;31.69337058
0.00821;31.71900198
0.00822;31.74461227
0.00823;31.77020147
0.00824;31.79576961
0.00825;31.82131672
0.00826;31.84684283
0.00827;31.87234794
0.00828;31.89783211
0.00829;31.92329534
0.0083;31.94873766
0.00831;31.97415911
0.00832;31.9995597
0.00833;32.02493946
0.00834;32.05029842
0.00835;32.0756366
0.00836;32.10095402
0.00837;32.12625072
0.00838;32.15152671
0.00839;32.17678202
0.0084;32.20201668
0.00841;32.22723071
0.00842;32.25242414
0.00843;32.27759699
0.00844;32.30274929
0.00845;32.32788105
0.00846;32.35299232
0.00847;32.3780831
0.00848;32.40315343
0.00849;32.42820333
0.0085;32.45323282
0.00851;32.47824194
0.00852;32.5032307
0.00853;32.52819912
0.00854;32.55314724
0.00855;32.57807508
0.00856;32.60298266
0.00857;32.62787001
0.00858;32.65273715
0.00859;32.6775841
0.0086;32.70241089
0.00861;32.72721754
0.00862;32.75200409
0.00863;32.77677054
0.00864;32.80151693
0.00865;32.82624328
0.00866;32.85094961
0.00867;32.87563595
0.00868;32.90030233
0.00869;32.92494876
0.0087;32.94957527
0.00871;32.97418188
0.00872;32.99876862
0.00873;33.02333551
0.00874;33.04788258
0.00875;33.07240984
0.00876;33.09691733
0.00877;33.12140506
0.00878;33.14587306
0.00879;33.17032136
0.0088;33.19474997
0.00881;33.21915892
0.00882;33.24354823
0.00883;33.26791793
0.00884;33.29226804
0.00885;33.31659859
0.00886;33.34090959
0.00887;33.36520107
0.00888;33.38947305
0.00889;33.41372556
0.0089;33.43795862
0.00891;33.46217225
0.00892;33.48636647
0.00893;33.51054132
0.00894;33.5346968
0.00895;33.55883295
0.00896;33.58294979
0.00897;33.60704734
0.00898;33.63112562
0.00899;33.65518465
0.009;33.67922447
0.00901;33.70324508
0.00902;33.72724652
0.00903;33.75122881
0.00904;33.77519197
0.00905;33.79913601
0.00906;33.82306097
0.00907;33.84696687
0.00908;33.87085373
0.00909;33.89472157
0.0091;33.91857041
0.00911;33.94240028
0.00912;33.9662112
0.00913;33.99000319
0.00914;34.01377628
0.00915;34.03753047
0.00916;34.06126581
0.00917;34.08498231
0.00918;34.10867999
0.00919;34.13235887
0.0092;34.15601898
0.00921;34.17966034
0.00922;34.20328297
0.00923;34.22688689
0.00924;34.25047212
0.00925;34.27403869
0.00926;34.29758662
0.00927;34.32111593
0.00928;34.34462664
0.00929;34.36811877
0.0093;34.39159235
0.00931;34.4150474
0.00932;34.43848393
0.00933;34.46190197
0.00934;34.48530155
0.00935;34.50868267
0.00936;34.53204538
0.00937;34.55538967
0.00938;34.57871559
0.00939;34.60202314
0.0094;34.62531236
0.00941;34.64858326
0.00942;34.67183586
0.00943;34.69507018
0.00944;34.71828625
0.00945;34.74148408
0.00946;34.76466371
0.00947;34.78782514
0.00948;34.8109684
0.00949;34.83409352
0.0095;34.8572005
0.00951;34.88028938
0.00952;34.90336018
0.00953;34.92641291
0.00954;34.94944759
0.00955;34.97246425
0.00956;34.99546291
0.00957;35.01844359
0.00958;35.04140631
0.00959;35.06435109
0.0096;35.08727795
0.00961;35.11018691
0.00962;35.133078
0.00963;35.15595122
0.00964;35.17880661
0.00965;35.20164419
0.00966;35.22446397
0.00967;35.24726597
0.00968;35.27005022
0.00969;35.29281674
0.0097;35.31556554
0.00971;35.33829665
0.00972;35.36101009
0.00973;35.38370587
0.00974;35.40638403
0.00975;35.42904457
0.00976;35.45168752
0.00977;35.47431289
0.00978;35.49692072
0.00979;35.51951102
0.0098;35.5420838
0.00981;35.56463909
0.00982;35.58717691
0.00983;35.60969729
0.00984;35.63220023
0.00985;35.65468576
0.00986;35.67715389
0.00987;35.69960466
0.00988;35.72203808
0.00989;35.74445416
0.0099;35.76685293
0.00991;35.78923442
0.00992;35.81159862
0.00993;35.83394558
0.00994;35.8562753
0.00995;35.87858781
0.00996;35.90088313
0.00997;35.92316127
0.00998;35.94542226
0.00999;35.96766611
0.01;35.98989285
0.01001;36.01210249
0.01002;36.03429506
0.01003;36.05647057
0.01004;36.07862904
0.01005;36.10077049
0.01006;36.12289494
0.01007;36.14500242
0.01008;36.16709293
0.01009;36.1891665
0.0101;36.21122315
0.01011;36.2332629
0.01012;36.25528576
0.01013;36.27729176
0.01014;36.29928092
0.01015;36.32125324
0.01016;36.34320876
0.01017;36.36514749
0.01018;36.38706945
0.01019;36.40897467
0.0102;36.43086315
0.01021;36.45273491
0.01022;36.47458999
0.01023;36.49642838
0.01024;36.51825013
0.01025;36.54005523
0.01026;36.56184372
0.01027;36.5836156
0.01028;36.60537091
0.01029;36.62710965
0.0103;36.64883185
0.01031;36.67053752
0.01032;36.69222669
0.01033;36.71389937
0.01034;36.73555557
0.01035;36.75719533
0.01036;36.77881866
0.01037;36.80042557
0.01038;36.82201608
0.01039;36.84359022
0.0104;36.865148
0.01041;36.88668943
0.01042;36.90821455
0.01043;36.92972336
0.01044;36.95121588
0.01045;36.97269214
0.01046;36.99415215
0.01047;37.01559592
0.01048;37.03702348
0.01049;37.05843485
0.0105;37.07983004
0.01051;37.10120907
0.01052;37.12257196
0.01053;37.14391873
0.01054;37.16524939
0.01055;37.18656397
0.01056;37.20786248
0.01057;37.22914493
0.01058;37.25041135
0.01059;37.27166176
0.0106;37.29289617
0.01061;37.3141146
0.01062;37.33531706
0.01063;37.35650359
0.01064;37.37767418
0.01065;37.39882887
0.01066;37.41996767
0.01067;37.44109059
0.01068;37.46219765
0.01069;37.48328888
0.0107;37.50436429
0.01071;37.52542389
0.01072;37.54646771
0.01073;37.56749576
0.01074;37.58850806
0.01075;37.60950462
0.01076;37.63048547
0.01077;37.65145062
0.01078;37.67240009
0.01079;37.69333389
0.0108;37.71425205
0.01081;37.73515458
0.01082;37.75604149
0.01083;37.77691281
0.01084;37.79776856
0.01085;37.81860874
0.01086;37.83943338
0.01087;37.86024249
0.01088;37.88103609
0.01089;37.9018142
0.0109;37.92257684
0.01091;37.94332402
0.01092;37.96405575
0.01093;37.98477207
0.01094;38.00547297
0.01095;38.02615849
0.01096;38.04682863
0.01097;38.06748341
0.01098;38.08812286
0.01099;38.10874698
0.011;38.1293558
0.01101;38.14994933
0.01102;38.17052758
0.01103;38.19109058
0.01104;38.21163834
0.01105;38.23217088
0.01106;38.25268821
0.01107;38.27319035
0.01108;38.29367732
0.01109;38.31414913
0.0111;38.33460581
0.01111;38.35504736
0.01112;38.37547381
0.01113;38.39588516
0.01114;38.41628144
0.01115;38.43666267
0.01116;38.45702885
0.01117;38.47738001
0.01118;38.49771617
0.01119;38.51803733
0.0112;38.53834351
0.01121;38.55863474
0.01122;38.57891102
0.01123;38.59917238
0.01124;38.61941883
0.01125;38.63965038
0.01126;38.65986706
0.01127;38.68006888
0.01128;38.70025584
0.01129;38.72042798
0.0113;38.74058531
0.01131;38.76072784
0.01132;38.78085559
0.01133;38.80096857
0.01134;38.8210668
0.01135;38.84115031
0.01136;38.86121909
0.01137;38.88127317
0.01138;38.90131257
0.01139;38.92133729
0.0114;38.94134737
0.01141;38.9613428
0.01142;38.98132361
0.01143;39.00128982
0.01144;39.02124144
0.01145;39.04117848
0.01146;39.06110096
0.01147;39.0810089
0.01148;39.10090231
0.01149;39.12078121
0.0115;39.14064561
0.01151;39.16049553
0.01152;39.18033099
0.01153;39.200152
0.01154;39.21995857
0.01155;39.23975072
0.01156;39.25952847
0.01157;39.27929184
0.01158;39.29904083
0.01159;39.31877546
0.0116;39.33849575
0.01161;39.35820172
0.01162;39.37789337
0.01163;39.39757073
0.01164;39.41723381
0.01165;39.43688263
0.01166;39.45651719
0.01167;39.47613752
0.01168;39.49574364
0.01169;39.51533554
0.0117;39.53491326
0.01171;39.55447681
0.01172;39.5740262
0.01173;39.59356144
0.01174;39.61308256
0.01175;39.63258956
0.01176;39.65208247
0.01177;39.67156129
0.01178;39.69102605
0.01179;39.71047675
0.0118;39.72991341
0.01181;39.74933605
0.01182;39.76874469
0.01183;39.78813933
0.01184;39.80751999
0.01185;39.82688668
0.01186;39.84623943
0.01187;39.86557825
0.01188;39.88490314
0.01189;39.90421414
0.0119;39.92351124
0.01191;39.94279447
0.01192;39.96206383
0.01193;39.98131936
0.01194;40.00056105
0.01195;40.01978893
0.01196;40.039003
0.01197;40.05820329
0.01198;40.0773898
0.01199;40.09656256
0.012;40.11572158
0.01201;40.13486686
0.01202;40.15399844
0.01203;40.17311631
0.01204;40.1922205
0.01205;40.21131102
0.01206;40.23038788
0.01207;40.2494511
0.01208;40.26850069
0.01209;40.28753667
0.0121;40.30655905
0.01211;40.32556785
0.01212;40.34456307
0.01213;40.36354474
0.01214;40.38251287
0.01215;40.40146748
0.01216;40.42040856
0.01217;40.43933615
0.01218;40.45825026
0.01219;40.4771509
0.0122;40.49603808
0.01221;40.51491181
0.01222;40.53377212
0.01223;40.55261902
0.01224;40.57145251
0.01225;40.59027262
0.01226;40.60907936
0.01227;40.62787274
0.01228;40.64665278
0.01229;40.66541948
0.0123;40.68417287
0.01231;40.70291296
0.01232;40.72163976
0.01233;40.74035329
0.01234;40.75905356
0.01235;40.77774058
0.01236;40.79641436
0.01237;40.81507493
0.01238;40.8337223
0.01239;40.85235647
0.0124;40.87097746
0.01241;40.8895853
0.01242;40.90817998
0.01243;40.92676152
0.01244;40.94532995
0.01245;40.96388526
0.01246;40.98242748
0.01247;41.00095661
0.01248;41.01947268
0.01249;41.0379757
0.0125;41.05646567
0.01251;41.07494262
0.01252;41.09340655
0.01253;41.11185748
0.01254;41.13029543
0.01255;41.1487204
0.01256;41.16713241
0.01257;41.18553148
0.01258;41.20391761
0.01259;41.22229082
0.0126;41.24065113
0.01261;41.25899855
0.01262;41.27733308
0.01263;41.29565475
0.01264;41.31396357
0.01265;41.33225954
0.01266;41.35054269
0.01267;41.36881303
0.01268;41.38707056
0.01269;41.40531531
0.0127;41.42354729
0.01271;41.44176651
0.01272;41.45997298
0.01273;41.47816671
0.01274;41.49634773
0.01275;41.51451604
0.01276;41.53267165
0.01277;41.55081458
0.01278;41.56894484
0.01279;41.58706245
0.0128;41.60516741
0.01281;41.62325975
0.01282;41.64133947
0.01283;41.65940658
0.01284;41.67746111
0.01285;41.69550306
0.01286;41.71353244
0.01287;41.73154927
0.01288;41.74955356
0.01289;41.76754533
0.0129;41.78552458
0.01291;41.80349133
0.01292;41.8214456
0.01293;41.83938739
0.01294;41.85731671
0.01295;41.87523359
0.01296;41.89313804
0.01297;41.91103005
0.01298;41.92890966
0.01299;41.94677687
0.013;41.96463169
0.01301;41.98247414
0.01302;42.00030423
0.01303;42.01812197
0.01304;42.03592738
0.01305;42.05372046
0.01306;42.07150124
0.01307;42.08926971
0.01308;42.1070259
0.01309;42.12476982
0.0131;42.14250148
0.01311;42.16022089
0.01312;42.17792807
0.01313;42.19562302
0.01314;42.21330576
0.01315;42.23097631
0.01316;42.24863467
0.01317;42.26628086
0.01318;42.28391488
0.01319;42.30153676
0.0132;42.3191465
0.01321;42.33674412
0.01322;42.35432963
0.01323;42.37190303
0.01324;42.38946435
0.01325;42.4070136
0.01326;42.42455078
0.01327;42.44207592
0.01328;42.45958901
0.01329;42.47709008
0.0133;42.49457914
0.01331;42.51205619
0.01332;42.52952126
0.01333;42.54697435
0.01334;42.56441547
0.01335;42.58184464
0.01336;42.59926187
0.01337;42.61666717
0.01338;42.63406055
0.01339;42.65144203
0.0134;42.66881161
0.01341;42.68616932
0.01342;42.70351515
0.01343;42.72084913
0.01344;42.73817126
0.01345;42.75548156
0.01346;42.77278004
0.01347;42.79006671
0.01348;42.80734158
0.01349;42.82460467
0.0135;42.84185598
0.01351;42.85909553
0.01352;42.87632333
0.01353;42.89353939
0.01354;42.91074373
0.01355;42.92793635
0.01356;42.94511727
0.01357;42.96228649
0.01358;42.97944404
0.01359;42.99658992
0.0136;43.01372414
0.01361;43.03084672
0.01362;43.04795766
0.01363;43.06505699
0.01364;43.0821447
0.01365;43.09922081
0.01366;43.11628534
0.01367;43.1333383
0.01368;43.15037969
0.01369;43.16740953
0.0137;43.18442783
0.01371;43.2014346
0.01372;43.21842985
0.01373;43.23541359
0.01374;43.25238585
0.01375;43.26934662
0.01376;43.28629591
0.01377;43.30323375
0.01378;43.32016014
0.01379;43.33707509
0.0138;43.35397862
0.01381;43.37087073
0.01382;43.38775144
0.01383;43.40462076
0.01384;43.42147869
0.01385;43.43832526
0.01386;43.45516047
0.01387;43.47198433
0.01388;43.48879686
0.01389;43.50559806
0.0139;43.52238795
0.01391;43.53916654
0.01392;43.55593384
0.01393;43.57268985
0.01394;43.5894346
0.01395;43.6061681
0.01396;43.62289034
0.01397;43.63960136
0.01398;43.65630115
0.01399;43.67298972
0.014;43.6896671
0.01401;43.70633328
0.01402;43.72298828
0.01403;43.73963212
0.01404;43.7562648
0.01405;43.77288633
0.01406;43.78949673
0.01407;43.806096
0.01408;43.82268416
0.01409;43.83926122
0.0141;43.85582719
0.01411;43.87238207
0.01412;43.88892589
0.01413;43.90545864
0.01414;43.92198035
0.01415;43.93849102
0.01416;43.95499067
0.01417;43.9714793
0.01418;43.98795693
0.01419;44.00442356
0.0142;44.02087921
0.01421;44.03732388
0.01422;44.0537576
0.01423;44.07018036
0.01424;44.08659219
0.01425;44.10299308
0.01426;44.11938306
0.01427;44.13576213
0.01428;44.1521303
0.01429;44.16848758
0.0143;44.18483399
0.01431;44.20116954
0.01432;44.21749423
0.01433;44.23380807
0.01434;44.25011109
0.01435;44.26640328
0.01436;44.28268465
0.01437;44.29895523
0.01438;44.31521501
0.01439;44.33146402
0.0144;44.34770225
0.01441;44.36392973
0.01442;44.38014645
0.01443;44.39635244
0.01444;44.4125477
0.01445;44.42873224
0.01446;44.44490607
0.01447;44.46106921
0.01448;44.47722166
0.01449;44.49336343
0.0145;44.50949454
0.01451;44.525615
0.01452;44.5417248
0.01453;44.55782398
0.01454;44.57391253
0.01455;44.58999046
0.01456;44.60605779
0.01457;44.62211453
0.01458;44.63816069
0.01459;44.65419627
0.0146;44.67022129
0.01461;44.68623576
0.01462;44.70223968
0.01463;44.71823307
0.01464;44.73421594
0.01465;44.7501883
0.01466;44.76615016
0.01467;44.78210153
0.01468;44.79804241
0.01469;44.81397283
0.0147;44.82989278
0.01471;44.84580228
0.01472;44.86170134
0.01473;44.87758998
0.01474;44.89346819
0.01475;44.90933599
0.01476;44.92519338
0.01477;44.94104039
0.01478;44.95687702
0.01479;44.97270328
0.0148;44.98851918
0.01481;45.00432472
0.01482;45.02011993
0.01483;45.03590481
0.01484;45.05167936
0.01485;45.0674436
0.01486;45.08319755
0.01487;45.0989412
0.01488;45.11467457
0.01489;45.13039767
0.0149;45.14611051
0.01491;45.16181309
0.01492;45.17750544
0.01493;45.19318755
0.01494;45.20885944
0.01495;45.22452112
0.01496;45.2401726
0.01497;45.25581388
0.01498;45.27144498
0.01499;45.28706591
0.015;45.30267667
0.01501;45.31827728
0.01502;45.33386775
0.01503;45.34944808
0.01504;45.36501828
0.01505;45.38057838
0.01506;45.39612836
0.01507;45.41166825
0.01508;45.42719806
0.01509;45.44271778
0.0151;45.45822744
0.01511;45.47372705
0.01512;45.4892166
0.01513;45.50469612
0.01514;45.52016561
0.01515;45.53562508
0.01516;45.55107454
0.01517;45.566514
0.01518;45.58194347
0.01519;45.59736296
0.0152;45.61277248
0.01521;45.62817203
0.01522;45.64356164
0.01523;45.6589413
0.01524;45.67431102
0.01525;45.68967082
0.01526;45.70502071
0.01527;45.72036069
0.01528;45.73569078
0.01529;45.75101098
0.0153;45.7663213
0.01531;45.78162175
0.01532;45.79691235
0.01533;45.81219309
0.01534;45.827464
0.01535;45.84272508
0.01536;45.85797633
0.01537;45.87321777
0.01538;45.88844941
0.01539;45.90367126
0.0154;45.91888332
0.01541;45.9340856
0.01542;45.94927813
0.01543;45.96446089
0.01544;45.97963391
0.01545;45.99479718
0.01546;46.00995073
0.01547;46.02509456
0.01548;46.04022868
0.01549;46.0553531
0.0155;46.07046783
0.01551;46.08557287
0.01552;46.10066824
0.01553;46.11575394
0.01554;46.13082998
0.01555;46.14589638
0.01556;46.16095315
0.01557;46.17600028
0.01558;46.19103779
0.01559;46.2060657
0.0156;46.221084
0.01561;46.23609271
0.01562;46.25109183
0.01563;46.26608138
0.01564;46.28106136
0.01565;46.29603179
0.01566;46.31099267
0.01567;46.32594401
0.01568;46.34088582
0.01569;46.35581811
0.0157;46.37074089
0.01571;46.38565417
0.01572;46.40055795
0.01573;46.41545224
0.01574;46.43033706
0.01575;46.44521241
0.01576;46.4600783
0.01577;46.47493474
0.01578;46.48978174
0.01579;46.50461931
0.0158;46.51944746
0.01581;46.53426619
0.01582;46.54907551
0.01583;46.56387544
0.01584;46.57866597
0.01585;46.59344713
0.01586;46.60821892
0.01587;46.62298134
0.01588;46.63773441
0.01589;46.65247814
0.0159;46.66721253
0.01591;46.68193759
0.01592;46.69665333
0.01593;46.71135977
0.01594;46.7260569
0.01595;46.74074474
0.01596;46.75542329
0.01597;46.77009257
0.01598;46.78475258
0.01599;46.79940333
0.016;46.81404484
0.01601;46.8286771
0.01602;46.84330013
0.01603;46.85791393
0.01604;46.87251852
0.01605;46.8871139
0.01606;46.90170008
0.01607;46.91627708
0.01608;46.93084489
0.01609;46.94540352
0.0161;46.959953
0.01611;46.97449331
0.01612;46.98902448
0.01613;47.00354651
0.01614;47.01805941
0.01615;47.03256319
0.01616;47.04705785
0.01617;47.06154341
0.01618;47.07601987
0.01619;47.09048724
0.0162;47.10494553
0.01621;47.11939474
0.01622;47.1338349
0.01623;47.148266
0.01624;47.16268805
0.01625;47.17710106
0.01626;47.19150504
0.01627;47.2059
0.01628;47.22028595
0.01629;47.23466289
0.0163;47.24903083
0.01631;47.26338979
0.01632;47.27773976
0.01633;47.29208076
0.01634;47.3064128
0.01635;47.32073588
0.01636;47.33505001
0.01637;47.3493552
0.01638;47.36365147
0.01639;47.3779388
0.0164;47.39221723
0.01641;47.40648674
0.01642;47.42074736
0.01643;47.43499909
0.01644;47.44924193
0.01645;47.4634759
0.01646;47.477701
0.01647;47.49191725
0.01648;47.50612464
0.01649;47.52032319
0.0165;47.53451291
0.01651;47.5486938
0.01652;47.56286588
0.01653;47.57702914
0.01654;47.5911836
0.01655;47.60532927
0.01656;47.61946616
0.01657;47.63359426
0.01658;47.6477136
0.01659;47.66182417
0.0166;47.67592599
0.01661;47.69001906
0.01662;47.7041034
0.01663;47.71817901
0.01664;47.73224589
0.01665;47.74630406
0.01666;47.76035352
0.01667;47.77439429
0.01668;47.78842637
0.01669;47.80244976
0.0167;47.81646448
0.01671;47.83047053
0.01672;47.84446792
0.01673;47.85845666
0.01674;47.87243676
0.01675;47.88640822
0.01676;47.90037106
0.01677;47.91432527
0.01678;47.92827088
0.01679;47.94220788
0.0168;47.95613628
0.01681;47.97005609
0.01682;47.98396733
0.01683;47.99786999
0.01684;48.01176408
0.01685;48.02564962
0.01686;48.03952661
0.01687;48.05339505
0.01688;48.06725496
0.01689;48.08110635
0.0169;48.09494921
0.01691;48.10878357
0.01692;48.12260942
0.01693;48.13642677
0.01694;48.15023564
0.01695;48.16403602
0.01696;48.17782794
0.01697;48.19161138
0.01698;48.20538637
0.01699;48.21915291
0.017;48.23291101
0.01701;48.24666067
0.01702;48.2604019
0.01703;48.27413471
0.01704;48.28785912
0.01705;48.30157511
0.01706;48.31528271
0.01707;48.32898192
0.01708;48.34267275
0.01709;48.3563552
0.0171;48.37002929
0.01711;48.38369501
0.01712;48.39735239
0.01713;48.41100141
0.01714;48.42464211
0.01715;48.43827447
0.01716;48.45189851
0.01717;48.46551423
0.01718;48.47912165
0.01719;48.49272077
0.0172;48.50631159
0.01721;48.51989413
0.01722;48.53346839
0.01723;48.54703438
0.01724;48.56059211
0.01725;48.57414158
0.01726;48.58768281
0.01727;48.60121579
0.01728;48.61474054
0.01729;48.62825707
0.0173;48.64176537
0.01731;48.65526547
0.01732;48.66875735
0.01733;48.68224105
0.01734;48.69571655
0.01735;48.70918387
0.01736;48.72264302
0.01737;48.73609399
0.01738;48.74953681
0.01739;48.76297147
0.0174;48.77639799
0.01741;48.78981637
0.01742;48.80322662
0.01743;48.81662874
0.01744;48.83002275
0.01745;48.84340864
0.01746;48.85678643
0.01747;48.87015613
0.01748;48.88351774
0.01749;48.89687127
0.0175;48.91021672
0.01751;48.92355411
0.01752;48.93688344
0.01753;48.95020471
0.01754;48.96351794
0.01755;48.97682313
0.01756;48.99012029
0.01757;49.00340943
0.01758;49.01669054
0.01759;49.02996365
0.0176;49.04322876
0.01761;49.05648587
0.01762;49.06973499
0.01763;49.08297612
0.01764;49.09620929
0.01765;49.10943448
0.01766;49.12265172
0.01767;49.135861
0.01768;49.14906234
0.01769;49.16225573
0.0177;49.1754412
0.01771;49.18861873
0.01772;49.20178835
0.01773;49.21495006
0.01774;49.22810386
0.01775;49.24124976
0.01776;49.25438778
0.01777;49.26751791
0.01778;49.28064016
0.01779;49.29375454
0.0178;49.30686106
0.01781;49.31995973
0.01782;49.33305054
0.01783;49.34613351
0.01784;49.35920865
0.01785;49.37227595
0.01786;49.38533544
0.01787;49.39838711
0.01788;49.41143097
0.01789;49.42446703
0.0179;49.4374953
0.01791;49.45051577
0.01792;49.46352847
0.01793;49.4765334
0.01794;49.48953055
0.01795;49.50251995
0.01796;49.51550159
0.01797;49.52847549
0.01798;49.54144164
0.01799;49.55440006
0.018;49.56735076
0.01801;49.58029373
0.01802;49.59322899
0.01803;49.60615655
0.01804;49.61907641
0.01805;49.63198857
0.01806;49.64489304
0.01807;49.65778984
0.01808;49.67067897
0.01809;49.68356042
0.0181;49.69643422
0.01811;49.70930037
0.01812;49.72215887
0.01813;49.73500973
0.01814;49.74785295
0.01815;49.76068855
0.01816;49.77351653
0.01817;49.7863369
0.01818;49.79914966
0.01819;49.81195482
0.0182;49.82475239
0.01821;49.83754237
0.01822;49.85032478
0.01823;49.8630996
0.01824;49.87586686
0.01825;49.88862656
0.01826;49.90137871
0.01827;49.91412331
0.01828;49.92686037
0.01829;49.93958989
0.0183;49.95231189
0.01831;49.96502637
0.01832;49.97773333
0.01833;49.99043278
0.01834;50.00312473
0.01835;50.01580919
0.01836;50.02848616
0.01837;50.04115564
0.01838;50.05381765
0.01839;50.06647219
0.0184;50.07911927
0.01841;50.09175889
0.01842;50.10439106
0.01843;50.11701578
0.01844;50.12963307
0.01845;50.14224293
0.01846;50.15484537
0.01847;50.16744038
0.01848;50.18002799
0.01849;50.19260819
0.0185;50.20518099
0.01851;50.2177464
0.01852;50.23030442
0.01853;50.24285506
0.01854;50.25539833
0.01855;50.26793423
0.01856;50.28046278
0.01857;50.29298396
0.01858;50.3054978
0.01859;50.3180043
0.0186;50.33050346
0.01861;50.34299529
0.01862;50.3554798
0.01863;50.36795699
0.01864;50.38042688
0.01865;50.39288945
0.01866;50.40534473
0.01867;50.41779272
0.01868;50.43023343
0.01869;50.44266685
0.0187;50.455093
0.01871;50.46751188
0.01872;50.47992351
0.01873;50.49232788
0.01874;50.504725
0.01875;50.51711488
0.01876;50.52949752
0.01877;50.54187294
0.01878;50.55424113
0.01879;50.5666021
0.0188;50.57895586
0.01881;50.59130242
0.01882;50.60364178
0.01883;50.61597395
0.01884;50.62829893
0.01885;50.64061673
0.01886;50.65292735
0.01887;50.66523081
0.01888;50.67752711
0.01889;50.68981625
0.0189;50.70209823
0.01891;50.71437308
0.01892;50.72664079
0.01893;50.73890136
0.01894;50.75115482
0.01895;50.76340115
0.01896;50.77564037
0.01897;50.78787248
0.01898;50.80009748
0.01899;50.8123154
0.019;50.82452622
0.01901;50.83672996
0.01902;50.84892663
0.01903;50.86111622
0.01904;50.87329875
0.01905;50.88547422
0.01906;50.89764263
0.01907;50.909804
0.01908;50.92195832
0.01909;50.93410561
0.0191;50.94624587
0.01911;50.95837911
0.01912;50.97050533
0.01913;50.98262454
0.01914;50.99473674
0.01915;51.00684194
0.01916;51.01894015
0.01917;51.03103137
0.01918;51.04311561
0.01919;51.05519287
0.0192;51.06726316
0.01921;51.07932649
0.01922;51.09138285
0.01923;51.10343227
0.01924;51.11547474
0.01925;51.12751027
0.01926;51.13953886
0.01927;51.15156052
0.01928;51.16357526
0.01929;51.17558308
0.0193;51.18758399
0.01931;51.19957799
0.01932;51.2115651
0.01933;51.22354531
0.01934;51.23551863
0.01935;51.24748506
0.01936;51.25944462
0.01937;51.27139731
0.01938;51.28334314
0.01939;51.2952821
0.0194;51.30721421
0.01941;51.31913947
0.01942;51.33105789
0.01943;51.34296947
0.01944;51.35487422
0.01945;51.36677215
0.01946;51.37866325
0.01947;51.39054754
0.01948;51.40242503
0.01949;51.41429571
0.0195;51.42615959
0.01951;51.43801668
0.01952;51.44986699
0.01953;51.46171052
0.01954;51.47354727
0.01955;51.48537726
0.01956;51.49720048
0.01957;51.50901694
0.01958;51.52082666
0.01959;51.53262962
0.0196;51.54442585
0.01961;51.55621534
0.01962;51.56799811
0.01963;51.57977415
0.01964;51.59154347
0.01965;51.60330608
0.01966;51.61506198
0.01967;51.62681118
0.01968;51.63855369
0.01969;51.6502895
0.0197;51.66201864
0.01971;51.67374109
0.01972;51.68545687
0.01973;51.69716598
0.01974;51.70886843
0.01975;51.72056422
0.01976;51.73225337
0.01977;51.74393586
0.01978;51.75561172
0.01979;51.76728094
0.0198;51.77894353
0.01981;51.7905995
0.01982;51.80224885
0.01983;51.81389159
0.01984;51.82552772
0.01985;51.83715725
0.01986;51.84878019
0.01987;51.86039653
0.01988;51.87200629
0.01989;51.88360947
0.0199;51.89520607
0.01991;51.9067961
0.01992;51.91837958
0.01993;51.92995649
0.01994;51.94152685
0.01995;51.95309066
0.01996;51.96464793
0.01997;51.97619867
0.01998;51.98774287
0.01999;51.99928055
0.02;52.01081171
0.02001;52.02233635
0.02002;52.03385449
0.02003;52.04536612
0.02004;52.05687125
0.02005;52.06836988
0.02006;52.07986203
0.02007;52.0913477
0.02008;52.10282689
0.02009;52.11429961
0.0201;52.12576586
0.02011;52.13722564
0.02012;52.14867898
0.02013;52.16012586
0.02014;52.1715663
0.02015;52.18300029
0.02016;52.19442785
0.02017;52.20584899
0.02018;52.21726369
0.02019;52.22867198
0.0202;52.24007386
0.02021;52.25146932
0.02022;52.26285838
0.02023;52.27424105
0.02024;52.28561732
0.02025;52.2969872
0.02026;52.30835071
0.02027;52.31970783
0.02028;52.33105858
0.02029;52.34240297
0.0203;52.35374099
0.02031;52.36507266
0.02032;52.37639798
0.02033;52.38771695
0.02034;52.39902958
0.02035;52.41033588
0.02036;52.42163584
0.02037;52.43292948
0.02038;52.4442168
0.02039;52.45549781
0.0204;52.4667725
0.02041;52.47804089
0.02042;52.48930298
0.02043;52.50055878
0.02044;52.51180829
0.02045;52.52305151
0.02046;52.53428846
0.02047;52.54551913
0.02048;52.55674353
0.02049;52.56796167
0.0205;52.57917355
0.02051;52.59037918
0.02052;52.60157856
0.02053;52.6127717
0.02054;52.62395859
0.02055;52.63513926
0.02056;52.64631369
0.02057;52.65748191
0.02058;52.6686439
0.02059;52.67979969
0.0206;52.69094926
0.02061;52.70209264
0.02062;52.71322981
0.02063;52.72436079
0.02064;52.73548559
0.02065;52.7466042
0.02066;52.75771663
0.02067;52.76882289
0.02068;52.77992299
0.02069;52.79101692
0.0207;52.80210469
0.02071;52.81318631
0.02072;52.82426179
0.02073;52.83533112
0.02074;52.84639431
0.02075;52.85745137
0.02076;52.8685023
0.02077;52.87954711
0.02078;52.8905858
0.02079;52.90161838
0.0208;52.91264485
0.02081;52.92366522
0.02082;52.93467949
0.02083;52.94568766
0.02084;52.95668975
0.02085;52.96768575
0.02086;52.97867568
0.02087;52.98965953
0.02088;53.00063731
0.02089;53.01160903
0.0209;53.02257469
0.02091;53.0335343
0.02092;53.04448785
0.02093;53.05543536
0.02094;53.06637684
0.02095;53.07731227
0.02096;53.08824168
0.02097;53.09916507
0.02098;53.11008243
0.02099;53.12099378
0.021;53.13189911
0.02101;53.14279844
0.02102;53.15369177
0.02103;53.16457911
0.02104;53.17546045
0.02105;53.18633581
0.02106;53.19720518
0.02107;53.20806858
0.02108;53.21892601
0.02109;53.22977747
0.0211;53.24062296
0.02111;53.2514625
0.02112;53.26229609
0.02113;53.27312373
0.02114;53.28394542
0.02115;53.29476118
0.02116;53.305571
0.02117;53.31637489
0.02118;53.32717286
0.02119;53.33796491
0.0212;53.34875104
0.02121;53.35953126
0.02122;53.37030558
0.02123;53.381074
0.02124;53.39183652
0.02125;53.40259315
0.02126;53.41334389
0.02127;53.42408875
0.02128;53.43482773
0.02129;53.44556085
0.0213;53.45628809
0.02131;53.46700947
0.02132;53.47772499
0.02133;53.48843466
0.02134;53.49913847
0.02135;53.50983645
0.02136;53.52052858
0.02137;53.53121488
0.02138;53.54189534
0.02139;53.55256998
0.0214;53.5632388
0.02141;53.57390181
0.02142;53.584559
0.02143;53.59521038
0.02144;53.60585596
0.02145;53.61649574
0.02146;53.62712973
0.02147;53.63775792
0.02148;53.64838034
0.02149;53.65899697
0.0215;53.66960783
0.02151;53.68021292
0.02152;53.69081224
0.02153;53.7014058
0.02154;53.7119936
0.02155;53.72257565
0.02156;53.73315195
0.02157;53.74372251
0.02158;53.75428733
0.02159;53.76484641
0.0216;53.77539977
0.02161;53.7859474
0.02162;53.7964893
0.02163;53.8070255
0.02164;53.81755598
0.02165;53.82808075
0.02166;53.83859982
0.02167;53.84911319
0.02168;53.85962087
0.02169;53.87012286
0.0217;53.88061916
0.02171;53.89110978
0.02172;53.90159473
0.02173;53.91207401
0.02174;53.92254762
0.02175;53.93301556
0.02176;53.94347785
0.02177;53.95393449
0.02178;53.96438547
0.02179;53.97483081
0.0218;53.98527051
0.02181;53.99570458
0.02182;54.00613301
0.02183;54.01655582
0.02184;54.026973
0.02185;54.03738457
0.02186;54.04779052
0.02187;54.05819086
0.02188;54.0685856
0.02189;54.07897474
0.0219;54.08935828
0.02191;54.09973623
0.02192;54.11010859
0.02193;54.12047537
0.02194;54.13083657
0.02195;54.14119219
0.02196;54.15154225
0.02197;54.16188674
0.02198;54.17222567
0.02199;54.18255904
0.022;54.19288686
0.02201;54.20320913
0.02202;54.21352586
0.02203;54.22383705
0.02204;54.2341427
0.02205;54.24444282
0.02206;54.25473742
0.02207;54.26502649
0.02208;54.27531005
0.02209;54.28558809
0.0221;54.29586062
0.02211;54.30612765
0.02212;54.31638918
0.02213;54.32664521
0.02214;54.33689575
0.02215;54.3471408
0.02216;54.35738036
0.02217;54.36761445
0.02218;54.37784306
0.02219;54.38806621
0.0222;54.39828388
0.02221;54.4084961
0.02222;54.41870285
0.02223;54.42890415
0.02224;54.4391
0.02225;54.44929041
0.02226;54.45947538
0.02227;54.4696549
0.02228;54.479829
0.02229;54.48999767
0.0223;54.50016091
0.02231;54.51031873
0.02232;54.52047114
0.02233;54.53061814
0.02234;54.54075972
0.02235;54.55089591
0.02236;54.5610267
0.02237;54.57115209
0.02238;54.58127209
0.02239;54.5913867
0.0224;54.60149593
0.02241;54.61159979
0.02242;54.62169827
0.02243;54.63179138
0.02244;54.64187912
0.02245;54.6519615
0.02246;54.66203853
0.02247;54.6721102
0.02248;54.68217652
0.02249;54.6922375
0.0225;54.70229313
0.02251;54.71234343
0.02252;54.7223884
0.02253;54.73242804
0.02254;54.74246235
0.02255;54.75249135
0.02256;54.76251503
0.02257;54.77253339
0.02258;54.78254645
0.02259;54.7925542
0.0226;54.80255666
0.02261;54.81255382
0.02262;54.82254568
0.02263;54.83253226
0.02264;54.84251356
0.02265;54.85248957
0.02266;54.86246031
0.02267;54.87242578
0.02268;54.88238598
0.02269;54.89234092
0.0227;54.9022906
0.02271;54.91223502
0.02272;54.92217419
0.02273;54.93210812
0.02274;54.9420368
0.02275;54.95196025
0.02276;54.96187845
0.02277;54.97179143
0.02278;54.98169918
0.02279;54.99160171
0.0228;55.00149901
0.02281;55.01139111
0.02282;55.02127799
0.02283;55.03115966
0.02284;55.04103614
0.02285;55.05090741
0.02286;55.06077349
0.02287;55.07063437
0.02288;55.08049007
0.02289;55.09034059
0.0229;55.10018592
0.02291;55.11002608
0.02292;55.11986107
0.02293;55.1296909
0.02294;55.13951555
0.02295;55.14933505
0.02296;55.1591494
0.02297;55.16895859
0.02298;55.17876263
0.02299;55.18856153
0.023;55.19835529
0.02301;55.20814392
0.02302;55.21792741
0.02303;55.22770578
0.02304;55.23747902
0.02305;55.24724714
0.02306;55.25701014
0.02307;55.26676803
0.02308;55.27652081
0.02309;55.28626849
0.0231;55.29601107
0.02311;55.30574855
0.02312;55.31548093
0.02313;55.32520823
0.02314;55.33493044
0.02315;55.34464757
0.02316;55.35435962
0.02317;55.3640666
0.02318;55.37376851
0.02319;55.38346535
0.0232;55.39315713
0.02321;55.40284385
0.02322;55.41252552
0.02323;55.42220214
0.02324;55.43187371
0.02325;55.44154023
0.02326;55.45120172
0.02327;55.46085817
0.02328;55.47050959
0.02329;55.48015598
0.0233;55.48979735
0.02331;55.4994337
0.02332;55.50906503
0.02333;55.51869134
0.02334;55.52831265
0.02335;55.53792896
0.02336;55.54754026
0.02337;55.55714656
0.02338;55.56674787
0.02339;55.5763442
0.0234;55.58593553
0.02341;55.59552188
0.02342;55.60510326
0.02343;55.61467965
0.02344;55.62425108
0.02345;55.63381754
0.02346;55.64337904
0.02347;55.65293557
0.02348;55.66248715
0.02349;55.67203378
0.0235;55.68157546
0.02351;55.69111219
0.02352;55.70064398
0.02353;55.71017083
0.02354;55.71969275
0.02355;55.72920974
0.02356;55.73872181
0.02357;55.74822895
0.02358;55.75773117
0.02359;55.76722847
0.0236;55.77672086
0.02361;55.78620835
0.02362;55.79569093
0.02363;55.80516861
0.02364;55.81464139
0.02365;55.82410928
0.02366;55.83357228
0.02367;55.8430304
0.02368;55.85248363
0.02369;55.86193198
0.0237;55.87137546
0.02371;55.88081407
0.02372;55.89024781
0.02373;55.89967668
0.02374;55.90910069
0.02375;55.91851985
0.02376;55.92793416
0.02377;55.93734361
0.02378;55.94674822
0.02379;55.95614798
0.0238;55.96554291
0.02381;55.974933
0.02382;55.98431826
0.02383;55.9936987
0.02384;56.0030743
0.02385;56.01244509
0.02386;56.02181106
0.02387;56.03117222
0.02388;56.04052857
0.02389;56.04988011
0.0239;56.05922684
0.02391;56.06856878
0.02392;56.07790593
0.02393;56.08723828
0.02394;56.09656584
0.02395;56.10588862
0.02396;56.11520661
0.02397;56.12451983
0.02398;56.13382827
0.02399;56.14313195
0.024;56.15243085
0.02401;56.161725
0.02402;56.17101438
0.02403;56.180299
0.02404;56.18957888
0.02405;56.198854
0.02406;56.20812438
0.02407;56.21739001
0.02408;56.22665091
0.02409;56.23590707
0.0241;56.2451585
0.02411;56.2544052
0.02412;56.26364717
0.02413;56.27288443
0.02414;56.28211696
0.02415;56.29134479
0.02416;56.3005679
0.02417;56.3097863
0.02418;56.319
0.02419;56.328209
0.0242;56.3374133
0.02421;56.34661291
0.02422;56.35580783
0.02423;56.36499806
0.02424;56.37418361
0.02425;56.38336448
0.02426;56.39254067
0.02427;56.40171219
0.02428;56.41087904
0.02429;56.42004123
0.0243;56.42919875
0.02431;56.43835161
0.02432;56.44749982
0.02433;56.45664338
0.02434;56.46578228
0.02435;56.47491655
0.02436;56.48404617
0.02437;56.49317115
0.02438;56.50229149
0.02439;56.51140721
0.0244;56.5205183
0.02441;56.52962476
0.02442;56.5387266
0.02443;56.54782382
0.02444;56.55691643
0.02445;56.56600443
0.02446;56.57508782
0.02447;56.5841666
0.02448;56.59324079
0.02449;56.60231038
0.0245;56.61137537
0.02451;56.62043577
0.02452;56.62949158
0.02453;56.63854281
0.02454;56.64758946
0.02455;56.65663153
0.02456;56.66566903
0.02457;56.67470196
0.02458;56.68373032
0.02459;56.69275411
0.0246;56.70177335
0.02461;56.71078802
0.02462;56.71979815
0.02463;56.72880372
0.02464;56.73780474
0.02465;56.74680122
0.02466;56.75579316
0.02467;56.76478057
0.02468;56.77376344
0.02469;56.78274177
0.0247;56.79171559
0.02471;56.80068487
0.02472;56.80964964
0.02473;56.81860989
0.02474;56.82756562
0.02475;56.83651684
0.02476;56.84546356
0.02477;56.85440577
0.02478;56.86334348
0.02479;56.87227669
0.0248;56.88120541
0.02481;56.89012964
0.02482;56.89904937
0.02483;56.90796463
0.02484;56.9168754
0.02485;56.92578169
0.02486;56.93468351
0.02487;56.94358086
0.02488;56.95247374
0.02489;56.96136215
0.0249;56.9702461
0.02491;56.9791256
0.02492;56.98800064
0.02493;56.99687122
0.02494;57.00573736
0.02495;57.01459905
0.02496;57.0234563
0.02497;57.03230911
0.02498;57.04115748
0.02499;57.05000142
0.025;57.05884093
0.02501;57.06767601
0.02502;57.07650668
0.02503;57.08533292
0.02504;57.09415474
0.02505;57.10297215
0.02506;57.11178515
0.02507;57.12059374
0.02508;57.12939793
0.02509;57.13819772
0.0251;57.14699311
0.02511;57.15578411
0.02512;57.16457071
0.02513;57.17335293
0.02514;57.18213076
0.02515;57.19090421
0.02516;57.19967328
0.02517;57.20843798
0.02518;57.2171983
0.02519;57.22595426
0.0252;57.23470585
0.02521;57.24345307
0.02522;57.25219594
0.02523;57.26093445
0.02524;57.2696686
0.02525;57.27839841
0.02526;57.28712387
0.02527;57.29584498
0.02528;57.30456176
0.02529;57.31327419
0.0253;57.32198229
0.02531;57.33068606
0.02532;57.33938551
0.02533;57.34808062
0.02534;57.35677142
0.02535;57.36545789
0.02536;57.37414005
0.02537;57.3828179
0.02538;57.39149143
0.02539;57.40016066
0.0254;57.40882559
0.02541;57.41748622
0.02542;57.42614255
0.02543;57.43479458
0.02544;57.44344232
0.02545;57.45208578
0.02546;57.46072495
0.02547;57.46935984
0.02548;57.47799045
0.02549;57.48661678
0.0255;57.49523884
0.02551;57.50385663
0.02552;57.51247016
0.02553;57.52107942
0.02554;57.52968442
0.02555;57.53828516
0.02556;57.54688165
0.02557;57.55547389
0.02558;57.56406187
0.02559;57.57264562
0.0256;57.58122512
0.02561;57.58980038
0.02562;57.59837141
0.02563;57.6069382
0.02564;57.61550076
0.02565;57.6240591
0.02566;57.63261321
0.02567;57.6411631
0.02568;57.64970877
0.02569;57.65825023
0.0257;57.66678747
0.02571;57.67532051
0.02572;57.68384933
0.02573;57.69237396
0.02574;57.70089439
0.02575;57.70941062
0.02576;57.71792265
0.02577;57.72643049
0.02578;57.73493415
0.02579;57.74343362
0.0258;57.75192891
0.02581;57.76042002
0.02582;57.76890695
0.02583;57.77738971
0.02584;57.7858683
0.02585;57.79434272
0.02586;57.80281298
0.02587;57.81127908
0.02588;57.81974101
0.02589;57.8281988
0.0259;57.83665243
0.02591;57.84510191
0.02592;57.85354724
0.02593;57.86198843
0.02594;57.87042548
0.02595;57.87885839
0.02596;57.88728717
0.02597;57.89571181
0.02598;57.90413232
0.02599;57.91254871
0.026;57.92096098
0.02601;57.92936912
0.02602;57.93777315
0.02603;57.94617307
0.02604;57.95456887
0.02605;57.96296056
0.02606;57.97134815
0.02607;57.97973163
0.02608;57.98811102
0.02609;57.99648631
0.0261;58.0048575
0.02611;58.0132246
0.02612;58.02158762
0.02613;58.02994655
0.02614;58.03830139
0.02615;58.04665216
0.02616;58.05499885
0.02617;58.06334146
0.02618;58.07168001
0.02619;58.08001448
0.0262;58.08834489
0.02621;58.09667124
0.02622;58.10499353
0.02623;58.11331176
0.02624;58.12162594
0.02625;58.12993607
0.02626;58.13824215
0.02627;58.14654418
0.02628;58.15484217
0.02629;58.16313612
0.0263;58.17142604
0.02631;58.17971192
0.02632;58.18799376
0.02633;58.19627159
0.02634;58.20454538
0.02635;58.21281515
0.02636;58.22108091
0.02637;58.22934264
0.02638;58.23760036
0.02639;58.24585407
0.0264;58.25410378
0.02641;58.26234947
0.02642;58.27059117
0.02643;58.27882886
0.02644;58.28706255
0.02645;58.29529226
0.02646;58.30351796
0.02647;58.31173968
0.02648;58.31995742
0.02649;58.32817117
0.0265;58.33638094
0.02651;58.34458673
0.02652;58.35278855
0.02653;58.3609864
0.02654;58.36918027
0.02655;58.37737018
0.02656;58.38555613
0.02657;58.39373811
0.02658;58.40191614
0.02659;58.41009021
0.0266;58.41826032
0.02661;58.42642649
0.02662;58.43458871
0.02663;58.44274699
0.02664;58.45090132
0.02665;58.45905171
0.02666;58.46719817
0.02667;58.4753407
0.02668;58.48347929
0.02669;58.49161396
0.0267;58.4997447
0.02671;58.50787151
0.02672;58.51599441
0.02673;58.52411339
0.02674;58.53222846
0.02675;58.54033961
0.02676;58.54844686
0.02677;58.5565502
0.02678;58.56464963
0.02679;58.57274517
0.0268;58.58083681
0.02681;58.58892455
0.02682;58.5970084
0.02683;58.60508836
0.02684;58.61316443
0.02685;58.62123661
0.02686;58.62930492
0.02687;58.63736934
0.02688;58.64542989
0.02689;58.65348657
0.0269;58.66153937
0.02691;58.66958831
0.02692;58.67763338
0.02693;58.68567458
0.02694;58.69371193
0.02695;58.70174542
0.02696;58.70977505
0.02697;58.71780083
0.02698;58.72582276
0.02699;58.73384085
0.027;58.74185509
0.02701;58.74986549
0.02702;58.75787205
0.02703;58.76587477
0.02704;58.77387366
0.02705;58.78186871
0.02706;58.78985994
0.02707;58.79784735
0.02708;58.80583093
0.02709;58.81381069
0.0271;58.82178663
0.02711;58.82975875
0.02712;58.83772707
0.02713;58.84569157
0.02714;58.85365227
0.02715;58.86160916
0.02716;58.86956225
0.02717;58.87751153
0.02718;58.88545703
0.02719;58.89339873
0.0272;58.90133663
0.02721;58.90927075
0.02722;58.91720108
0.02723;58.92512763
0.02724;58.93305039
0.02725;58.94096938
0.02726;58.94888459
0.02727;58.95679603
0.02728;58.96470369
0.02729;58.97260759
0.0273;58.98050772
0.02731;58.98840409
0.02732;58.9962967
0.02733;59.00418555
0.02734;59.01207065
0.02735;59.01995199
0.02736;59.02782958
0.02737;59.03570343
0.02738;59.04357353
0.02739;59.05143989
0.0274;59.0593025
0.02741;59.06716138
0.02742;59.07501653
0.02743;59.08286794
0.02744;59.09071562
0.02745;59.09855958
0.02746;59.10639981
0.02747;59.11423632
0.02748;59.12206911
0.02749;59.12989818
0.0275;59.13772354
0.02751;59.14554519
0.02752;59.15336312
0.02753;59.16117735
0.02754;59.16898788
0.02755;59.17679471
0.02756;59.18459783
0.02757;59.19239726
0.02758;59.20019299
0.02759;59.20798504
0.0276;59.21577339
0.02761;59.22355806
0.02762;59.23133904
0.02763;59.23911634
0.02764;59.24688996
0.02765;59.25465991
0.02766;59.26242618
0.02767;59.27018878
0.02768;59.27794771
0.02769;59.28570297
0.0277;59.29345457
0.02771;59.30120251
0.02772;59.30894679
0.02773;59.31668741
0.02774;59.32442438
0.02775;59.3321577
0.02776;59.33988737
0.02777;59.34761339
0.02778;59.35533577
0.02779;59.3630545
0.0278;59.3707696
0.02781;59.37848106
0.02782;59.38618888
0.02783;59.39389308
0.02784;59.40159364
0.02785;59.40929058
0.02786;59.41698389
0.02787;59.42467358
0.02788;59.43235965
0.02789;59.44004211
0.0279;59.44772095
0.02791;59.45539618
0.02792;59.46306779
0.02793;59.4707358
0.02794;59.47840021
0.02795;59.48606101
0.02796;59.49371822
0.02797;59.50137182
0.02798;59.50902183
0.02799;59.51666825
0.028;59.52431108
0.02801;59.53195032
0.02802;59.53958597
0.02803;59.54721805
0.02804;59.55484654
0.02805;59.56247145
0.02806;59.57009279
0.02807;59.57771055
0.02808;59.58532475
0.02809;59.59293537
0.0281;59.60054243
0.02811;59.60814593
0.02812;59.61574586
0.02813;59.62334223
0.02814;59.63093505
0.02815;59.63852432
0.02816;59.64611003
0.02817;59.6536922
0.02818;59.66127081
0.02819;59.66884588
0.0282;59.67641742
0.02821;59.68398541
0.02822;59.69154986
0.02823;59.69911078
0.02824;59.70666816
0.02825;59.71422202
0.02826;59.72177235
0.02827;59.72931915
0.02828;59.73686243
0.02829;59.74440219
0.0283;59.75193843
0.02831;59.75947115
0.02832;59.76700036
0.02833;59.77452606
0.02834;59.78204825
0.02835;59.78956694
0.02836;59.79708212
0.02837;59.8045938
0.02838;59.81210197
0.02839;59.81960666
0.0284;59.82710784
0.02841;59.83460554
0.02842;59.84209974
0.02843;59.84959046
0.02844;59.85707769
0.02845;59.86456144
0.02846;59.8720417
0.02847;59.87951849
0.02848;59.8869918
0.02849;59.89446164
0.0285;59.90192801
0.02851;59.90939091
0.02852;59.91685034
0.02853;59.9243063
0.02854;59.93175881
0.02855;59.93920785
0.02856;59.94665344
0.02857;59.95409557
0.02858;59.96153425
0.02859;59.96896948
0.0286;59.97640126
0.02861;59.98382959
0.02862;59.99125448
0.02863;59.99867593
0.02864;60.00609394
0.02865;60.01350851
0.02866;60.02091965
0.02867;60.02832735
0.02868;60.03573163
0.02869;60.04313247
0.0287;60.0505299
0.02871;60.05792389
0.02872;60.06531447
0.02873;60.07270163
0.02874;60.08008537
0.02875;60.0874657
0.02876;60.09484262
0.02877;60.10221613
0.02878;60.10958623
0.02879;60.11695292
0.0288;60.12431621
0.02881;60.13167611
0.02882;60.1390326
0.02883;60.1463857
0.02884;60.1537354
0.02885;60.16108171
0.02886;60.16842464
0.02887;60.17576417
0.02888;60.18310033
0.02889;60.19043309
0.0289;60.19776248
0.02891;60.20508849
0.02892;60.21241113
0.02893;60.21973039
0.02894;60.22704628
0.02895;60.2343588
0.02896;60.24166796
0.02897;60.24897375
0.02898;60.25627617
0.02899;60.26357524
0.029;60.27087095
0.02901;60.2781633
0.02902;60.2854523
0.02903;60.29273795
0.02904;60.30002025
0.02905;60.30729921
0.02906;60.31457481
0.02907;60.32184708
0.02908;60.32911601
0.02909;60.33638159
0.0291;60.34364385
0.02911;60.35090276
0.02912;60.35815835
0.02913;60.36541061
0.02914;60.37265954
0.02915;60.37990514
0.02916;60.38714743
0.02917;60.39438639
0.02918;60.40162203
0.02919;60.40885436
0.0292;60.41608338
0.02921;60.42330908
0.02922;60.43053147
0.02923;60.43775056
0.02924;60.44496634
0.02925;60.45217882
0.02926;60.45938799
0.02927;60.46659387
0.02928;60.47379645
0.02929;60.48099574
0.0293;60.48819173
0.02931;60.49538444
0.02932;60.50257386
0.02933;60.50975999
0.02934;60.51694284
0.02935;60.5241224
0.02936;60.53129869
0.02937;60.5384717
0.02938;60.54564144
0.02939;60.5528079
0.0294;60.55997109
0.02941;60.56713101
0.02942;60.57428767
0.02943;60.58144106
0.02944;60.58859119
0.02945;60.59573807
0.02946;60.60288168
0.02947;60.61002204
0.02948;60.61715914
0.02949;60.62429299
0.0295;60.6314236
0.02951;60.63855095
0.02952;60.64567506
0.02953;60.65279593
0.02954;60.65991356
0.02955;60.66702795
0.02956;60.6741391
0.02957;60.68124702
0.02958;60.6883517
0.02959;60.69545316
0.0296;60.70255138
0.02961;60.70964639
0.02962;60.71673816
0.02963;60.72382672
0.02964;60.73091205
0.02965;60.73799417
0.02966;60.74507307
0.02967;60.75214876
0.02968;60.75922124
0.02969;60.76629051
0.0297;60.77335657
0.02971;60.78041943
0.02972;60.78747908
0.02973;60.79453553
0.02974;60.80158879
0.02975;60.80863884
0.02976;60.81568571
0.02977;60.82272938
0.02978;60.82976986
0.02979;60.83680715
0.0298;60.84384125
0.02981;60.85087217
0.02982;60.85789991
0.02983;60.86492447
0.02984;60.87194585
0.02985;60.87896405
0.02986;60.88597908
0.02987;60.89299094
0.02988;60.89999963
0.02989;60.90700515
0.0299;60.91400751
0.02991;60.9210067
0.02992;60.92800273
0.02993;60.9349956
0.02994;60.94198531
0.02995;60.94897187
0.02996;60.95595527
0.02997;60.96293552
0.02998;60.96991263
0.02999;60.97688658
0.03;60.98385739
0.03001;60.99082506
0.03002;60.99778959
0.03003;61.00475097
0.03004;61.01170922
0.03005;61.01866434
0.03006;61.02561632
0.03007;61.03256517
0.03008;61.03951089
0.03009;61.04645349
0.0301;61.05339296
0.03011;61.0603293
0.03012;61.06726253
0.03013;61.07419264
0.03014;61.08111962
0.03015;61.0880435
0.03016;61.09496426
0.03017;61.10188191
0.03018;61.10879645
0.03019;61.11570789
0.0302;61.12261622
0.03021;61.12952145
0.03022;61.13642357
0.03023;61.1433226
0.03024;61.15021853
0.03025;61.15711137
0.03026;61.16400111
0.03027;61.17088776
0.03028;61.17777133
0.03029;61.1846518
0.0303;61.19152919
0.03031;61.1984035
0.03032;61.20527473
0.03033;61.21214288
0.03034;61.21900795
0.03035;61.22586994
0.03036;61.23272887
0.03037;61.23958472
0.03038;61.2464375
0.03039;61.25328721
0.0304;61.26013386
0.03041;61.26697745
0.03042;61.27381798
0.03043;61.28065544
0.03044;61.28748985
0.03045;61.29432121
0.03046;61.30114951
0.03047;61.30797475
0.03048;61.31479695
0.03049;61.3216161
0.0305;61.32843221
0.03051;61.33524527
0.03052;61.34205529
0.03053;61.34886227
0.03054;61.35566622
0.03055;61.36246712
0.03056;61.36926499
0.03057;61.37605984
0.03058;61.38285165
0.03059;61.38964043
0.0306;61.39642618
0.03061;61.40320892
0.03062;61.40998863
0.03063;61.41676532
0.03064;61.42353899
0.03065;61.43030964
0.03066;61.43707728
0.03067;61.44384191
0.03068;61.45060352
0.03069;61.45736213
0.0307;61.46411773
0.03071;61.47087032
0.03072;61.47761992
0.03073;61.48436651
0.03074;61.4911101
0.03075;61.49785069
0.03076;61.50458829
0.03077;61.5113229
0.03078;61.51805451
0.03079;61.52478313
0.0308;61.53150877
0.03081;61.53823142
0.03082;61.54495108
0.03083;61.55166777
0.03084;61.55838147
0.03085;61.56509219
0.03086;61.57179994
0.03087;61.57850471
0.03088;61.58520652
0.03089;61.59190535
0.0309;61.59860121
0.03091;61.6052941
0.03092;61.61198403
0.03093;61.61867099
0.03094;61.625355
0.03095;61.63203604
0.03096;61.63871413
0.03097;61.64538926
0.03098;61.65206144
0.03099;61.65873066
0.031;61.66539694
0.03101;61.67206026
0.03102;61.67872065
0.03103;61.68537808
0.03104;61.69203257
0.03105;61.69868413
0.03106;61.70533274
0.03107;61.71197841
0.03108;61.71862115
0.03109;61.72526096
0.0311;61.73189784
0.03111;61.73853178
0.03112;61.7451628
0.03113;61.75179089
0.03114;61.75841606
0.03115;61.76503831
0.03116;61.77165763
0.03117;61.77827404
0.03118;61.78488753
0.03119;61.7914981
0.0312;61.79810576
0.03121;61.80471051
0.03122;61.81131236
0.03123;61.81791129
0.03124;61.82450732
0.03125;61.83110044
0.03126;61.83769066
0.03127;61.84427798
0.03128;61.85086241
0.03129;61.85744393
0.0313;61.86402256
0.03131;61.8705983
0.03132;61.87717115
0.03133;61.88374111
0.03134;61.89030818
0.03135;61.89687236
0.03136;61.90343366
0.03137;61.90999208
0.03138;61.91654762
0.03139;61.92310028
0.0314;61.92965006
0.03141;61.93619697
0.03142;61.942741
0.03143;61.94928217
0.03144;61.95582046
0.03145;61.96235589
0.03146;61.96888845
0.03147;61.97541815
0.03148;61.98194498
0.03149;61.98846896
0.0315;61.99499007
0.03151;62.00150833
0.03152;62.00802373
0.03153;62.01453628
0.03154;62.02104598
0.03155;62.02755283
0.03156;62.03405683
0.03157;62.04055799
0.03158;62.0470563
0.03159;62.05355177
0.0316;62.06004439
0.03161;62.06653418
0.03162;62.07302113
0.03163;62.07950525
0.03164;62.08598653
0.03165;62.09246498
0.03166;62.0989406
0.03167;62.10541339
0.03168;62.11188335
0.03169;62.11835049
0.0317;62.12481481
0.03171;62.13127631
0.03172;62.13773498
0.03173;62.14419084
0.03174;62.15064388
0.03175;62.15709411
0.03176;62.16354152
0.03177;62.16998613
0.03178;62.17642792
0.03179;62.18286691
0.0318;62.18930309
0.03181;62.19573647
0.03182;62.20216704
0.03183;62.20859482
0.03184;62.2150198
0.03185;62.22144198
0.03186;62.22786136
0.03187;62.23427795
0.03188;62.24069175
0.03189;62.24710277
0.0319;62.25351099
0.03191;62.25991642
0.03192;62.26631907
0.03193;62.27271894
0.03194;62.27911603
0.03195;62.28551034
0.03196;62.29190187
0.03197;62.29829062
0.03198;62.3046766
0.03199;62.3110598
0.032;62.31744024
0.03201;62.32381791
0.03202;62.3301928
0.03203;62.33656494
0.03204;62.34293431
0.03205;62.34930091
0.03206;62.35566476
0.03207;62.36202585
0.03208;62.36838418
0.03209;62.37473975
0.0321;62.38109257
0.03211;62.38744264
0.03212;62.39378996
0.03213;62.40013453
0.03214;62.40647635
0.03215;62.41281543
0.03216;62.41915176
0.03217;62.42548536
0.03218;62.43181621
0.03219;62.43814432
0.0322;62.4444697
0.03221;62.45079234
0.03222;62.45711225
0.03223;62.46342942
0.03224;62.46974387
0.03225;62.47605559
0.03226;62.48236458
0.03227;62.48867084
0.03228;62.49497439
0.03229;62.50127521
0.0323;62.50757331
0.03231;62.51386869
0.03232;62.52016136
0.03233;62.52645131
0.03234;62.53273855
0.03235;62.53902308
0.03236;62.54530489
0.03237;62.551584
0.03238;62.5578604
0.03239;62.5641341
0.0324;62.57040509
0.03241;62.57667338
0.03242;62.58293898
0.03243;62.58920187
0.03244;62.59546207
0.03245;62.60171957
0.03246;62.60797438
0.03247;62.6142265
0.03248;62.62047592
0.03249;62.62672266
0.0325;62.63296672
0.03251;62.63920808
0.03252;62.64544677
0.03253;62.65168277
0.03254;62.65791609
0.03255;62.66414673
0.03256;62.6703747
0.03257;62.67659999
0.03258;62.68282261
0.03259;62.68904256
0.0326;62.69525983
0.03261;62.70147444
0.03262;62.70768638
0.03263;62.71389566
0.03264;62.72010227
0.03265;62.72630622
0.03266;62.7325075
0.03267;62.73870613
0.03268;62.74490211
0.03269;62.75109542
0.0327;62.75728609
0.03271;62.7634741
0.03272;62.76965946
0.03273;62.77584217
0.03274;62.78202223
0.03275;62.78819965
0.03276;62.79437442
0.03277;62.80054655
0.03278;62.80671604
0.03279;62.81288289
0.0328;62.81904711
0.03281;62.82520868
0.03282;62.83136762
0.03283;62.83752393
0.03284;62.84367761
0.03285;62.84982866
0.03286;62.85597708
0.03287;62.86212287
0.03288;62.86826604
0.03289;62.87440658
0.0329;62.8805445
0.03291;62.88667981
0.03292;62.89281249
0.03293;62.89894256
0.03294;62.90507001
0.03295;62.91119485
0.03296;62.91731707
0.03297;62.92343669
0.03298;62.9295537
0.03299;62.93566809
0.033;62.94177989
0.03301;62.94788908
0.03302;62.95399566
0.03303;62.96009965
0.03304;62.96620103
0.03305;62.97229982
0.03306;62.97839601
0.03307;62.9844896
0.03308;62.99058061
0.03309;62.99666902
0.0331;63.00275484
0.03311;63.00883807
0.03312;63.01491872
0.03313;63.02099678
0.03314;63.02707225
0.03315;63.03314515
0.03316;63.03921546
0.03317;63.0452832
0.03318;63.05134835
0.03319;63.05741093
0.0332;63.06347094
0.03321;63.06952837
0.03322;63.07558324
0.03323;63.08163553
0.03324;63.08768525
0.03325;63.09373241
0.03326;63.099777
0.03327;63.10581903
0.03328;63.1118585
0.03329;63.11789541
0.0333;63.12392975
0.03331;63.12996154
0.03332;63.13599078
0.03333;63.14201746
0.03334;63.14804158
0.03335;63.15406316
0.03336;63.16008219
0.03337;63.16609867
0.03338;63.1721126
0.03339;63.17812398
0.0334;63.18413283
0.03341;63.19013913
0.03342;63.19614289
0.03343;63.20214411
0.03344;63.2081428
0.03345;63.21413894
0.03346;63.22013256
0.03347;63.22612364
0.03348;63.23211219
0.03349;63.23809821
0.0335;63.2440817
0.03351;63.25006267
0.03352;63.25604111
0.03353;63.26201703
0.03354;63.26799042
0.03355;63.27396129
0.03356;63.27992965
0.03357;63.28589549
0.03358;63.29185881
0.03359;63.29781961
0.0336;63.30377791
0.03361;63.30973369
0.03362;63.31568696
0.03363;63.32163772
0.03364;63.32758598
0.03365;63.33353173
0.03366;63.33947498
0.03367;63.34541572
0.03368;63.35135396
0.03369;63.35728971
0.0337;63.36322295
0.03371;63.3691537
0.03372;63.37508195
0.03373;63.38100771
0.03374;63.38693098
0.03375;63.39285176
0.03376;63.39877005
0.03377;63.40468585
0.03378;63.41059916
0.03379;63.41650999
0.0338;63.42241834
0.03381;63.42832421
0.03382;63.43422759
0.03383;63.4401285
0.03384;63.44602693
0.03385;63.45192288
0.03386;63.45781636
0.03387;63.46370737
0.03388;63.4695959
0.03389;63.47548197
0.0339;63.48136556
0.03391;63.48724669
0.03392;63.49312536
0.03393;63.49900156
0.03394;63.5048753
0.03395;63.51074657
0.03396;63.51661539
0.03397;63.52248175
0.03398;63.52834565
0.03399;63.5342071
0.034;63.5400661
0.03401;63.54592264
0.03402;63.55177673
0.03403;63.55762837
0.03404;63.56347757
0.03405;63.56932431
0.03406;63.57516862
0.03407;63.58101048
0.03408;63.58684989
0.03409;63.59268687
0.0341;63.59852141
0.03411;63.60435351
0.03412;63.61018317
0.03413;63.6160104
0.03414;63.6218352
0.03415;63.62765756
0.03416;63.6334775
0.03417;63.639295
0.03418;63.64511008
0.03419;63.65092273
0.0342;63.65673296
0.03421;63.66254076
0.03422;63.66834614
0.03423;63.6741491
0.03424;63.67994964
0.03425;63.68574777
0.03426;63.69154348
0.03427;63.69733677
0.03428;63.70312765
0.03429;63.70891612
0.0343;63.71470218
0.03431;63.72048583
0.03432;63.72626707
0.03433;63.73204591
0.03434;63.73782234
0.03435;63.74359637
0.03436;63.74936799
0.03437;63.75513722
0.03438;63.76090405
0.03439;63.76666848
0.0344;63.77243051
0.03441;63.77819015
0.03442;63.78394739
0.03443;63.78970225
0.03444;63.79545471
0.03445;63.80120479
0.03446;63.80695247
0.03447;63.81269777
0.03448;63.81844069
0.03449;63.82418122
0.0345;63.82991937
0.03451;63.83565514
0.03452;63.84138853
0.03453;63.84711954
0.03454;63.85284818
0.03455;63.85857444
0.03456;63.86429833
0.03457;63.87001984
0.03458;63.87573899
0.03459;63.88145576
0.0346;63.88717017
0.03461;63.89288221
0.03462;63.89859189
0.03463;63.9042992
0.03464;63.91000415
0.03465;63.91570674
0.03466;63.92140696
0.03467;63.92710483
0.03468;63.93280035
0.03469;63.93849351
0.0347;63.94418431
0.03471;63.94987276
0.03472;63.95555886
0.03473;63.96124261
0.03474;63.96692401
0.03475;63.97260306
0.03476;63.97827977
0.03477;63.98395414
0.03478;63.98962616
0.03479;63.99529584
0.0348;64.00096317
0.03481;64.00662817
0.03482;64.01229083
0.03483;64.01795116
0.03484;64.02360915
0.03485;64.02926481
0.03486;64.03491813
0.03487;64.04056913
0.03488;64.04621779
0.03489;64.05186413
0.0349;64.05750814
0.03491;64.06314983
0.03492;64.06878919
0.03493;64.07442622
0.03494;64.08006094
0.03495;64.08569334
0.03496;64.09132342
0.03497;64.09695118
0.03498;64.10257663
0.03499;64.10819976
0.035;64.11382058
0.03501;64.11943908
0.03502;64.12505528
0.03503;64.13066917
0.03504;64.13628074
0.03505;64.14189002
0.03506;64.14749699
0.03507;64.15310165
0.03508;64.15870401
0.03509;64.16430407
0.0351;64.16990183
0.03511;64.1754973
0.03512;64.18109046
0.03513;64.18668133
0.03514;64.19226991
0.03515;64.19785619
0.03516;64.20344019
0.03517;64.20902189
0.03518;64.2146013
0.03519;64.22017842
0.0352;64.22575326
0.03521;64.23132582
0.03522;64.23689609
0.03523;64.24246407
0.03524;64.24802978
0.03525;64.25359321
0.03526;64.25915436
0.03527;64.26471323
0.03528;64.27026982
0.03529;64.27582415
0.0353;64.2813762
0.03531;64.28692597
0.03532;64.29247348
0.03533;64.29801872
0.03534;64.30356169
0.03535;64.30910239
0.03536;64.31464083
0.03537;64.320177
0.03538;64.32571091
0.03539;64.33124256
0.0354;64.33677196
0.03541;64.34229909
0.03542;64.34782396
0.03543;64.35334658
0.03544;64.35886695
0.03545;64.36438506
0.03546;64.36990092
0.03547;64.37541452
0.03548;64.38092588
0.03549;64.38643499
0.0355;64.39194186
0.03551;64.39744648
0.03552;64.40294885
0.03553;64.40844898
0.03554;64.41394687
0.03555;64.41944252
0.03556;64.42493593
0.03557;64.4304271
0.03558;64.43591604
0.03559;64.44140274
0.0356;64.44688721
0.03561;64.45236944
0.03562;64.45784944
0.03563;64.46332722
0.03564;64.46880276
0.03565;64.47427608
0.03566;64.47974717
0.03567;64.48521603
0.03568;64.49068267
0.03569;64.49614709
0.0357;64.50160929
0.03571;64.50706927
0.03572;64.51252703
0.03573;64.51798258
0.03574;64.5234359
0.03575;64.52888702
0.03576;64.53433592
0.03577;64.5397826
0.03578;64.54522708
0.03579;64.55066935
0.0358;64.5561094
0.03581;64.56154726
0.03582;64.5669829
0.03583;64.57241634
0.03584;64.57784758
0.03585;64.58327662
0.03586;64.58870345
0.03587;64.59412809
0.03588;64.59955053
0.03589;64.60497077
0.0359;64.61038881
0.03591;64.61580467
0.03592;64.62121832
0.03593;64.62662979
0.03594;64.63203907
0.03595;64.63744615
0.03596;64.64285105
0.03597;64.64825376
0.03598;64.65365429
0.03599;64.65905263
0.036;64.66444879
0.03601;64.66984276
0.03602;64.67523456
0.03603;64.68062418
0.03604;64.68601161
0.03605;64.69139688
0.03606;64.69677996
0.03607;64.70216087
0.03608;64.70753961
0.03609;64.71291618
0.0361;64.71829058
0.03611;64.7236628
0.03612;64.72903286
0.03613;64.73440075
0.03614;64.73976648
0.03615;64.74513004
0.03616;64.75049144
0.03617;64.75585068
0.03618;64.76120775
0.03619;64.76656267
0.0362;64.77191543
0.03621;64.77726603
0.03622;64.78261447
0.03623;64.78796077
0.03624;64.7933049
0.03625;64.79864689
0.03626;64.80398672
0.03627;64.80932441
0.03628;64.81465995
0.03629;64.81999333
0.0363;64.82532458
0.03631;64.83065368
0.03632;64.83598063
0.03633;64.84130544
0.03634;64.84662812
0.03635;64.85194865
0.03636;64.85726704
0.03637;64.8625833
0.03638;64.86789742
0.03639;64.8732094
0.0364;64.87851925
0.03641;64.88382697
0.03642;64.88913256
0.03643;64.89443601
0.03644;64.89973734
0.03645;64.90503654
0.03646;64.91033362
0.03647;64.91562856
0.03648;64.92092139
0.03649;64.92621209
0.0365;64.93150067
0.03651;64.93678713
0.03652;64.94207147
0.03653;64.94735369
0.03654;64.9526338
0.03655;64.95791178
0.03656;64.96318766
0.03657;64.96846142
0.03658;64.97373307
0.03659;64.97900261
0.0366;64.98427004
0.03661;64.98953536
0.03662;64.99479857
0.03663;65.00005968
0.03664;65.00531868
0.03665;65.01057558
0.03666;65.01583037
0.03667;65.02108307
0.03668;65.02633366
0.03669;65.03158215
0.0367;65.03682855
0.03671;65.04207285
0.03672;65.04731506
0.03673;65.05255517
0.03674;65.05779319
0.03675;65.06302911
0.03676;65.06826295
0.03677;65.07349469
0.03678;65.07872435
0.03679;65.08395192
0.0368;65.08917741
0.03681;65.09440081
0.03682;65.09962212
0.03683;65.10484135
0.03684;65.11005851
0.03685;65.11527358
0.03686;65.12048657
0.03687;65.12569749
0.03688;65.13090633
0.03689;65.13611309
0.0369;65.14131778
0.03691;65.14652039
0.03692;65.15172094
0.03693;65.15691941
0.03694;65.16211582
0.03695;65.16731015
0.03696;65.17250242
0.03697;65.17769262
0.03698;65.18288076
0.03699;65.18806683
0.037;65.19325084
0.03701;65.19843279
0.03702;65.20361268
0.03703;65.20879051
0.03704;65.21396628
0.03705;65.21914
0.03706;65.22431166
0.03707;65.22948126
0.03708;65.23464881
0.03709;65.23981431
0.0371;65.24497776
0.03711;65.25013916
0.03712;65.25529851
0.03713;65.26045581
0.03714;65.26561107
0.03715;65.27076428
0.03716;65.27591545
0.03717;65.28106457
0.03718;65.28621165
0.03719;65.29135669
0.0372;65.29649969
0.03721;65.30164065
0.03722;65.30677958
0.03723;65.31191647
0.03724;65.31705132
0.03725;65.32218414
0.03726;65.32731493
0.03727;65.33244369
0.03728;65.33757041
0.03729;65.34269511
0.0373;65.34781778
0.03731;65.35293842
0.03732;65.35805703
0.03733;65.36317362
0.03734;65.36828819
0.03735;65.37340073
0.03736;65.37851125
0.03737;65.38361976
0.03738;65.38872624
0.03739;65.3938307
0.0374;65.39893315
0.03741;65.40403358
0.03742;65.409132
0.03743;65.41422841
0.03744;65.4193228
0.03745;65.42441518
0.03746;65.42950555
0.03747;65.43459391
0.03748;65.43968026
0.03749;65.44476461
0.0375;65.44984695
0.03751;65.45492729
0.03752;65.46000562
0.03753;65.46508195
0.03754;65.47015628
0.03755;65.47522861
0.03756;65.48029894
0.03757;65.48536727
0.03758;65.49043361
0.03759;65.49549795
0.0376;65.50056029
0.03761;65.50562064
0.03762;65.510679
0.03763;65.51573537
0.03764;65.52078975
0.03765;65.52584214
0.03766;65.53089254
0.03767;65.53594095
0.03768;65.54098738
0.03769;65.54603183
0.0377;65.55107429
0.03771;65.55611476
0.03772;65.56115326
0.03773;65.56618978
0.03774;65.57122431
0.03775;65.57625687
0.03776;65.58128746
0.03777;65.58631606
0.03778;65.5913427
0.03779;65.59636735
0.0378;65.60139004
0.03781;65.60641075
0.03782;65.6114295
0.03783;65.61644627
0.03784;65.62146108
0.03785;65.62647392
0.03786;65.63148479
0.03787;65.6364937
0.03788;65.64150065
0.03789;65.64650563
0.0379;65.65150865
0.03791;65.65650971
0.03792;65.66150881
0.03793;65.66650595
0.03794;65.68202932
0.03795;65.69860418
0.03796;65.71517775
0.03797;65.73175003
0.03798;65.74832101
0.03799;65.76489069
0.038;65.78145907
0.03801;65.79802615
0.03802;65.81459193
0.03803;65.83115639
0.03804;65.84771955
0.03805;65.86428139
0.03806;65.88084191
0.03807;65.89740112
0.03808;65.91395901
0.03809;65.93051558
0.0381;65.94707082
0.03811;65.96362473
0.03812;65.98017731
0.03813;65.99672856
0.03814;66.01327848
0.03815;66.02982705
0.03816;66.04637429
0.03817;66.06292019
0.03818;66.07946474
0.03819;66.09600794
0.0382;66.11254979
0.03821;66.12909029
0.03822;66.14562943
0.03823;66.16216722
0.03824;66.17870365
0.03825;66.19523871
0.03826;66.21177241
0.03827;66.22830474
0.03828;66.24483571
0.03829;66.26136529
0.0383;66.27789351
0.03831;66.29442034
0.03832;66.3109458
0.03833;66.32746987
0.03834;66.34399255
0.03835;66.36051385
0.03836;66.37703375
0.03837;66.39355227
0.03838;66.41006938
0.03839;66.4265851
0.0384;66.44309941
0.03841;66.45961232
0.03842;66.47612383
0.03843;66.49263392
0.03844;66.5091426
0.03845;66.52564987
0.03846;66.54215572
0.03847;66.55866015
0.03848;66.57516316
0.03849;66.59166474
0.0385;66.60816489
0.03851;66.62466361
0.03852;66.6411609
0.03853;66.65765675
0.03854;66.67415116
0.03855;66.69064413
0.03856;66.70713566
0.03857;66.72362574
0.03858;66.74011436
0.03859;66.75660154
0.0386;66.77308726
0.03861;66.78957152
0.03862;66.80605432
0.03863;66.82253565
0.03864;66.83901552
0.03865;66.85549391
0.03866;66.87197084
0.03867;66.88844629
0.03868;66.90492026
0.03869;66.92139275
0.0387;66.93786376
0.03871;66.95433328
0.03872;66.97080131
0.03873;66.98726784
0.03874;67.00373288
0.03875;67.02019643
0.03876;67.03665847
0.03877;67.05311901
0.03878;67.06957804
0.03879;67.08603556
0.0388;67.10249157
0.03881;67.11894606
0.03882;67.13539903
0.03883;67.15185049
0.03884;67.16830041
0.03885;67.18474881
0.03886;67.20119568
0.03887;67.21764102
0.03888;67.23408482
0.03889;67.25052708
0.0389;67.26696779
0.03891;67.28340696
0.03892;67.29984459
0.03893;67.31628066
0.03894;67.33271517
0.03895;67.34914813
0.03896;67.36557953
0.03897;67.38200937
0.03898;67.39843763
0.03899;67.41486433
0.039;67.43128946
0.03901;67.447713
0.03902;67.46413497
0.03903;67.48055536
0.03904;67.49697416
0.03905;67.51339138
0.03906;67.529807
0.03907;67.54622103
0.03908;67.56263345
0.03909;67.57904428
0.0391;67.59545351
0.03911;67.61186112
0.03912;67.62826713
0.03913;67.64467152
0.03914;67.6610743
0.03915;67.67747545
0.03916;67.69387498
0.03917;67.71027289
0.03918;67.72666916
0.03919;67.74306381
0.0392;67.75945681
0.03921;67.77584818
0.03922;67.7922379
0.03923;67.80862598
0.03924;67.82501241
0.03925;67.84139719
0.03926;67.85778031
0.03927;67.87416177
0.03928;67.89054156
0.03929;67.9069197
0.0393;67.92329616
0.03931;67.93967095
0.03932;67.95604406
0.03933;67.9724155
0.03934;67.98878525
0.03935;68.00515332
0.03936;68.0215197
0.03937;68.03788438
0.03938;68.05424737
0.03939;68.07060866
0.0394;68.08696824
0.03941;68.10332612
0.03942;68.11968229
0.03943;68.13603675
0.03944;68.15238949
0.03945;68.1687405
0.03946;68.1850898
0.03947;68.20143737
0.03948;68.2177832
0.03949;68.23412731
0.0395;68.25046967
0.03951;68.26681029
0.03952;68.28314917
0.03953;68.2994863
0.03954;68.31582168
0.03955;68.3321553
0.03956;68.34848717
0.03957;68.36481727
0.03958;68.3811456
0.03959;68.39747217
0.0396;68.41379696
0.03961;68.43011997
0.03962;68.44644121
0.03963;68.46276066
0.03964;68.47907832
0.03965;68.49539419
0.03966;68.51170826
0.03967;68.52802054
0.03968;68.54433101
0.03969;68.56063968
0.0397;68.57694653
0.03971;68.59325157
0.03972;68.6095548
0.03973;68.6258562
0.03974;68.64215578
0.03975;68.65845353
0.03976;68.67474944
0.03977;68.69104352
0.03978;68.70733576
0.03979;68.72362616
0.0398;68.73991471
0.03981;68.7562014
0.03982;68.77248624
0.03983;68.78876922
0.03984;68.80505034
0.03985;68.82132959
0.03986;68.83760697
0.03987;68.85388248
0.03988;68.8701561
0.03989;68.88642785
0.0399;68.9026977
0.03991;68.91896567
0.03992;68.93523174
0.03993;68.95149591
0.03994;68.96775818
0.03995;68.98401855
0.03996;69.000277
0.03997;69.01653354
0.03998;69.03278816
0.03999;69.04904086
0.04;69.06529164
0.04001;69.08154048
0.04002;69.09778739
0.04003;69.11403235
0.04004;69.13027538
0.04005;69.14651646
0.04006;69.16275559
0.04007;69.17899276
0.04008;69.19522798
0.04009;69.21146123
0.0401;69.22769251
0.04011;69.24392182
0.04012;69.26014916
0.04013;69.27637451
0.04014;69.29259789
0.04015;69.30881927
0.04016;69.32503866
0.04017;69.34125606
0.04018;69.35747145
0.04019;69.37368484
0.0402;69.38989622
0.04021;69.40610558
0.04022;69.42231293
0.04023;69.43851825
0.04024;69.45472155
0.04025;69.47092281
0.04026;69.48712204
0.04027;69.50331924
0.04028;69.51951438
0.04029;69.53570748
0.0403;69.55189853
0.04031;69.56808751
0.04032;69.58427444
0.04033;69.6004593
0.04034;69.61664209
0.04035;69.6328228
0.04036;69.64900144
0.04037;69.66517799
0.04038;69.68135245
0.04039;69.69752482
0.0404;69.71369509
0.04041;69.72986326
0.04042;69.74602933
0.04043;69.76219328
0.04044;69.77835511
0.04045;69.79451483
0.04046;69.81067242
0.04047;69.82682788
0.04048;69.84298121
0.04049;69.8591324
0.0405;69.87528144
0.04051;69.89142834
0.04052;69.90757308
0.04053;69.92371567
0.04054;69.93985609
0.04055;69.95599435
0.04056;69.97213044
0.04057;69.98826434
0.04058;70.00439607
0.04059;70.02052561
0.0406;70.03665297
0.04061;70.05277812
0.04062;70.06890108
0.04063;70.08502183
0.04064;70.10114037
0.04065;70.11725669
0.04066;70.1333708
0.04067;70.14948268
0.04068;70.16559233
0.04069;70.18169975
0.0407;70.19780493
0.04071;70.21390786
0.04072;70.23000855
0.04073;70.24610697
0.04074;70.26220315
0.04075;70.27829705
0.04076;70.29438869
0.04077;70.31047805
0.04078;70.32656514
0.04079;70.34264993
0.0408;70.35873244
0.04081;70.37481266
0.04082;70.39089057
0.04083;70.40696618
0.04084;70.42303948
0.04085;70.43911047
0.04086;70.45517913
0.04087;70.47124547
0.04088;70.48730948
0.04089;70.50337116
0.0409;70.51943049
0.04091;70.53548747
0.04092;70.55154211
0.04093;70.56759438
0.04094;70.5836443
0.04095;70.59969185
0.04096;70.61573702
0.04097;70.63177982
0.04098;70.64782023
0.04099;70.66385825
0.041;70.67989388
0.04101;70.69592711
0.04102;70.71195794
0.04103;70.72798635
0.04104;70.74401235
0.04105;70.76003592
0.04106;70.77605707
0.04107;70.79207579
0.04108;70.80809207
0.04109;70.8241059
0.0411;70.84011729
0.04111;70.85612622
0.04112;70.87213269
0.04113;70.8881367
0.04114;70.90413823
0.04115;70.92013729
0.04116;70.93613386
0.04117;70.95212795
0.04118;70.96811954
0.04119;70.98410863
0.0412;71.00009522
0.04121;71.01607929
0.04122;71.03206085
0.04123;71.04803988
0.04124;71.06401639
0.04125;71.07999036
0.04126;71.09596179
0.04127;71.11193067
0.04128;71.127897
0.04129;71.14386078
0.0413;71.15982199
0.04131;71.17578063
0.04132;71.19173669
0.04133;71.20769018
0.04134;71.22364107
0.04135;71.23958938
0.04136;71.25553508
0.04137;71.27147817
0.04138;71.28741866
0.04139;71.30335653
0.0414;71.31929177
0.04141;71.33522438
0.04142;71.35115436
0.04143;71.36708169
0.04144;71.38300638
0.04145;71.39892841
0.04146;71.41484778
0.04147;71.43076448
0.04148;71.44667851
0.04149;71.46258986
0.0415;71.47849853
0.04151;71.4944045
0.04152;71.51030778
0.04153;71.52620834
0.04154;71.5421062
0.04155;71.55800134
0.04156;71.57389376
0.04157;71.58978344
0.04158;71.60567039
0.04159;71.6215546
0.0416;71.63743605
0.04161;71.65331475
0.04162;71.66919069
0.04163;71.68506386
0.04164;71.70093425
0.04165;71.71680186
0.04166;71.73266668
0.04167;71.7485287
0.04168;71.76438792
0.04169;71.78024433
0.0417;71.79609793
0.04171;71.8119487
0.04172;71.82779665
0.04173;71.84364176
0.04174;71.85948402
0.04175;71.87532344
0.04176;71.89116
0.04177;71.9069937
0.04178;71.92282452
0.04179;71.93865247
0.0418;71.95447754
0.04181;71.97029971
0.04182;71.98611899
0.04183;72.00193536
0.04184;72.01774882
0.04185;72.03355936
0.04186;72.04936698
0.04187;72.06517166
0.04188;72.08097341
0.04189;72.0967722
0.0419;72.11256805
0.04191;72.12836093
0.04192;72.14415084
0.04193;72.15993778
0.04194;72.17572173
0.04195;72.19150269
0.04196;72.20728066
0.04197;72.22305562
0.04198;72.23882757
0.04199;72.2545965
0.042;72.2703624
0.04201;72.28612527
0.04202;72.3018851
0.04203;72.31764187
0.04204;72.3333956
0.04205;72.34914625
0.04206;72.36489384
0.04207;72.38063835
0.04208;72.39637977
0.04209;72.41211809
0.0421;72.42785332
0.04211;72.44358543
0.04212;72.45931443
0.04213;72.4750403
0.04214;72.49076304
0.04215;72.50648264
0.04216;72.52219909
0.04217;72.53791239
0.04218;72.55362252
0.04219;72.56932948
0.0422;72.58503327
0.04221;72.60073386
0.04222;72.61643126
0.04223;72.63212546
0.04224;72.64781644
0.04225;72.66350421
0.04226;72.67918875
0.04227;72.69487005
0.04228;72.71054811
0.04229;72.72622292
0.0423;72.74189447
0.04231;72.75756276
0.04232;72.77322776
0.04233;72.78888948
0.04234;72.80454791
0.04235;72.82020304
0.04236;72.83585487
0.04237;72.85150337
0.04238;72.86714855
0.04239;72.88279039
0.0424;72.8984289
0.04241;72.91406405
0.04242;72.92969584
0.04243;72.94532426
0.04244;72.96094931
0.04245;72.97657098
0.04246;72.99218925
0.04247;73.00780412
0.04248;73.02341557
0.04249;73.03902361
0.0425;73.05462822
0.04251;73.0702294
0.04252;73.08582713
0.04253;73.1014214
0.04254;73.11701221
0.04255;73.13259955
0.04256;73.14818341
0.04257;73.16376378
0.04258;73.17934065
0.04259;73.19491401
0.0426;73.21048386
0.04261;73.22605018
0.04262;73.24161297
0.04263;73.25717221
0.04264;73.2727279
0.04265;73.28828003
0.04266;73.30382858
0.04267;73.31937356
0.04268;73.33491495
0.04269;73.35045273
0.0427;73.36598691
0.04271;73.38151747
0.04272;73.39704441
0.04273;73.41256771
0.04274;73.42808736
0.04275;73.44360336
0.04276;73.45911569
0.04277;73.47462435
0.04278;73.49012932
0.04279;73.5056306
0.0428;73.52112818
0.04281;73.53662204
0.04282;73.55211219
0.04283;73.5675986
0.04284;73.58308126
0.04285;73.59856018
0.04286;73.61403533
0.04287;73.62950672
0.04288;73.64497432
0.04289;73.66043813
0.0429;73.67589814
0.04291;73.69135433
0.04292;73.70680671
0.04293;73.72225525
0.04294;73.73769995
0.04295;73.7531408
0.04296;73.76857779
0.04297;73.78401091
0.04298;73.79944014
0.04299;73.81486548
0.043;73.83028692
0.04301;73.84570444
0.04302;73.86111804
0.04303;73.87652771
0.04304;73.89193343
0.04305;73.90733519
0.04306;73.92273299
0.04307;73.93812681
0.04308;73.95351665
0.04309;73.96890248
0.0431;73.98428431
0.04311;73.99966212
0.04312;74.0150359
0.04313;74.03040563
0.04314;74.04577132
0.04315;74.06113294
0.04316;74.07649049
0.04317;74.09184396
0.04318;74.10719333
0.04319;74.12253859
0.0432;74.13787973
0.04321;74.15321675
0.04322;74.16854962
0.04323;74.18387834
0.04324;74.1992029
0.04325;74.21452329
0.04326;74.22983949
0.04327;74.24515149
0.04328;74.26045929
0.04329;74.27576287
0.0433;74.29106221
0.04331;74.30635731
0.04332;74.32164816
0.04333;74.33693474
0.04334;74.35221705
0.04335;74.36749506
0.04336;74.38276877
0.04337;74.39803818
0.04338;74.41330325
0.04339;74.42856399
0.0434;74.44382038
0.04341;74.45907241
0.04342;74.47432007
0.04343;74.48956334
0.04344;74.50480221
0.04345;74.52003668
0.04346;74.53526672
0.04347;74.55049234
0.04348;74.5657135
0.04349;74.58093021
0.0435;74.59614244
0.04351;74.6113502
0.04352;74.62655346
0.04353;74.64175221
0.04354;74.65694644
0.04355;74.67213613
0.04356;74.68732128
0.04357;74.70250188
0.04358;74.7176779
0.04359;74.73284933
0.0436;74.74801617
0.04361;74.7631784
0.04362;74.77833601
0.04363;74.79348898
0.04364;74.8086373
0.04365;74.82378096
0.04366;74.83891995
0.04367;74.85405424
0.04368;74.86918384
0.04369;74.88430872
0.0437;74.89942887
0.04371;74.91454428
0.04372;74.92965493
0.04373;74.94476082
0.04374;74.95986192
0.04375;74.97495823
0.04376;74.99004973
0.04377;75.0051364
0.04378;75.02021824
0.04379;75.03529523
0.0438;75.05036735
0.04381;75.06543459
0.04382;75.08049695
0.04383;75.09555439
0.04384;75.11060692
0.04385;75.12565451
0.04386;75.14069715
0.04387;75.15573482
0.04388;75.17076752
0.04389;75.18579523
0.0439;75.20081793
0.04391;75.21583562
0.04392;75.23084826
0.04393;75.24585586
0.04394;75.26085839
0.04395;75.27585584
0.04396;75.2908482
0.04397;75.30583545
0.04398;75.32081758
0.04399;75.33579457
0.044;75.3507664
0.04401;75.36573307
0.04402;75.38069455
0.04403;75.39565084
0.04404;75.41060191
0.04405;75.42554775
0.04406;75.44048835
0.04407;75.45542368
0.04408;75.47035374
0.04409;75.48527852
0.0441;75.50019798
0.04411;75.51511212
0.04412;75.53002093
0.04413;75.54492438
0.04414;75.55982246
0.04415;75.57471516
0.04416;75.58960245
0.04417;75.60448433
0.04418;75.61936078
0.04419;75.63423177
0.0442;75.6490973
0.04421;75.66395735
0.04422;75.6788119
0.04423;75.69366094
0.04424;75.70850444
0.04425;75.7233424
0.04426;75.73817479
0.04427;75.75300161
0.04428;75.76782282
0.04429;75.78263842
0.0443;75.79744839
0.04431;75.81225272
0.04432;75.82705137
0.04433;75.84184435
0.04434;75.85663162
0.04435;75.87141318
0.04436;75.88618901
0.04437;75.90095909
0.04438;75.91572339
0.04439;75.93048191
0.0444;75.94523463
0.04441;75.95998153
0.04442;75.97472259
0.04443;75.98945779
0.04444;76.00418712
0.04445;76.01891055
0.04446;76.03362808
0.04447;76.04833968
0.04448;76.06304533
0.04449;76.07774501
0.0445;76.09243872
0.04451;76.10712642
0.04452;76.12180811
0.04453;76.13648375
0.04454;76.15115334
0.04455;76.16581685
0.04456;76.18047427
0.04457;76.19512558
0.04458;76.20977076
0.04459;76.22440978
0.0446;76.23904264
0.04461;76.2536693
0.04462;76.26828976
0.04463;76.28290399
0.04464;76.29751198
0.04465;76.3121137
0.04466;76.32670913
0.04467;76.34129826
0.04468;76.35588106
0.04469;76.37045752
0.0447;76.38502762
0.04471;76.39959133
0.04472;76.41414864
0.04473;76.42869952
0.04474;76.44324396
0.04475;76.45778193
0.04476;76.47231342
0.04477;76.4868384
0.04478;76.50135686
0.04479;76.51586877
0.0448;76.53037411
0.04481;76.54487287
0.04482;76.55936501
0.04483;76.57385053
0.04484;76.58832939
0.04485;76.60280159
0.04486;76.61726709
0.04487;76.63172587
0.04488;76.64617792
0.04489;76.66062321
0.0449;76.67506172
0.04491;76.68949344
0.04492;76.70391833
0.04493;76.71833637
0.04494;76.73274755
0.04495;76.74715184
0.04496;76.76154922
0.04497;76.77593967
0.04498;76.79032316
0.04499;76.80469967
0.045;76.81906919
0.04501;76.83343168
0.04502;76.84778713
0.04503;76.86213551
0.04504;76.8764768
0.04505;76.89081097
0.04506;76.90513801
0.04507;76.91945788
0.04508;76.93377058
0.04509;76.94807606
0.0451;76.96237432
0.04511;76.97666532
0.04512;76.99094904
0.04513;77.00522546
0.04514;77.01949456
0.04515;77.0337563
0.04516;77.04801068
0.04517;77.06225765
0.04518;77.0764972
0.04519;77.0907293
0.0452;77.10495394
0.04521;77.11917107
0.04522;77.13338069
0.04523;77.14758276
0.04524;77.16177726
0.04525;77.17596416
0.04526;77.19014345
0.04527;77.20431508
0.04528;77.21847904
0.04529;77.23263531
0.0453;77.24678385
0.04531;77.26092465
0.04532;77.27505767
0.04533;77.28918289
0.04534;77.30330028
0.04535;77.31740981
0.04536;77.33151147
0.04537;77.34560523
0.04538;77.35969104
0.04539;77.3737689
0.0454;77.38783878
0.04541;77.40190064
0.04542;77.41595446
0.04543;77.43000021
0.04544;77.44403787
0.04545;77.4580674
0.04546;77.47208879
0.04547;77.486102
0.04548;77.500107
0.04549;77.51410377
0.0455;77.52809228
0.04551;77.54207249
0.04552;77.55604439
0.04553;77.57000795
0.04554;77.58396312
0.04555;77.5979099
0.04556;77.61184824
0.04557;77.62577812
0.04558;77.63969951
0.04559;77.65361237
0.0456;77.66751669
0.04561;77.68141243
0.04562;77.69529956
0.04563;77.70917806
0.04564;77.72304788
0.04565;77.736909
0.04566;77.7507614
0.04567;77.76460504
0.04568;77.77843989
0.04569;77.79226591
0.0457;77.80608309
0.04571;77.81989138
0.04572;77.83369076
0.04573;77.8474812
0.04574;77.86126266
0.04575;77.87503512
0.04576;77.88879853
0.04577;77.90255288
0.04578;77.91629812
0.04579;77.93003422
0.0458;77.94376116
0.04581;77.9574789
0.04582;77.97118741
0.04583;77.98488666
0.04584;77.9985766
0.04585;78.01225722
0.04586;78.02592847
0.04587;78.03959032
0.04588;78.05324275
0.04589;78.06688571
0.0459;78.08051917
0.04591;78.0941431
0.04592;78.10775746
0.04593;78.12136222
0.04594;78.13495735
0.04595;78.14854281
0.04596;78.16211856
0.04597;78.17568457
0.04598;78.18924081
0.04599;78.20278724
0.046;78.21632383
0.04601;78.22985053
0.04602;78.24336731
0.04603;78.25687415
0.04604;78.27037099
0.04605;78.28385781
0.04606;78.29733457
0.04607;78.31080122
0.04608;78.32425775
0.04609;78.3377041
0.0461;78.35114024
0.04611;78.36456613
0.04612;78.37798174
0.04613;78.39138702
0.04614;78.40478195
0.04615;78.41816647
0.04616;78.43154056
0.04617;78.44490417
0.04618;78.45825727
0.04619;78.47159982
0.0462;78.48493177
0.04621;78.49825309
0.04622;78.51156374
0.04623;78.52486368
0.04624;78.53815287
0.04625;78.55143127
0.04626;78.56469883
0.04627;78.57795553
0.04628;78.59120131
0.04629;78.60443614
0.0463;78.61765997
0.04631;78.63087277
0.04632;78.64407449
0.04633;78.6572651
0.04634;78.67044454
0.04635;78.68361278
0.04636;78.69676977
0.04637;78.70991548
0.04638;78.72304985
0.04639;78.73617285
0.0464;78.74928443
0.04641;78.76238456
0.04642;78.77547318
0.04643;78.78855025
0.04644;78.80161573
0.04645;78.81466957
0.04646;78.82771173
0.04647;78.84074217
0.04648;78.85376083
0.04649;78.86676768
0.0465;78.87976267
0.04651;78.89274575
0.04652;78.90571688
0.04653;78.91867601
0.04654;78.93162309
0.04655;78.94455808
0.04656;78.95748093
0.04657;78.9703916
0.04658;78.98329003
0.04659;78.99617618
0.0466;79.00905
0.04661;79.02191144
0.04662;79.03476046
0.04663;79.047597
0.04664;79.06042102
0.04665;79.07323246
0.04666;79.08603129
0.04667;79.09881744
0.04668;79.11159087
0.04669;79.12435153
0.0467;79.13709937
0.04671;79.14983433
0.04672;79.16255637
0.04673;79.17526544
0.04674;79.18796147
0.04675;79.20064443
0.04676;79.21331426
0.04677;79.22597091
0.04678;79.23861432
0.04679;79.25124444
0.0468;79.26386123
0.04681;79.27646461
0.04682;79.28905455
0.04683;79.30163098
0.04684;79.31419386
0.04685;79.32674313
0.04686;79.33927872
0.04687;79.3518006
0.04688;79.3643087
0.04689;79.37680296
0.0469;79.38928334
0.04691;79.40174977
0.04692;79.4142022
0.04693;79.42664057
0.04694;79.43906482
0.04695;79.45147489
0.04696;79.46387074
0.04697;79.47625229
0.04698;79.48861949
0.04699;79.50097228
0.047;79.51331061
0.04701;79.52563441
0.04702;79.53794362
0.04703;79.55023819
0.04704;79.56251804
0.04705;79.57478313
0.04706;79.58703339
0.04707;79.59926875
0.04708;79.61148916
0.04709;79.62369456
0.0471;79.63588487
0.04711;79.64806005
0.04712;79.66022002
0.04713;79.67236472
0.04714;79.68449409
0.04715;79.69660806
0.04716;79.70870657
0.04717;79.72078956
0.04718;79.73285695
0.04719;79.74490868
0.0472;79.75694469
0.04721;79.76896491
0.04722;79.78096927
0.04723;79.7929577
0.04724;79.80493014
0.04725;79.81688652
0.04726;79.82882678
0.04727;79.84075083
0.04728;79.85265861
0.04729;79.86455006
0.0473;79.8764251
0.04731;79.88828366
0.04732;79.90012568
0.04733;79.91195107
0.04734;79.92375977
0.04735;79.93555171
0.04736;79.94732681
0.04737;79.959085
0.04738;79.97082621
0.04739;79.98255036
0.0474;79.99425738
0.04741;80.0059472
0.04742;80.01761974
0.04743;80.02927491
0.04744;80.04091266
0.04745;80.0525329
0.04746;80.06413556
0.04747;80.07572055
0.04748;80.0872878
0.04749;80.09883723
0.0475;80.11036877
0.04751;80.12188233
0.04752;80.13337783
0.04753;80.1448552
0.04754;80.15631435
0.04755;80.1677552
0.04756;80.17917768
0.04757;80.19058169
0.04758;80.20196716
0.04759;80.213334
0.0476;80.22468214
0.04761;80.23601148
0.04762;80.24732194
0.04763;80.25861343
0.04764;80.26988588
0.04765;80.2811392
0.04766;80.29237329
0.04767;80.30358807
0.04768;80.31478346
0.04769;80.32595936
0.0477;80.33711569
0.04771;80.34825236
0.04772;80.35936928
0.04773;80.37046635
0.04774;80.3815435
0.04775;80.39260061
0.04776;80.40363762
0.04777;80.41465441
0.04778;80.4256509
0.04779;80.436627
0.0478;80.44758261
0.04781;80.45851763
0.04782;80.46943197
0.04783;80.48032554
0.04784;80.49119823
0.04785;80.50204996
0.04786;80.51288062
0.04787;80.52369011
0.04788;80.53447834
0.04789;80.54524521
0.0479;80.55599061
0.04791;80.56671444
0.04792;80.57741661
0.04793;80.58809701
0.04794;80.59875554
0.04795;80.60939209
0.04796;80.62000657
0.04797;80.63059886
0.04798;80.64116886
0.04799;80.65171647
0.048;80.66224157
0.04801;80.67274407
0.04802;80.68322384
0.04803;80.69368079
0.04804;80.70411481
0.04805;80.71452578
0.04806;80.72491359
0.04807;80.73527814
0.04808;80.7456193
0.04809;80.75593697
0.0481;80.76623103
0.04811;80.77650137
0.04812;80.78674787
0.04813;80.79697042
0.04814;80.8071689
0.04815;80.81734319
0.04816;80.82749318
0.04817;80.83761874
0.04818;80.84771975
0.04819;80.8577961
0.0482;80.86784767
0.04821;80.87787432
0.04822;80.88787594
0.04823;80.89785241
0.04824;80.9078036
0.04825;80.91772937
0.04826;80.92762962
0.04827;80.93750421
0.04828;80.94735301
0.04829;80.95717589
0.0483;80.96697273
0.04831;80.97674339
0.04832;80.98648774
0.04833;80.99620566
0.04834;81.005897
0.04835;81.01556163
0.04836;81.02519942
0.04837;81.03481023
0.04838;81.04439392
0.04839;81.05395036
0.0484;81.06347941
0.04841;81.07298093
0.04842;81.08245478
0.04843;81.09190081
0.04844;81.10131888
0.04845;81.11070886
0.04846;81.12007059
0.04847;81.12940393
0.04848;81.13870874
0.04849;81.14798486
0.0485;81.15723215
0.04851;81.16645046
0.04852;81.17563964
0.04853;81.18479953
0.04854;81.19392999
0.04855;81.20303085
0.04856;81.21210197
0.04857;81.22114319
0.04858;81.23015435
0.04859;81.2391353
0.0486;81.24808587
0.04861;81.2570059
0.04862;81.26589524
0.04863;81.27475372
0.04864;81.28358118
0.04865;81.29237744
0.04866;81.30114236
0.04867;81.30987575
0.04868;81.31857745
0.04869;81.32724729
0.0487;81.3358851
0.04871;81.34449071
0.04872;81.35306395
0.04873;81.36160463
0.04874;81.37011259
0.04875;81.37858764
0.04876;81.38702962
0.04877;81.39543833
0.04878;81.4038136
0.04879;81.41215524
0.0488;81.42046308
0.04881;81.42873693
0.04882;81.43697659
0.04883;81.44518189
0.04884;81.45335264
0.04885;81.46148864
0.04886;81.4695897
0.04887;81.47765562
0.04888;81.48568623
0.04889;81.49368131
0.0489;81.50164067
0.04891;81.50956411
0.04892;81.51745144
0.04893;81.52530244
0.04894;81.53311692
0.04895;81.54089467
0.04896;81.54863548
0.04897;81.55633915
0.04898;81.56400546
0.04899;81.57163421
0.049;81.57922519
0.04901;81.58677817
0.04902;81.59429294
0.04903;81.60176928
0.04904;81.60920698
0.04905;81.61660582
0.04906;81.62396556
0.04907;81.63128599
0.04908;81.63856688
0.04909;81.645808
0.0491;81.65300913
0.04911;81.66017002
0.04912;81.66729046
0.04913;81.67437019
0.04914;81.68140899
0.04915;81.68840662
0.04916;81.69536284
0.04917;81.7022774
0.04918;81.70915006
0.04919;81.71598057
0.0492;81.72276869
0.04921;81.72951416
0.04922;81.73621674
0.04923;81.74287616
0.04924;81.74949218
0.04925;81.75606453
0.04926;81.76259296
0.04927;81.7690772
0.04928;81.77551699
0.04929;81.78191206
0.0493;81.78826214
0.04931;81.79456696
0.04932;81.80082626
0.04933;81.80703975
0.04934;81.81320715
0.04935;81.81932819
0.04936;81.82540259
0.04937;81.83143005
0.04938;81.83741031
0.04939;81.84334305
0.0494;81.84922801
0.04941;81.85506487
0.04942;81.86085335
0.04943;81.86659314
0.04944;81.87228395
0.04945;81.87792548
0.04946;81.88351741
0.04947;81.88905943
0.04948;81.89455125
0.04949;81.89999254
0.0495;81.90538299
0.04951;81.91072227
0.04952;81.91601008
0.04953;81.92124607
0.04954;81.92642993
0.04955;81.93156133
0.04956;81.93663994
0.04957;81.94166541
0.04958;81.94663741
0.04959;81.95155561
0.0496;81.95641965
0.04961;81.96122919
0.04962;81.96598388
0.04963;81.97068336
0.04964;81.97532729
0.04965;81.9799153
0.04966;81.98444702
0.04967;81.98892211
0.04968;81.99334018
0.04969;81.99770086
0.0497;82.00200379
0.04971;82.00624858
0.04972;82.01043485
0.04973;82.01456222
0.04974;82.01863029
0.04975;82.02263869
0.04976;82.026587
0.04977;82.03047484
0.04978;82.03430181
0.04979;82.03806749
0.0498;82.04177147
0.04981;82.04541336
0.04982;82.04899272
0.04983;82.05250914
0.04984;82.05596219
0.04985;82.05935145
0.04986;82.06267649
0.04987;82.06593687
0.04988;82.06913215
0.04989;82.07226188
0.0499;82.07532563
0.04991;82.07832293
0.04992;82.08125333
0.04993;82.08411638
0.04994;82.08691161
0.04995;82.08963855
0.04996;82.09229672
0.04997;82.09488566
0.04998;82.09740487
0.04999;82.09985388
0.05;82.10223219
0.05001;82.10453931
0.05002;82.10677474
0.05003;82.10893797
0.05004;82.1110285
0.05005;82.11304581
0.05006;82.11498938
0.05007;82.11685869
0.05008;82.11865321
0.05009;82.1203724
0.0501;82.12201574
0.05011;82.12358266
0.05012;82.12507264
0.05013;82.1264851
0.05014;82.12781949
0.05015;82.12907525
0.05016;82.1302518
0.05017;82.13134857
0.05018;82.13236498
0.05019;82.13330044
0.0502;82.13415436
0.05021;82.13492613
0.05022;82.13561516
0.05023;82.13622083
0.05024;82.13674252
0.05025;82.13717962
0.05026;82.13753149
0.05027;82.1377975
0.05028;82.13797701
0.05029;82.13806936
0.0503;82.13807391
0.05031;82.13798999
0.05032;82.13781694
0.05033;82.13755408
0.05034;82.13720072
0.05035;82.13675619
0.05036;82.13621979
0.05037;82.13559081
0.05038;82.13486854
0.05039;82.13405227
0.0504;82.13314127
0.05041;82.13213482
0.05042;82.13103216
0.05043;82.12983257
0.05044;82.12853527
0.05045;82.12713952
0.05046;82.12564453
0.05047;82.12404953
0.05048;82.12235374
0.05049;82.12055635
0.0505;82.11865658
0.05051;82.11665359
0.05052;82.11454658
0.05053;82.11233471
0.05054;82.11001716
0.05055;82.10759306
0.05056;82.10506156
0.05057;82.10242181
0.05058;82.09967292
0.05059;82.09681401
0.0506;82.09384419
0.05061;82.09076256
0.05062;82.08756819
0.05063;82.08426018
0.05064;82.08083758
0.05065;82.07729945
0.05066;82.07364485
0.05067;82.0698728
0.05068;82.06598232
0.05069;82.06197245
0.0507;82.05784217
0.05071;82.05359048
0.05072;82.04921637
0.05073;82.0447188
0.05074;82.04009672
0.05075;82.03534909
0.05076;82.03047484
0.05077;82.0254729
0.05078;82.02034216
0.05079;82.01508154
0.0508;82.00968991
0.05081;82.00416614
0.05082;81.99850911
0.05083;81.99271764
0.05084;81.98679058
0.05085;81.98072674
0.05086;81.97452493
0.05087;81.96818394
0.05088;81.96170255
0.05089;81.95507952
0.0509;81.9483136
0.05091;81.94140351
0.05092;81.93434799
0.05093;81.92714573
0.05094;81.91979543
0.05095;81.91229574
0.05096;81.90464534
0.05097;81.89684285
0.05098;81.88888691
0.05099;81.88077612
0.051;81.87250906
0.05101;81.86408432
0.05102;81.85550044
0.05103;81.84675598
0.05104;81.83784943
0.05105;81.82877931
0.05106;81.8195441
0.05107;81.81014227
0.05108;81.80057225
0.05109;81.79083247
0.0511;81.78092135
0.05111;81.77083726
0.05112;81.76057857
0.05113;81.75014362
0.05114;81.73953075
0.05115;81.72873825
0.05116;81.7177644
0.05117;81.70660746
0.05118;81.69526566
0.05119;81.68373723
0.0512;81.67202036
0.05121;81.6601132
0.05122;81.6480139
0.05123;81.63572059
0.05124;81.62323135
0.05125;81.61054426
0.05126;81.59765736
0.05127;81.58456866
0.05128;81.57127617
0.05129;81.55777784
0.0513;81.54407161
0.05131;81.53015539
0.05132;81.51602707
0.05133;81.5016845
0.05134;81.4871255
0.05135;81.47234787
0.05136;81.45734938
0.05137;81.44212775
0.05138;81.42668069
0.05139;81.41100587
0.0514;81.39510093
0.05141;81.37896349
0.05142;81.3625911
0.05143;81.34598132
0.05144;81.32913164
0.05145;81.31203954
0.05146;81.29470245
0.05147;81.27711776
0.05148;81.25928285
0.05149;81.24119503
0.0515;81.22285158
0.05151;81.20424977
0.05152;81.18538678
0.05153;81.16625978
0.05154;81.14686591
0.05155;81.12720224
0.05156;81.10726581
0.05157;81.08705363
0.05158;81.06656263
0.05159;81.04578974
0.0516;81.02473181
0.05161;81.00338565
0.05162;80.98174804
0.05163;80.95981568
0.05164;80.93758526
0.05165;80.91505339
0.05166;80.89221664
0.05167;80.86907151
0.05168;80.84561448
0.05169;80.82184195
0.0517;80.79775027
0.05171;80.77333575
0.05172;80.7485946
0.05173;80.72352302
0.05174;80.69811713
0.05175;80.67237298
0.05176;80.64628657
0.05177;80.61985383
0.05178;80.59307064
0.05179;80.56593278
0.0518;80.538436
0.05181;80.51057597
0.05182;80.48234828
0.05183;80.45374845
0.05184;80.42477193
0.05185;80.39541411
0.05186;80.36567028
0.05187;80.33553568
0.05188;80.30500543
0.05189;80.27407461
0.0519;80.2427382
0.05191;80.21099109
0.05192;80.1788281
0.05193;80.14624396
0.05194;80.11323328
0.05195;80.07979062
0.05196;80.04591043
0.05197;80.01158705
0.05198;79.97681475
0.05199;79.94158768
0.052;79.9058999
0.05201;79.86974535
0.05202;79.83311787
0.05203;79.79601121
0.05204;79.75841899
0.05205;79.72033471
0.05206;79.68175177
0.05207;79.64266345
0.05208;79.6030629
0.05209;79.56294314
0.0521;79.52229709
0.05211;79.48111751
0.05212;79.43939704
0.05213;79.39712819
0.05214;79.35430332
0.05215;79.31091466
0.05216;79.26695427
0.05217;79.22241409
0.05218;79.17728589
0.05219;79.13156128
0.0522;79.08523173
0.05221;79.03828853
0.05222;78.99072281
0.05223;78.94252551
0.05224;78.89368742
0.05225;78.84419914
0.05226;78.79405107
0.05227;78.74323345
0.05228;78.69173629
0.05229;78.63954944
0.0523;78.58666251
0.05231;78.53306493
0.05232;78.47874589
0.05233;78.42369438
0.05234;78.36789915
0.05235;78.31134874
0.05236;78.25403143
0.05237;78.19593527
0.05238;78.13704805
0.05239;78.07735731
0.0524;78.01685033
0.05241;77.95551412
0.05242;77.8933354
0.05243;77.83030062
0.05244;77.76639593
0.05245;77.70160718
0.05246;77.63591991
0.05247;77.56931936
0.05248;77.50179041
0.05249;77.43331765
0.0525;77.36388528
0.05251;77.29347719
0.05252;77.22207686
0.05253;77.14966744
0.05254;77.07623166
0.05255;77.00175188
0.05256;76.92621005
0.05257;76.84958768
0.05258;76.77186588
0.05259;76.69302528
0.0526;76.61304609
0.05261;76.53190802
0.05262;76.44959032
0.05263;76.36607172
0.05264;76.28133045
0.05265;76.19534421
0.05266;76.10809014
0.05267;76.01954484
0.05268;75.92968431
0.05269;75.83848395
0.0527;75.74591857
0.05271;75.65196232
0.05272;75.55658869
0.05273;75.45977052
0.05274;75.36147991
0.05275;75.26168828
0.05276;75.16036628
0.05277;75.0574838
0.05278;74.95300991
0.05279;74.8469129
0.0528;74.73916018
0.05281;74.6297183
0.05282;74.51855287
0.05283;74.40562861
0.05284;74.29090924
0.05285;74.17435747
0.05286;74.05593498
0.05287;73.93560238
0.05288;73.81331916
0.05289;73.68904365
0.0529;73.562733
0.05291;73.4343431
0.05292;73.30382858
0.05293;73.17114273
0.05294;73.03623746
0.05295;72.89906325
0.05296;72.75956908
0.05297;72.61770243
0.05298;72.47340913
0.05299;72.3266334
0.053;72.17731769
0.05301;72.0254027
0.05302;71.87082723
0.05303;71.71352818
0.05304;71.55344041
0.05305;71.39049669
0.05306;71.22462764
0.05307;71.05576158
0.05308;70.88382448
0.05309;70.70873987
0.0531;70.53042868
0.05311;70.3488092
0.05312;70.16379694
0.05313;69.97530449
0.05314;69.78324142
0.05315;69.58751415
0.05316;69.38802577
0.05317;69.18467597
0.05318;68.97736078
0.05319;68.76597253
0.0532;68.55039956
0.05321;68.33052613
0.05322;68.10623216
0.05323;67.8773931
0.05324;67.64387962
0.05325;67.40555749
0.05326;67.16228726
0.05327;66.91392404
0.05328;66.66031724
0.05329;66.40131025
0.0533;66.13674019
0.05331;65.86643754
0.05332;65.59022584
0.05333;65.30792129
0.05334;65.0193324
0.05335;64.72425958
0.05336;64.42249469
0.05337;64.11382058
0.05338;63.79801059
0.05339;63.47482808
0.0534;63.14402578
0.05341;62.80534527
0.05342;62.4585163
0.05343;62.10325611
0.05344;61.73926871
0.05345;61.36624409
0.05346;60.98385739
0.05347;60.59176798
0.05348;60.18961851
0.05349;59.77703385
0.0535;59.35362
0.05351;58.91896286
0.05352;58.47262696
0.05353;58.01415403
0.05354;57.54306151
0.05355;57.05884093
0.05356;56.56095611
0.05357;56.04884128
0.05358;55.521899
0.05359;54.97949791
0.0536;54.42097028
0.05361;53.84560937
0.05362;53.25266653
0.05363;52.64134805
0.05364;52.01081171
0.05365;51.36016303
0.05366;50.68845114
0.05367;49.99466426
0.05368;49.27772478
0.05369;48.53648377
0.0537;47.769715
0.05371;46.97610834
0.05372;46.15426244
0.05373;45.30267667
0.05374;44.41974215
0.05375;43.50373182
0.05376;42.55278938
0.05377;41.56491699
0.05378;40.53796148
0.05379;39.46959899
0.0538;38.35731771
0.05381;37.19839846
0.05382;35.98989285
0.05383;34.72859865
0.05384;33.4110318
0.05385;32.03339476
0.05386;30.59154043
0.05387;29.08093097
0.05388;27.49659067
0.05389;25.83305187
0.0539;24.08429255
0.05391;22.2436643
0.05392;20.30380869
0.05393;18.25655988
0.05394;16.09283074
0.05395;13.80247921
0.05396;11.37415054
0.05397;8.795090544
0.05398;6.050923123
0.05399;3.125383957
0.054;0
