load_torque_Nm;mechanical_power_W
0;0
1e-05;0.003787320291
2e-05;0.007574615334
3e-05;0.01136188513
4e-05;0.01514912967
5e-05;0.01893634897
6e-05;0.02272354301
7e-05;0.02651071181
8e-05;0.03029785536
9e-05;0.03408497366
0.0001;0.03787206671
0.00011;0.04165913452
0.00012;0.04544617707
0.00013;0.04923319437
0.00014;0.05302018643
0.00015;0.05680715324
0.00016;0.06059409479
0.00017;0.0643810111
0.00018;0.06816790216
0.00019;0.07195476797
0.0002;0.07574160854
0.00021;0.07952842385
0.00022;0.08331521392
0.00023;0.08710197873
0.00024;0.0908887183
0.00025;0.09467543262
0.00026;0.09846212169
0.00027;0.1022487855
0.00028;0.1060354241
0.00029;0.1098220374
0.0003;0.1136086255
0.00031;0.1173951883
0.00032;0.1211817259
0.00033;0.1249682382
0.00034;0.1287547253
0.00035;0.1325411871
0.00036;0.1363276237
0.00037;0.140114035
0.00038;0.1439004211
0.00039;0.1476867819
0.0004;0.1514731175
0.00041;0.1552594279
0.00042;0.1590457129
0.00043;0.1628319728
0.00044;0.1666182074
0.00045;0.1704044167
0.00046;0.1741906008
0.00047;0.1779767596
0.00048;0.1817628932
0.00049;0.1855490016
0.0005;0.1893350847
0.00051;0.1931211425
0.00052;0.1969071751
0.00053;0.2006931825
0.00054;0.2044791646
0.00055;0.2082651214
0.00056;0.212051053
0.00057;0.2158369594
0.00058;0.2196228405
0.00059;0.2234086963
0.0006;0.2271945269
0.00061;0.2309803323
0.00062;0.2347661124
0.00063;0.2385518673
0.00064;0.2423375969
0.00065;0.2461233012
0.00066;0.2499089804
0.00067;0.2536946342
0.00068;0.2574802628
0.00069;0.2612658662
0.0007;0.2650514443
0.00071;0.2688369972
0.00072;0.2726225248
0.00073;0.2764080272
0.00074;0.2801935043
0.00075;0.2839789562
0.00076;0.2877643828
0.00077;0.2915497842
0.00078;0.2953351603
0.00079;0.2991205112
0.0008;0.3029058368
0.00081;0.3066911372
0.00082;0.3104764123
0.00083;0.3142616622
0.00084;0.3180468869
0.00085;0.3218320862
0.00086;0.3256172604
0.00087;0.3294024093
0.00088;0.3331875329
0.00089;0.3369726313
0.0009;0.3407577044
0.00091;0.3445427523
0.00092;0.348327775
0.00093;0.3521127724
0.00094;0.3558977445
0.00095;0.3596826914
0.00096;0.363467613
0.00097;0.3672525094
0.00098;0.3710373806
0.00099;0.3748222265
0.001;0.3786070471
0.00101;0.3823918425
0.00102;0.3861766127
0.00103;0.3899613576
0.00104;0.3937460773
0.00105;0.3975307717
0.00106;0.4013154408
0.00107;0.4051000847
0.00108;0.4088847034
0.00109;0.4126692968
0.0011;0.416453865
0.00111;0.4202384079
0.00112;0.4240229255
0.00113;0.427807418
0.00114;0.4315918851
0.00115;0.435376327
0.00116;0.4391607437
0.00117;0.4429451351
0.00118;0.4467295013
0.00119;0.4505138422
0.0012;0.4542981579
0.00121;0.4580824483
0.00122;0.4618667135
0.00123;0.4656509534
0.00124;0.4694351681
0.00125;0.4732193575
0.00126;0.4770035217
0.00127;0.4807876607
0.00128;0.4845717743
0.00129;0.4883558628
0.0013;0.492139926
0.00131;0.4959239639
0.00132;0.4997079766
0.00133;0.503491964
0.00134;0.5072759262
0.00135;0.5110598631
0.00136;0.5148437748
0.00137;0.5186276613
0.00138;0.5224115225
0.00139;0.5261953584
0.0014;0.5299791691
0.00141;0.5337629546
0.00142;0.5375467148
0.00143;0.5413304497
0.00144;0.5451141594
0.00145;0.5488978439
0.00146;0.5526815031
0.00147;0.556465137
0.00148;0.5602487457
0.00149;0.5640323292
0.0015;0.5678158874
0.00151;0.5715994203
0.00152;0.5753829281
0.00153;0.5791664105
0.00154;0.5829498677
0.00155;0.5867332997
0.00156;0.5905167064
0.00157;0.5943000879
0.00158;0.5980834441
0.00159;0.6018667751
0.0016;0.6056500808
0.00161;0.6094333612
0.00162;0.6132166165
0.00163;0.6169998464
0.00164;0.6207830512
0.00165;0.6245662306
0.00166;0.6283493849
0.00167;0.6321325138
0.00168;0.6359156176
0.00169;0.639698696
0.0017;0.6434817493
0.00171;0.6472647772
0.00172;0.65104778
0.00173;0.6548307575
0.00174;0.6586137097
0.00175;0.6623966367
0.00176;0.6661795384
0.00177;0.6699624149
0.00178;0.6737452661
0.00179;0.6775280921
0.0018;0.6813108929
0.00181;0.6850936684
0.00182;0.6888764186
0.00183;0.6926591436
0.00184;0.6964418433
0.00185;0.7002245178
0.00186;0.7040071671
0.00187;0.7077897911
0.00188;0.7115723898
0.00189;0.7153549633
0.0019;0.7191375116
0.00191;0.7229200346
0.00192;0.7267025323
0.00193;0.7304850049
0.00194;0.7342674521
0.00195;0.7380498741
0.00196;0.7418322709
0.00197;0.7456146424
0.00198;0.7493969886
0.00199;0.7531793097
0.002;0.7569616054
0.00201;0.7607438759
0.00202;0.7645261212
0.00203;0.7683083412
0.00204;0.772090536
0.00205;0.7758727055
0.00206;0.7796548498
0.00207;0.7834369688
0.00208;0.7872190626
0.00209;0.7910011311
0.0021;0.7947831744
0.00211;0.7985651924
0.00212;0.8023471852
0.00213;0.8061291527
0.00214;0.809911095
0.00215;0.813693012
0.00216;0.8174749038
0.00217;0.8212567703
0.00218;0.8250386116
0.00219;0.8288204276
0.0022;0.8326022184
0.00221;0.836383984
0.00222;0.8401657242
0.00223;0.8439474393
0.00224;0.8477291291
0.00225;0.8515107936
0.00226;0.8552924329
0.00227;0.8590740469
0.00228;0.8628556357
0.00229;0.8666371993
0.0023;0.8704187376
0.00231;0.8742002506
0.00232;0.8779817384
0.00233;0.881763201
0.00234;0.8855446383
0.00235;0.8893260503
0.00236;0.8931074371
0.00237;0.8968887987
0.00238;0.900670135
0.00239;0.904451446
0.0024;0.9082327319
0.00241;0.9120139924
0.00242;0.9157952277
0.00243;0.9195764378
0.00244;0.9233576226
0.00245;0.9271387822
0.00246;0.9309199165
0.00247;0.9347010255
0.00248;0.9384821094
0.00249;0.9422631679
0.0025;0.9460442012
0.00251;0.9498252093
0.00252;0.9536061921
0.00253;0.9573871497
0.00254;0.961168082
0.00255;0.9649489891
0.00256;0.9687298709
0.00257;0.9725107275
0.00258;0.9762915588
0.00259;0.9800723649
0.0026;0.9838531457
0.00261;0.9876339013
0.00262;0.9914146316
0.00263;0.9951953367
0.00264;0.9989760166
0.00265;1.002756671
0.00266;1.0065373
0.00267;1.010317905
0.00268;1.014098483
0.00269;1.017879037
0.0027;1.021659565
0.00271;1.025440068
0.00272;1.029220546
0.00273;1.033000999
0.00274;1.036781426
0.00275;1.040561828
0.00276;1.044342205
0.00277;1.048122557
0.00278;1.051902883
0.00279;1.055683184
0.0028;1.05946346
0.00281;1.063243711
0.00282;1.067023936
0.00283;1.070804136
0.00284;1.074584311
0.00285;1.078364461
0.00286;1.082144585
0.00287;1.085924684
0.00288;1.089704758
0.00289;1.093484807
0.0029;1.09726483
0.00291;1.101044828
0.00292;1.104824801
0.00293;1.108604748
0.00294;1.112384671
0.00295;1.116164568
0.00296;1.11994444
0.00297;1.123724286
0.00298;1.127504108
0.00299;1.131283904
0.003;1.135063675
0.00301;1.13884342
0.00302;1.142623141
0.00303;1.146402836
0.00304;1.150182506
0.00305;1.15396215
0.00306;1.15774177
0.00307;1.161521364
0.00308;1.165300933
0.00309;1.169080477
0.0031;1.172859995
0.00311;1.176639488
0.00312;1.180418956
0.00313;1.184198399
0.00314;1.187977816
0.00315;1.191757208
0.00316;1.195536575
0.00317;1.199315917
0.00318;1.203095233
0.00319;1.206874524
0.0032;1.21065379
0.00321;1.214433031
0.00322;1.218212246
0.00323;1.221991436
0.00324;1.225770601
0.00325;1.229549741
0.00326;1.233328855
0.00327;1.237107944
0.00328;1.240887008
0.00329;1.244666047
0.0033;1.24844506
0.00331;1.252224048
0.00332;1.256003011
0.00333;1.259781949
0.00334;1.263560861
0.00335;1.267339749
0.00336;1.271118611
0.00337;1.274897447
0.00338;1.278676259
0.00339;1.282455045
0.0034;1.286233806
0.00341;1.290012541
0.00342;1.293791252
0.00343;1.297569937
0.00344;1.301348597
0.00345;1.305127232
0.00346;1.308905841
0.00347;1.312684425
0.00348;1.316462984
0.00349;1.320241518
0.0035;1.324020026
0.00351;1.327798509
0.00352;1.331576967
0.00353;1.3353554
0.00354;1.339133807
0.00355;1.34291219
0.00356;1.346690547
0.00357;1.350468878
0.00358;1.354247185
0.00359;1.358025466
0.0036;1.361803722
0.00361;1.365581953
0.00362;1.369360158
0.00363;1.373138338
0.00364;1.376916493
0.00365;1.380694623
0.00366;1.384472727
0.00367;1.388250806
0.00368;1.39202886
0.00369;1.395806889
0.0037;1.399584893
0.00371;1.403362871
0.00372;1.407140824
0.00373;1.410918751
0.00374;1.414696654
0.00375;1.418474531
0.00376;1.422252383
0.00377;1.42603021
0.00378;1.429808011
0.00379;1.433585787
0.0038;1.437363538
0.00381;1.441141264
0.00382;1.444918965
0.00383;1.44869664
0.00384;1.45247429
0.00385;1.456251914
0.00386;1.460029514
0.00387;1.463807088
0.00388;1.467584637
0.00389;1.471362161
0.0039;1.475139659
0.00391;1.478917133
0.00392;1.482694581
0.00393;1.486472003
0.00394;1.490249401
0.00395;1.494026773
0.00396;1.49780412
0.00397;1.501581442
0.00398;1.505358738
0.00399;1.509136009
0.004;1.512913255
0.00401;1.516690476
0.00402;1.520467672
0.00403;1.524244842
0.00404;1.528021987
0.00405;1.531799107
0.00406;1.535576201
0.00407;1.53935327
0.00408;1.543130314
0.00409;1.546907333
0.0041;1.550684327
0.00411;1.554461295
0.00412;1.558238238
0.00413;1.562015156
0.00414;1.565792048
0.00415;1.569568915
0.00416;1.573345757
0.00417;1.577122574
0.00418;1.580899366
0.00419;1.584676132
0.0042;1.588452873
0.00421;1.592229589
0.00422;1.596006279
0.00423;1.599782944
0.00424;1.603559584
0.00425;1.607336199
0.00426;1.611112789
0.00427;1.614889353
0.00428;1.618665892
0.00429;1.622442406
0.0043;1.626218894
0.00431;1.629995358
0.00432;1.633771796
0.00433;1.637548208
0.00434;1.641324596
0.00435;1.645100958
0.00436;1.648877295
0.00437;1.652653607
0.00438;1.656429893
0.00439;1.660206155
0.0044;1.663982391
0.00441;1.667758602
0.00442;1.671534787
0.00443;1.675310947
0.00444;1.679087082
0.00445;1.682863192
0.00446;1.686639277
0.00447;1.690415336
0.00448;1.69419137
0.00449;1.697967379
0.0045;1.701743362
0.00451;1.705519321
0.00452;1.709295254
0.00453;1.713071161
0.00454;1.716847044
0.00455;1.720622901
0.00456;1.724398733
0.00457;1.72817454
0.00458;1.731950322
0.00459;1.735726078
0.0046;1.739501809
0.00461;1.743277515
0.00462;1.747053195
0.00463;1.750828851
0.00464;1.754604481
0.00465;1.758380086
0.00466;1.762155665
0.00467;1.765931219
0.00468;1.769706749
0.00469;1.773482252
0.0047;1.777257731
0.00471;1.781033184
0.00472;1.784808612
0.00473;1.788584015
0.00474;1.792359393
0.00475;1.796134745
0.00476;1.799910072
0.00477;1.803685374
0.00478;1.80746065
0.00479;1.811235902
0.0048;1.815011128
0.00481;1.818786329
0.00482;1.822561504
0.00483;1.826336655
0.00484;1.83011178
0.00485;1.83388688
0.00486;1.837661954
0.00487;1.841437003
0.00488;1.845212028
0.00489;1.848987026
0.0049;1.852762
0.00491;1.856536948
0.00492;1.860311871
0.00493;1.864086769
0.00494;1.867861642
0.00495;1.871636489
0.00496;1.875411311
0.00497;1.879186108
0.00498;1.88296088
0.00499;1.886735626
0.005;1.890510347
0.00501;1.894285043
0.00502;1.898059714
0.00503;1.901834359
0.00504;1.905608979
0.00505;1.909383574
0.00506;1.913158143
0.00507;1.916932688
0.00508;1.920707207
0.00509;1.924481701
0.0051;1.928256169
0.00511;1.932030613
0.00512;1.935805031
0.00513;1.939579424
0.00514;1.943353791
0.00515;1.947128134
0.00516;1.950902451
0.00517;1.954676743
0.00518;1.958451009
0.00519;1.962225251
0.0052;1.965999467
0.00521;1.969773658
0.00522;1.973547823
0.00523;1.977321964
0.00524;1.981096079
0.00525;1.984870169
0.00526;1.988644233
0.00527;1.992418273
0.00528;1.996192287
0.00529;1.999966276
0.0053;2.003740239
0.00531;2.007514178
0.00532;2.011288091
0.00533;2.015061979
0.00534;2.018835841
0.00535;2.022609679
0.00536;2.026383491
0.00537;2.030157278
0.00538;2.033931039
0.00539;2.037704776
0.0054;2.041478487
0.00541;2.045252173
0.00542;2.049025833
0.00543;2.052799469
0.00544;2.056573079
0.00545;2.060346664
0.00546;2.064120224
0.00547;2.067893758
0.00548;2.071667267
0.00549;2.075440751
0.0055;2.07921421
0.00551;2.082987643
0.00552;2.086761051
0.00553;2.090534434
0.00554;2.094307792
0.00555;2.098081124
0.00556;2.101854431
0.00557;2.105627713
0.00558;2.10940097
0.00559;2.113174201
0.0056;2.116947407
0.00561;2.120720588
0.00562;2.124493744
0.00563;2.128266874
0.00564;2.13203998
0.00565;2.13581306
0.00566;2.139586114
0.00567;2.143359144
0.00568;2.147132148
0.00569;2.150905127
0.0057;2.15467808
0.00571;2.158451009
0.00572;2.162223912
0.00573;2.16599679
0.00574;2.169769643
0.00575;2.17354247
0.00576;2.177315272
0.00577;2.181088049
0.00578;2.184860801
0.00579;2.188633527
0.0058;2.192406228
0.00581;2.196178904
0.00582;2.199951555
0.00583;2.203724181
0.00584;2.207496781
0.00585;2.211269356
0.00586;2.215041905
0.00587;2.21881443
0.00588;2.222586929
0.00589;2.226359403
0.0059;2.230131852
0.00591;2.233904275
0.00592;2.237676673
0.00593;2.241449046
0.00594;2.245221394
0.00595;2.248993716
0.00596;2.252766014
0.00597;2.256538286
0.00598;2.260310532
0.00599;2.264082754
0.006;2.26785495
0.00601;2.271627121
0.00602;2.275399267
0.00603;2.279171387
0.00604;2.282943482
0.00605;2.286715552
0.00606;2.290487597
0.00607;2.294259616
0.00608;2.298031611
0.00609;2.30180358
0.0061;2.305575523
0.00611;2.309347442
0.00612;2.313119335
0.00613;2.316891203
0.00614;2.320663046
0.00615;2.324434863
0.00616;2.328206655
0.00617;2.331978422
0.00618;2.335750164
0.00619;2.339521881
0.0062;2.343293572
0.00621;2.347065238
0.00622;2.350836879
0.00623;2.354608494
0.00624;2.358380084
0.00625;2.362151649
0.00626;2.365923189
0.00627;2.369694703
0.00628;2.373466193
0.00629;2.377237657
0.0063;2.381009095
0.00631;2.384780509
0.00632;2.388551897
0.00633;2.39232326
0.00634;2.396094598
0.00635;2.39986591
0.00636;2.403637198
0.00637;2.40740846
0.00638;2.411179696
0.00639;2.414950908
0.0064;2.418722094
0.00641;2.422493255
0.00642;2.426264391
0.00643;2.430035501
0.00644;2.433806587
0.00645;2.437577647
0.00646;2.441348681
0.00647;2.445119691
0.00648;2.448890675
0.00649;2.452661634
0.0065;2.456432568
0.00651;2.460203477
0.00652;2.46397436
0.00653;2.467745218
0.00654;2.471516051
0.00655;2.475286858
0.00656;2.47905764
0.00657;2.482828397
0.00658;2.486599129
0.00659;2.490369836
0.0066;2.494140517
0.00661;2.497911173
0.00662;2.501681804
0.00663;2.505452409
0.00664;2.50922299
0.00665;2.512993545
0.00666;2.516764074
0.00667;2.520534579
0.00668;2.524305058
0.00669;2.528075512
0.0067;2.531845941
0.00671;2.535616345
0.00672;2.539386723
0.00673;2.543157076
0.00674;2.546927404
0.00675;2.550697706
0.00676;2.554467984
0.00677;2.558238236
0.00678;2.562008462
0.00679;2.565778664
0.0068;2.56954884
0.00681;2.573318991
0.00682;2.577089117
0.00683;2.580859218
0.00684;2.584629293
0.00685;2.588399343
0.00686;2.592169368
0.00687;2.595939367
0.00688;2.599709342
0.00689;2.603479291
0.0069;2.607249215
0.00691;2.611019113
0.00692;2.614788986
0.00693;2.618558834
0.00694;2.622328657
0.00695;2.626098455
0.00696;2.629868227
0.00697;2.633637974
0.00698;2.637407696
0.00699;2.641177393
0.007;2.644947064
0.00701;2.64871671
0.00702;2.652486331
0.00703;2.656255926
0.00704;2.660025497
0.00705;2.663795042
0.00706;2.667564562
0.00707;2.671334056
0.00708;2.675103526
0.00709;2.67887297
0.0071;2.682642388
0.00711;2.686411782
0.00712;2.69018115
0.00713;2.693950493
0.00714;2.697719811
0.00715;2.701489104
0.00716;2.705258371
0.00717;2.709027613
0.00718;2.71279683
0.00719;2.716566022
0.0072;2.720335188
0.00721;2.724104329
0.00722;2.727873445
0.00723;2.731642536
0.00724;2.735411601
0.00725;2.739180641
0.00726;2.742949656
0.00727;2.746718645
0.00728;2.75048761
0.00729;2.754256549
0.0073;2.758025463
0.00731;2.761794351
0.00732;2.765563215
0.00733;2.769332053
0.00734;2.773100866
0.00735;2.776869653
0.00736;2.780638416
0.00737;2.784407153
0.00738;2.788175865
0.00739;2.791944551
0.0074;2.795713213
0.00741;2.799481849
0.00742;2.80325046
0.00743;2.807019045
0.00744;2.810787606
0.00745;2.814556141
0.00746;2.818324651
0.00747;2.822093135
0.00748;2.825861595
0.00749;2.829630029
0.0075;2.833398438
0.00751;2.837166821
0.00752;2.84093518
0.00753;2.844703513
0.00754;2.848471821
0.00755;2.852240103
0.00756;2.856008361
0.00757;2.859776593
0.00758;2.8635448
0.00759;2.867312981
0.0076;2.871081138
0.00761;2.874849269
0.00762;2.878617375
0.00763;2.882385455
0.00764;2.886153511
0.00765;2.889921541
0.00766;2.893689546
0.00767;2.897457525
0.00768;2.90122548
0.00769;2.904993409
0.0077;2.908761313
0.00771;2.912529191
0.00772;2.916297045
0.00773;2.920064873
0.00774;2.923832676
0.00775;2.927600454
0.00776;2.931368206
0.00777;2.935135933
0.00778;2.938903635
0.00779;2.942671312
0.0078;2.946438963
0.00781;2.950206589
0.00782;2.95397419
0.00783;2.957741766
0.00784;2.961509316
0.00785;2.965276841
0.00786;2.969044341
0.00787;2.972811816
0.00788;2.976579265
0.00789;2.98034669
0.0079;2.984114089
0.00791;2.987881462
0.00792;2.991648811
0.00793;2.995416134
0.00794;2.999183432
0.00795;3.002950704
0.00796;3.006717952
0.00797;3.010485174
0.00798;3.014252371
0.00799;3.018019543
0.008;3.021786689
0.00801;3.02555381
0.00802;3.029320906
0.00803;3.033087977
0.00804;3.036855022
0.00805;3.040622042
0.00806;3.044389037
0.00807;3.048156007
0.00808;3.051922952
0.00809;3.055689871
0.0081;3.059456765
0.00811;3.063223633
0.00812;3.066990477
0.00813;3.070757295
0.00814;3.074524088
0.00815;3.078290856
0.00816;3.082057598
0.00817;3.085824315
0.00818;3.089591007
0.00819;3.093357674
0.0082;3.097124315
0.00821;3.100890932
0.00822;3.104657523
0.00823;3.108424088
0.00824;3.112190629
0.00825;3.115957144
0.00826;3.119723634
0.00827;3.123490099
0.00828;3.127256538
0.00829;3.131022952
0.0083;3.134789341
0.00831;3.138555705
0.00832;3.142322043
0.00833;3.146088357
0.00834;3.149854645
0.00835;3.153620907
0.00836;3.157387145
0.00837;3.161153357
0.00838;3.164919544
0.00839;3.168685706
0.0084;3.172451842
0.00841;3.176217953
0.00842;3.179984039
0.00843;3.1837501
0.00844;3.187516136
0.00845;3.191282146
0.00846;3.195048131
0.00847;3.198814091
0.00848;3.202580025
0.00849;3.206345934
0.0085;3.210111818
0.00851;3.213877677
0.00852;3.21764351
0.00853;3.221409319
0.00854;3.225175102
0.00855;3.228940859
0.00856;3.232706592
0.00857;3.236472299
0.00858;3.240237981
0.00859;3.244003638
0.0086;3.247769269
0.00861;3.251534876
0.00862;3.255300457
0.00863;3.259066012
0.00864;3.262831543
0.00865;3.266597048
0.00866;3.270362528
0.00867;3.274127983
0.00868;3.277893412
0.00869;3.281658817
0.0087;3.285424196
0.00871;3.289189549
0.00872;3.292954878
0.00873;3.296720181
0.00874;3.300485459
0.00875;3.304250712
0.00876;3.30801594
0.00877;3.311781142
0.00878;3.315546319
0.00879;3.319311471
0.0088;3.323076597
0.00881;3.326841698
0.00882;3.330606774
0.00883;3.334371825
0.00884;3.338136851
0.00885;3.341901851
0.00886;3.345666826
0.00887;3.349431776
0.00888;3.3531967
0.00889;3.3569616
0.0089;3.360726474
0.00891;3.364491322
0.00892;3.368256146
0.00893;3.372020944
0.00894;3.375785717
0.00895;3.379550465
0.00896;3.383315188
0.00897;3.387079885
0.00898;3.390844557
0.00899;3.394609204
0.009;3.398373825
0.00901;3.402138422
0.00902;3.405902993
0.00903;3.409667538
0.00904;3.413432059
0.00905;3.417196554
0.00906;3.420961024
0.00907;3.424725469
0.00908;3.428489889
0.00909;3.432254283
0.0091;3.436018652
0.00911;3.439782996
0.00912;3.443547314
0.00913;3.447311608
0.00914;3.451075876
0.00915;3.454840119
0.00916;3.458604336
0.00917;3.462368528
0.00918;3.466132695
0.00919;3.469896837
0.0092;3.473660954
0.00921;3.477425045
0.00922;3.481189111
0.00923;3.484953152
0.00924;3.488717168
0.00925;3.492481158
0.00926;3.496245123
0.00927;3.500009063
0.00928;3.503772977
0.00929;3.507536867
0.0093;3.511300731
0.00931;3.51506457
0.00932;3.518828383
0.00933;3.522592172
0.00934;3.526355935
0.00935;3.530119672
0.00936;3.533883385
0.00937;3.537647072
0.00938;3.541410734
0.00939;3.545174371
0.0094;3.548937983
0.00941;3.552701569
0.00942;3.55646513
0.00943;3.560228666
0.00944;3.563992177
0.00945;3.567755662
0.00946;3.571519122
0.00947;3.575282557
0.00948;3.579045967
0.00949;3.582809351
0.0095;3.58657271
0.00951;3.590336044
0.00952;3.594099353
0.00953;3.597862636
0.00954;3.601625894
0.00955;3.605389127
0.00956;3.609152334
0.00957;3.612915517
0.00958;3.616678674
0.00959;3.620441806
0.0096;3.624204912
0.00961;3.627967994
0.00962;3.63173105
0.00963;3.635494081
0.00964;3.639257086
0.00965;3.643020067
0.00966;3.646783022
0.00967;3.650545952
0.00968;3.654308856
0.00969;3.658071736
0.0097;3.66183459
0.00971;3.665597419
0.00972;3.669360222
0.00973;3.673123001
0.00974;3.676885754
0.00975;3.680648482
0.00976;3.684411184
0.00977;3.688173862
0.00978;3.691936514
0.00979;3.695699141
0.0098;3.699461742
0.00981;3.703224319
0.00982;3.70698687
0.00983;3.710749396
0.00984;3.714511896
0.00985;3.718274372
0.00986;3.722036822
0.00987;3.725799247
0.00988;3.729561646
0.00989;3.733324021
0.0099;3.73708637
0.00991;3.740848694
0.00992;3.744610992
0.00993;3.748373266
0.00994;3.752135514
0.00995;3.755897737
0.00996;3.759659935
0.00997;3.763422107
0.00998;3.767184254
0.00999;3.770946376
0.01;3.774708473
0.01001;3.778470544
0.01002;3.78223259
0.01003;3.785994611
0.01004;3.789756607
0.01005;3.793518577
0.01006;3.797280522
0.01007;3.801042442
0.01008;3.804804337
0.01009;3.808566206
0.0101;3.812328051
0.01011;3.816089869
0.01012;3.819851663
0.01013;3.823613432
0.01014;3.827375175
0.01015;3.831136893
0.01016;3.834898585
0.01017;3.838660253
0.01018;3.842421895
0.01019;3.846183512
0.0102;3.849945103
0.01021;3.85370667
0.01022;3.857468211
0.01023;3.861229727
0.01024;3.864991218
0.01025;3.868752683
0.01026;3.872514123
0.01027;3.876275538
0.01028;3.880036928
0.01029;3.883798292
0.0103;3.887559632
0.01031;3.891320945
0.01032;3.895082234
0.01033;3.898843498
0.01034;3.902604736
0.01035;3.906365949
0.01036;3.910127136
0.01037;3.913888299
0.01038;3.917649436
0.01039;3.921410548
0.0104;3.925171635
0.01041;3.928932696
0.01042;3.932693732
0.01043;3.936454743
0.01044;3.940215729
0.01045;3.94397669
0.01046;3.947737625
0.01047;3.951498535
0.01048;3.955259419
0.01049;3.959020279
0.0105;3.962781113
0.01051;3.966541922
0.01052;3.970302706
0.01053;3.974063464
0.01054;3.977824197
0.01055;3.981584905
0.01056;3.985345588
0.01057;3.989106246
0.01058;3.992866878
0.01059;3.996627485
0.0106;4.000388066
0.01061;4.004148623
0.01062;4.007909154
0.01063;4.01166966
0.01064;4.015430141
0.01065;4.019190596
0.01066;4.022951027
0.01067;4.026711432
0.01068;4.030471811
0.01069;4.034232166
0.0107;4.037992495
0.01071;4.041752799
0.01072;4.045513078
0.01073;4.049273331
0.01074;4.053033559
0.01075;4.056793762
0.01076;4.06055394
0.01077;4.064314093
0.01078;4.06807422
0.01079;4.071834322
0.0108;4.075594399
0.01081;4.07935445
0.01082;4.083114476
0.01083;4.086874477
0.01084;4.090634453
0.01085;4.094394404
0.01086;4.098154329
0.01087;4.101914229
0.01088;4.105674104
0.01089;4.109433953
0.0109;4.113193777
0.01091;4.116953576
0.01092;4.12071335
0.01093;4.124473099
0.01094;4.128232822
0.01095;4.13199252
0.01096;4.135752193
0.01097;4.13951184
0.01098;4.143271462
0.01099;4.147031059
0.011;4.150790631
0.01101;4.154550178
0.01102;4.158309699
0.01103;4.162069195
0.01104;4.165828666
0.01105;4.169588111
0.01106;4.173347532
0.01107;4.177106927
0.01108;4.180866296
0.01109;4.184625641
0.0111;4.18838496
0.01111;4.192144254
0.01112;4.195903523
0.01113;4.199662767
0.01114;4.203421985
0.01115;4.207181178
0.01116;4.210940346
0.01117;4.214699488
0.01118;4.218458605
0.01119;4.222217697
0.0112;4.225976764
0.01121;4.229735806
0.01122;4.233494822
0.01123;4.237253813
0.01124;4.241012779
0.01125;4.244771719
0.01126;4.248530635
0.01127;4.252289525
0.01128;4.25604839
0.01129;4.259807229
0.0113;4.263566043
0.01131;4.267324832
0.01132;4.271083596
0.01133;4.274842335
0.01134;4.278601048
0.01135;4.282359736
0.01136;4.286118399
0.01137;4.289877037
0.01138;4.293635649
0.01139;4.297394236
0.0114;4.301152798
0.01141;4.304911334
0.01142;4.308669846
0.01143;4.312428332
0.01144;4.316186792
0.01145;4.319945228
0.01146;4.323703638
0.01147;4.327462023
0.01148;4.331220383
0.01149;4.334978718
0.0115;4.338737027
0.01151;4.342495311
0.01152;4.34625357
0.01153;4.350011804
0.01154;4.353770012
0.01155;4.357528195
0.01156;4.361286353
0.01157;4.365044485
0.01158;4.368802593
0.01159;4.372560675
0.0116;4.376318732
0.01161;4.380076763
0.01162;4.38383477
0.01163;4.387592751
0.01164;4.391350707
0.01165;4.395108637
0.01166;4.398866542
0.01167;4.402624423
0.01168;4.406382277
0.01169;4.410140107
0.0117;4.413897911
0.01171;4.41765569
0.01172;4.421413444
0.01173;4.425171173
0.01174;4.428928876
0.01175;4.432686554
0.01176;4.436444207
0.01177;4.440201835
0.01178;4.443959437
0.01179;4.447717014
0.0118;4.451474566
0.01181;4.455232093
0.01182;4.458989594
0.01183;4.46274707
0.01184;4.466504521
0.01185;4.470261947
0.01186;4.474019347
0.01187;4.477776722
0.01188;4.481534072
0.01189;4.485291397
0.0119;4.489048696
0.01191;4.49280597
0.01192;4.496563219
0.01193;4.500320443
0.01194;4.504077641
0.01195;4.507834814
0.01196;4.511591962
0.01197;4.515349084
0.01198;4.519106182
0.01199;4.522863254
0.012;4.526620301
0.01201;4.530377322
0.01202;4.534134319
0.01203;4.53789129
0.01204;4.541648236
0.01205;4.545405157
0.01206;4.549162052
0.01207;4.552918922
0.01208;4.556675767
0.01209;4.560432587
0.0121;4.564189381
0.01211;4.56794615
0.01212;4.571702894
0.01213;4.575459613
0.01214;4.579216306
0.01215;4.582972974
0.01216;4.586729617
0.01217;4.590486235
0.01218;4.594242827
0.01219;4.597999394
0.0122;4.601755936
0.01221;4.605512453
0.01222;4.609268944
0.01223;4.61302541
0.01224;4.616781851
0.01225;4.620538267
0.01226;4.624294657
0.01227;4.628051022
0.01228;4.631807362
0.01229;4.635563677
0.0123;4.639319966
0.01231;4.643076231
0.01232;4.64683247
0.01233;4.650588683
0.01234;4.654344872
0.01235;4.658101035
0.01236;4.661857173
0.01237;4.665613285
0.01238;4.669369373
0.01239;4.673125435
0.0124;4.676881472
0.01241;4.680637484
0.01242;4.68439347
0.01243;4.688149431
0.01244;4.691905367
0.01245;4.695661278
0.01246;4.699417163
0.01247;4.703173023
0.01248;4.706928858
0.01249;4.710684668
0.0125;4.714440452
0.01251;4.718196212
0.01252;4.721951945
0.01253;4.725707654
0.01254;4.729463338
0.01255;4.733218996
0.01256;4.736974629
0.01257;4.740730236
0.01258;4.744485819
0.01259;4.748241376
0.0126;4.751996908
0.01261;4.755752415
0.01262;4.759507896
0.01263;4.763263352
0.01264;4.767018783
0.01265;4.770774189
0.01266;4.774529569
0.01267;4.778284925
0.01268;4.782040255
0.01269;4.785795559
0.0127;4.789550839
0.01271;4.793306093
0.01272;4.797061322
0.01273;4.800816526
0.01274;4.804571704
0.01275;4.808326857
0.01276;4.812081985
0.01277;4.815837088
0.01278;4.819592165
0.01279;4.823347218
0.0128;4.827102245
0.01281;4.830857246
0.01282;4.834612223
0.01283;4.838367174
0.01284;4.8421221
0.01285;4.845877001
0.01286;4.849631876
0.01287;4.853386726
0.01288;4.857141551
0.01289;4.860896351
0.0129;4.864651126
0.01291;4.868405875
0.01292;4.872160599
0.01293;4.875915298
0.01294;4.879669971
0.01295;4.883424619
0.01296;4.887179242
0.01297;4.89093384
0.01298;4.894688412
0.01299;4.89844296
0.013;4.902197482
0.01301;4.905951978
0.01302;4.90970645
0.01303;4.913460896
0.01304;4.917215317
0.01305;4.920969713
0.01306;4.924724083
0.01307;4.928478429
0.01308;4.932232749
0.01309;4.935987043
0.0131;4.939741313
0.01311;4.943495557
0.01312;4.947249776
0.01313;4.95100397
0.01314;4.954758138
0.01315;4.958512282
0.01316;4.9622664
0.01317;4.966020492
0.01318;4.96977456
0.01319;4.973528602
0.0132;4.977282619
0.01321;4.981036611
0.01322;4.984790577
0.01323;4.988544519
0.01324;4.992298435
0.01325;4.996052325
0.01326;4.999806191
0.01327;5.003560031
0.01328;5.007313846
0.01329;5.011067636
0.0133;5.014821401
0.01331;5.01857514
0.01332;5.022328854
0.01333;5.026082543
0.01334;5.029836206
0.01335;5.033589844
0.01336;5.037343457
0.01337;5.041097045
0.01338;5.044850608
0.01339;5.048604145
0.0134;5.052357657
0.01341;5.056111144
0.01342;5.059864605
0.01343;5.063618042
0.01344;5.067371453
0.01345;5.071124839
0.01346;5.074878199
0.01347;5.078631534
0.01348;5.082384844
0.01349;5.086138129
0.0135;5.089891389
0.01351;5.093644623
0.01352;5.097397832
0.01353;5.101151016
0.01354;5.104904174
0.01355;5.108657308
0.01356;5.112410416
0.01357;5.116163499
0.01358;5.119916556
0.01359;5.123669588
0.0136;5.127422596
0.01361;5.131175577
0.01362;5.134928534
0.01363;5.138681465
0.01364;5.142434371
0.01365;5.146187252
0.01366;5.149940108
0.01367;5.153692938
0.01368;5.157445743
0.01369;5.161198523
0.0137;5.164951277
0.01371;5.168704007
0.01372;5.172456711
0.01373;5.17620939
0.01374;5.179962043
0.01375;5.183714671
0.01376;5.187467275
0.01377;5.191219852
0.01378;5.194972405
0.01379;5.198724932
0.0138;5.202477434
0.01381;5.206229911
0.01382;5.209982363
0.01383;5.213734789
0.01384;5.21748719
0.01385;5.221239566
0.01386;5.224991917
0.01387;5.228744242
0.01388;5.232496542
0.01389;5.236248817
0.0139;5.240001066
0.01391;5.243753291
0.01392;5.24750549
0.01393;5.251257664
0.01394;5.255009812
0.01395;5.258761936
0.01396;5.262514034
0.01397;5.266266107
0.01398;5.270018154
0.01399;5.273770177
0.014;5.277522174
0.01401;5.281274145
0.01402;5.285026092
0.01403;5.288778013
0.01404;5.29252991
0.01405;5.29628178
0.01406;5.300033626
0.01407;5.303785446
0.01408;5.307537241
0.01409;5.311289011
0.0141;5.315040756
0.01411;5.318792475
0.01412;5.322544169
0.01413;5.326295838
0.01414;5.330047482
0.01415;5.3337991
0.01416;5.337550693
0.01417;5.341302261
0.01418;5.345053804
0.01419;5.348805321
0.0142;5.352556813
0.01421;5.35630828
0.01422;5.360059722
0.01423;5.363811138
0.01424;5.367562529
0.01425;5.371313895
0.01426;5.375065236
0.01427;5.378816551
0.01428;5.382567841
0.01429;5.386319106
0.0143;5.390070346
0.01431;5.39382156
0.01432;5.397572749
0.01433;5.401323913
0.01434;5.405075052
0.01435;5.408826165
0.01436;5.412577253
0.01437;5.416328316
0.01438;5.420079354
0.01439;5.423830366
0.0144;5.427581354
0.01441;5.431332315
0.01442;5.435083252
0.01443;5.438834163
0.01444;5.44258505
0.01445;5.446335911
0.01446;5.450086746
0.01447;5.453837557
0.01448;5.457588342
0.01449;5.461339102
0.0145;5.465089836
0.01451;5.468840546
0.01452;5.47259123
0.01453;5.476341889
0.01454;5.480092522
0.01455;5.483843131
0.01456;5.487593714
0.01457;5.491344272
0.01458;5.495094805
0.01459;5.498845312
0.0146;5.502595794
0.01461;5.506346251
0.01462;5.510096683
0.01463;5.513847089
0.01464;5.51759747
0.01465;5.521347826
0.01466;5.525098157
0.01467;5.528848462
0.01468;5.532598743
0.01469;5.536348997
0.0147;5.540099227
0.01471;5.543849432
0.01472;5.547599611
0.01473;5.551349765
0.01474;5.555099893
0.01475;5.558849997
0.01476;5.562600075
0.01477;5.566350128
0.01478;5.570100156
0.01479;5.573850158
0.0148;5.577600135
0.01481;5.581350087
0.01482;5.585100014
0.01483;5.588849915
0.01484;5.592599791
0.01485;5.596349642
0.01486;5.600099468
0.01487;5.603849269
0.01488;5.607599044
0.01489;5.611348794
0.0149;5.615098518
0.01491;5.618848218
0.01492;5.622597892
0.01493;5.626347541
0.01494;5.630097165
0.01495;5.633846763
0.01496;5.637596336
0.01497;5.641345884
0.01498;5.645095407
0.01499;5.648844905
0.015;5.652594377
0.01501;5.656343824
0.01502;5.660093245
0.01503;5.663842642
0.01504;5.667592013
0.01505;5.671341359
0.01506;5.67509068
0.01507;5.678839975
0.01508;5.682589245
0.01509;5.68633849
0.0151;5.69008771
0.01511;5.693836905
0.01512;5.697586074
0.01513;5.701335218
0.01514;5.705084337
0.01515;5.70883343
0.01516;5.712582498
0.01517;5.716331541
0.01518;5.720080559
0.01519;5.723829551
0.0152;5.727578519
0.01521;5.731327461
0.01522;5.735076377
0.01523;5.738825269
0.01524;5.742574135
0.01525;5.746322976
0.01526;5.750071792
0.01527;5.753820582
0.01528;5.757569348
0.01529;5.761318088
0.0153;5.765066802
0.01531;5.768815492
0.01532;5.772564156
0.01533;5.776312795
0.01534;5.780061409
0.01535;5.783809997
0.01536;5.787558561
0.01537;5.791307099
0.01538;5.795055611
0.01539;5.798804099
0.0154;5.802552561
0.01541;5.806300998
0.01542;5.81004941
0.01543;5.813797796
0.01544;5.817546158
0.01545;5.821294494
0.01546;5.825042804
0.01547;5.82879109
0.01548;5.83253935
0.01549;5.836287585
0.0155;5.840035795
0.01551;5.843783979
0.01552;5.847532139
0.01553;5.851280273
0.01554;5.855028382
0.01555;5.858776465
0.01556;5.862524523
0.01557;5.866272556
0.01558;5.870020564
0.01559;5.873768547
0.0156;5.877516504
0.01561;5.881264436
0.01562;5.885012343
0.01563;5.888760224
0.01564;5.892508081
0.01565;5.896255912
0.01566;5.900003717
0.01567;5.903751498
0.01568;5.907499253
0.01569;5.911246983
0.0157;5.914994688
0.01571;5.918742368
0.01572;5.922490022
0.01573;5.926237651
0.01574;5.929985255
0.01575;5.933732833
0.01576;5.937480387
0.01577;5.941227915
0.01578;5.944975417
0.01579;5.948722895
0.0158;5.952470347
0.01581;5.956217774
0.01582;5.959965176
0.01583;5.963712553
0.01584;5.967459904
0.01585;5.97120723
0.01586;5.974954531
0.01587;5.978701806
0.01588;5.982449057
0.01589;5.986196282
0.0159;5.989943482
0.01591;5.993690656
0.01592;5.997437805
0.01593;6.001184929
0.01594;6.004932028
0.01595;6.008679102
0.01596;6.01242615
0.01597;6.016173173
0.01598;6.019920171
0.01599;6.023667144
0.016;6.027414091
0.01601;6.031161013
0.01602;6.03490791
0.01603;6.038654781
0.01604;6.042401628
0.01605;6.046148449
0.01606;6.049895245
0.01607;6.053642015
0.01608;6.057388761
0.01609;6.061135481
0.0161;6.064882175
0.01611;6.068628845
0.01612;6.072375489
0.01613;6.076122108
0.01614;6.079868702
0.01615;6.083615271
0.01616;6.087361814
0.01617;6.091108332
0.01618;6.094854825
0.01619;6.098601293
0.0162;6.102347735
0.01621;6.106094152
0.01622;6.109840544
0.01623;6.113586911
0.01624;6.117333252
0.01625;6.121079568
0.01626;6.124825859
0.01627;6.128572125
0.01628;6.132318365
0.01629;6.13606458
0.0163;6.13981077
0.01631;6.143556934
0.01632;6.147303074
0.01633;6.151049188
0.01634;6.154795277
0.01635;6.15854134
0.01636;6.162287379
0.01637;6.166033392
0.01638;6.16977938
0.01639;6.173525342
0.0164;6.17727128
0.01641;6.181017192
0.01642;6.184763079
0.01643;6.18850894
0.01644;6.192254777
0.01645;6.196000588
0.01646;6.199746374
0.01647;6.203492134
0.01648;6.20723787
0.01649;6.21098358
0.0165;6.214729265
0.01651;6.218474924
0.01652;6.222220559
0.01653;6.225966168
0.01654;6.229711752
0.01655;6.23345731
0.01656;6.237202844
0.01657;6.240948352
0.01658;6.244693835
0.01659;6.248439292
0.0166;6.252184725
0.01661;6.255930132
0.01662;6.259675514
0.01663;6.26342087
0.01664;6.267166202
0.01665;6.270911508
0.01666;6.274656789
0.01667;6.278402045
0.01668;6.282147275
0.01669;6.28589248
0.0167;6.28963766
0.01671;6.293382815
0.01672;6.297127944
0.01673;6.300873048
0.01674;6.304618127
0.01675;6.308363181
0.01676;6.312108209
0.01677;6.315853212
0.01678;6.31959819
0.01679;6.323343143
0.0168;6.32708807
0.01681;6.330832973
0.01682;6.334577849
0.01683;6.338322701
0.01684;6.342067527
0.01685;6.345812329
0.01686;6.349557105
0.01687;6.353301855
0.01688;6.357046581
0.01689;6.360791281
0.0169;6.364535956
0.01691;6.368280605
0.01692;6.37202523
0.01693;6.375769829
0.01694;6.379514403
0.01695;6.383258952
0.01696;6.387003475
0.01697;6.390747973
0.01698;6.394492446
0.01699;6.398236894
0.017;6.401981316
0.01701;6.405725713
0.01702;6.409470085
0.01703;6.413214432
0.01704;6.416958754
0.01705;6.42070305
0.01706;6.424447321
0.01707;6.428191566
0.01708;6.431935787
0.01709;6.435679982
0.0171;6.439424152
0.01711;6.443168297
0.01712;6.446912416
0.01713;6.45065651
0.01714;6.454400579
0.01715;6.458144623
0.01716;6.461888641
0.01717;6.465632635
0.01718;6.469376603
0.01719;6.473120545
0.0172;6.476864463
0.01721;6.480608355
0.01722;6.484352222
0.01723;6.488096064
0.01724;6.49183988
0.01725;6.495583671
0.01726;6.499327437
0.01727;6.503071178
0.01728;6.506814893
0.01729;6.510558584
0.0173;6.514302249
0.01731;6.518045888
0.01732;6.521789503
0.01733;6.525533092
0.01734;6.529276656
0.01735;6.533020195
0.01736;6.536763708
0.01737;6.540507196
0.01738;6.544250659
0.01739;6.547994097
0.0174;6.55173751
0.01741;6.555480897
0.01742;6.559224259
0.01743;6.562967596
0.01744;6.566710907
0.01745;6.570454193
0.01746;6.574197454
0.01747;6.57794069
0.01748;6.5816839
0.01749;6.585427086
0.0175;6.589170246
0.01751;6.59291338
0.01752;6.59665649
0.01753;6.600399574
0.01754;6.604142633
0.01755;6.607885667
0.01756;6.611628675
0.01757;6.615371659
0.01758;6.619114617
0.01759;6.622857549
0.0176;6.626600457
0.01761;6.630343339
0.01762;6.634086196
0.01763;6.637829028
0.01764;6.641571834
0.01765;6.645314616
0.01766;6.649057372
0.01767;6.652800102
0.01768;6.656542808
0.01769;6.660285488
0.0177;6.664028143
0.01771;6.667770773
0.01772;6.671513377
0.01773;6.675255957
0.01774;6.678998511
0.01775;6.68274104
0.01776;6.686483543
0.01777;6.690226021
0.01778;6.693968474
0.01779;6.697710902
0.0178;6.701453305
0.01781;6.705195682
0.01782;6.708938034
0.01783;6.712680361
0.01784;6.716422662
0.01785;6.720164938
0.01786;6.72390719
0.01787;6.727649415
0.01788;6.731391616
0.01789;6.735133791
0.0179;6.738875941
0.01791;6.742618066
0.01792;6.746360165
0.01793;6.75010224
0.01794;6.753844289
0.01795;6.757586313
0.01796;6.761328311
0.01797;6.765070284
0.01798;6.768812232
0.01799;6.772554155
0.018;6.776296053
0.01801;6.780037925
0.01802;6.783779772
0.01803;6.787521594
0.01804;6.79126339
0.01805;6.795005162
0.01806;6.798746908
0.01807;6.802488629
0.01808;6.806230324
0.01809;6.809971995
0.0181;6.81371364
0.01811;6.817455259
0.01812;6.821196854
0.01813;6.824938423
0.01814;6.828679967
0.01815;6.832421486
0.01816;6.83616298
0.01817;6.839904448
0.01818;6.843645891
0.01819;6.847387309
0.0182;6.851128701
0.01821;6.854870069
0.01822;6.858611411
0.01823;6.862352728
0.01824;6.866094019
0.01825;6.869835286
0.01826;6.873576527
0.01827;6.877317742
0.01828;6.881058933
0.01829;6.884800098
0.0183;6.888541238
0.01831;6.892282353
0.01832;6.896023443
0.01833;6.899764507
0.01834;6.903505546
0.01835;6.90724656
0.01836;6.910987549
0.01837;6.914728512
0.01838;6.91846945
0.01839;6.922210363
0.0184;6.925951251
0.01841;6.929692113
0.01842;6.93343295
0.01843;6.937173762
0.01844;6.940914548
0.01845;6.94465531
0.01846;6.948396046
0.01847;6.952136757
0.01848;6.955877442
0.01849;6.959618103
0.0185;6.963358738
0.01851;6.967099348
0.01852;6.970839932
0.01853;6.974580492
0.01854;6.978321026
0.01855;6.982061535
0.01856;6.985802018
0.01857;6.989542476
0.01858;6.99328291
0.01859;6.997023317
0.0186;7.0007637
0.01861;7.004504057
0.01862;7.00824439
0.01863;7.011984696
0.01864;7.015724978
0.01865;7.019465234
0.01866;7.023205466
0.01867;7.026945671
0.01868;7.030685852
0.01869;7.034426007
0.0187;7.038166137
0.01871;7.041906242
0.01872;7.045646322
0.01873;7.049386376
0.01874;7.053126405
0.01875;7.056866409
0.01876;7.060606388
0.01877;7.064346341
0.01878;7.06808627
0.01879;7.071826172
0.0188;7.07556605
0.01881;7.079305902
0.01882;7.08304573
0.01883;7.086785531
0.01884;7.090525308
0.01885;7.094265059
0.01886;7.098004786
0.01887;7.101744487
0.01888;7.105484162
0.01889;7.109223813
0.0189;7.112963438
0.01891;7.116703038
0.01892;7.120442612
0.01893;7.124182162
0.01894;7.127921686
0.01895;7.131661185
0.01896;7.135400658
0.01897;7.139140107
0.01898;7.14287953
0.01899;7.146618928
0.019;7.1503583
0.01901;7.154097648
0.01902;7.15783697
0.01903;7.161576267
0.01904;7.165315539
0.01905;7.169054785
0.01906;7.172794006
0.01907;7.176533202
0.01908;7.180272373
0.01909;7.184011518
0.0191;7.187750638
0.01911;7.191489733
0.01912;7.195228803
0.01913;7.198967847
0.01914;7.202706867
0.01915;7.20644586
0.01916;7.210184829
0.01917;7.213923773
0.01918;7.217662691
0.01919;7.221401584
0.0192;7.225140451
0.01921;7.228879294
0.01922;7.232618111
0.01923;7.236356903
0.01924;7.24009567
0.01925;7.243834411
0.01926;7.247573127
0.01927;7.251311818
0.01928;7.255050484
0.01929;7.258789124
0.0193;7.262527739
0.01931;7.266266329
0.01932;7.270004894
0.01933;7.273743433
0.01934;7.277481948
0.01935;7.281220437
0.01936;7.2849589
0.01937;7.288697339
0.01938;7.292435752
0.01939;7.29617414
0.0194;7.299912503
0.01941;7.30365084
0.01942;7.307389152
0.01943;7.311127439
0.01944;7.314865701
0.01945;7.318603937
0.01946;7.322342149
0.01947;7.326080335
0.01948;7.329818495
0.01949;7.333556631
0.0195;7.337294741
0.01951;7.341032826
0.01952;7.344770886
0.01953;7.34850892
0.01954;7.352246929
0.01955;7.355984913
0.01956;7.359722872
0.01957;7.363460805
0.01958;7.367198714
0.01959;7.370936597
0.0196;7.374674454
0.01961;7.378412287
0.01962;7.382150094
0.01963;7.385887876
0.01964;7.389625633
0.01965;7.393363364
0.01966;7.39710107
0.01967;7.400838751
0.01968;7.404576407
0.01969;7.408314038
0.0197;7.412051643
0.01971;7.415789223
0.01972;7.419526778
0.01973;7.423264307
0.01974;7.427001811
0.01975;7.43073929
0.01976;7.434476744
0.01977;7.438214173
0.01978;7.441951576
0.01979;7.445688954
0.0198;7.449426307
0.01981;7.453163634
0.01982;7.456900936
0.01983;7.460638213
0.01984;7.464375465
0.01985;7.468112692
0.01986;7.471849893
0.01987;7.475587069
0.01988;7.47932422
0.01989;7.483061345
0.0199;7.486798445
0.01991;7.49053552
0.01992;7.49427257
0.01993;7.498009595
0.01994;7.501746594
0.01995;7.505483568
0.01996;7.509220517
0.01997;7.51295744
0.01998;7.516694338
0.01999;7.520431211
0.02;7.524168059
0.02001;7.527904882
0.02002;7.531641679
0.02003;7.535378451
0.02004;7.539115198
0.02005;7.542851919
0.02006;7.546588616
0.02007;7.550325287
0.02008;7.554061932
0.02009;7.557798553
0.0201;7.561535148
0.02011;7.565271718
0.02012;7.569008263
0.02013;7.572744783
0.02014;7.576481277
0.02015;7.580217746
0.02016;7.58395419
0.02017;7.587690608
0.02018;7.591427001
0.02019;7.59516337
0.0202;7.598899712
0.02021;7.60263603
0.02022;7.606372322
0.02023;7.610108589
0.02024;7.613844831
0.02025;7.617581048
0.02026;7.621317239
0.02027;7.625053405
0.02028;7.628789546
0.02029;7.632525661
0.0203;7.636261752
0.02031;7.639997817
0.02032;7.643733856
0.02033;7.647469871
0.02034;7.65120586
0.02035;7.654941824
0.02036;7.658677763
0.02037;7.662413677
0.02038;7.666149565
0.02039;7.669885428
0.0204;7.673621266
0.02041;7.677357078
0.02042;7.681092866
0.02043;7.684828628
0.02044;7.688564365
0.02045;7.692300076
0.02046;7.696035763
0.02047;7.699771424
0.02048;7.703507059
0.02049;7.70724267
0.0205;7.710978255
0.02051;7.714713815
0.02052;7.71844935
0.02053;7.72218486
0.02054;7.725920344
0.02055;7.729655803
0.02056;7.733391237
0.02057;7.737126646
0.02058;7.740862029
0.02059;7.744597387
0.0206;7.74833272
0.02061;7.752068027
0.02062;7.75580331
0.02063;7.759538567
0.02064;7.763273799
0.02065;7.767009005
0.02066;7.770744187
0.02067;7.774479343
0.02068;7.778214474
0.02069;7.781949579
0.0207;7.78568466
0.02071;7.789419715
0.02072;7.793154744
0.02073;7.796889749
0.02074;7.800624728
0.02075;7.804359683
0.02076;7.808094611
0.02077;7.811829515
0.02078;7.815564393
0.02079;7.819299246
0.0208;7.823034074
0.02081;7.826768877
0.02082;7.830503654
0.02083;7.834238406
0.02084;7.837973133
0.02085;7.841707835
0.02086;7.845442511
0.02087;7.849177162
0.02088;7.852911788
0.02089;7.856646389
0.0209;7.860380964
0.02091;7.864115514
0.02092;7.867850039
0.02093;7.871584539
0.02094;7.875319013
0.02095;7.879053462
0.02096;7.882787886
0.02097;7.886522285
0.02098;7.890256658
0.02099;7.893991006
0.021;7.897725329
0.02101;7.901459627
0.02102;7.905193899
0.02103;7.908928146
0.02104;7.912662368
0.02105;7.916396565
0.02106;7.920130736
0.02107;7.923864882
0.02108;7.927599003
0.02109;7.931333099
0.0211;7.935067169
0.02111;7.938801214
0.02112;7.942535234
0.02113;7.946269229
0.02114;7.950003198
0.02115;7.953737142
0.02116;7.957471061
0.02117;7.961204955
0.02118;7.964938823
0.02119;7.968672667
0.0212;7.972406484
0.02121;7.976140277
0.02122;7.979874045
0.02123;7.983607787
0.02124;7.987341504
0.02125;7.991075195
0.02126;7.994808862
0.02127;7.998542503
0.02128;8.002276119
0.02129;8.006009709
0.0213;8.009743275
0.02131;8.013476815
0.02132;8.01721033
0.02133;8.02094382
0.02134;8.024677284
0.02135;8.028410723
0.02136;8.032144137
0.02137;8.035877526
0.02138;8.039610889
0.02139;8.043344227
0.0214;8.04707754
0.02141;8.050810828
0.02142;8.05454409
0.02143;8.058277328
0.02144;8.062010539
0.02145;8.065743726
0.02146;8.069476888
0.02147;8.073210024
0.02148;8.076943135
0.02149;8.08067622
0.0215;8.084409281
0.02151;8.088142316
0.02152;8.091875326
0.02153;8.095608311
0.02154;8.09934127
0.02155;8.103074204
0.02156;8.106807113
0.02157;8.110539997
0.02158;8.114272855
0.02159;8.118005689
0.0216;8.121738496
0.02161;8.125471279
0.02162;8.129204037
0.02163;8.132936769
0.02164;8.136669476
0.02165;8.140402157
0.02166;8.144134814
0.02167;8.147867445
0.02168;8.151600051
0.02169;8.155332632
0.0217;8.159065187
0.02171;8.162797717
0.02172;8.166530222
0.02173;8.170262702
0.02174;8.173995157
0.02175;8.177727586
0.02176;8.18145999
0.02177;8.185192368
0.02178;8.188924722
0.02179;8.19265705
0.0218;8.196389353
0.02181;8.200121631
0.02182;8.203853883
0.02183;8.207586111
0.02184;8.211318312
0.02185;8.215050489
0.02186;8.218782641
0.02187;8.222514767
0.02188;8.226246868
0.02189;8.229978944
0.0219;8.233710994
0.02191;8.237443019
0.02192;8.241175019
0.02193;8.244906994
0.02194;8.248638944
0.02195;8.252370868
0.02196;8.256102767
0.02197;8.25983464
0.02198;8.263566489
0.02199;8.267298312
0.022;8.27103011
0.02201;8.274761883
0.02202;8.27849363
0.02203;8.282225353
0.02204;8.28595705
0.02205;8.289688721
0.02206;8.293420368
0.02207;8.297151989
0.02208;8.300883585
0.02209;8.304615156
0.0221;8.308346701
0.02211;8.312078222
0.02212;8.315809717
0.02213;8.319541186
0.02214;8.323272631
0.02215;8.32700405
0.02216;8.330735444
0.02217;8.334466813
0.02218;8.338198156
0.02219;8.341929475
0.0222;8.345660768
0.02221;8.349392036
0.02222;8.353123278
0.02223;8.356854495
0.02224;8.360585687
0.02225;8.364316854
0.02226;8.368047996
0.02227;8.371779112
0.02228;8.375510203
0.02229;8.379241269
0.0223;8.382972309
0.02231;8.386703324
0.02232;8.390434315
0.02233;8.394165279
0.02234;8.397896219
0.02235;8.401627133
0.02236;8.405358022
0.02237;8.409088886
0.02238;8.412819724
0.02239;8.416550538
0.0224;8.420281326
0.02241;8.424012089
0.02242;8.427742826
0.02243;8.431473538
0.02244;8.435204225
0.02245;8.438934887
0.02246;8.442665524
0.02247;8.446396135
0.02248;8.450126721
0.02249;8.453857282
0.0225;8.457587817
0.02251;8.461318328
0.02252;8.465048813
0.02253;8.468779273
0.02254;8.472509707
0.02255;8.476240116
0.02256;8.4799705
0.02257;8.483700859
0.02258;8.487431193
0.02259;8.491161501
0.0226;8.494891784
0.02261;8.498622042
0.02262;8.502352275
0.02263;8.506082482
0.02264;8.509812664
0.02265;8.513542821
0.02266;8.517272952
0.02267;8.521003059
0.02268;8.52473314
0.02269;8.528463196
0.0227;8.532193226
0.02271;8.535923231
0.02272;8.539653211
0.02273;8.543383166
0.02274;8.547113096
0.02275;8.550843
0.02276;8.554572879
0.02277;8.558302733
0.02278;8.562032562
0.02279;8.565762365
0.0228;8.569492143
0.02281;8.573221896
0.02282;8.576951623
0.02283;8.580681326
0.02284;8.584411003
0.02285;8.588140655
0.02286;8.591870281
0.02287;8.595599883
0.02288;8.599329459
0.02289;8.60305901
0.0229;8.606788535
0.02291;8.610518036
0.02292;8.614247511
0.02293;8.61797696
0.02294;8.621706385
0.02295;8.625435784
0.02296;8.629165159
0.02297;8.632894507
0.02298;8.636623831
0.02299;8.640353129
0.023;8.644082402
0.02301;8.64781165
0.02302;8.651540873
0.02303;8.65527007
0.02304;8.658999242
0.02305;8.662728389
0.02306;8.666457511
0.02307;8.670186607
0.02308;8.673915678
0.02309;8.677644724
0.0231;8.681373745
0.02311;8.68510274
0.02312;8.68883171
0.02313;8.692560655
0.02314;8.696289575
0.02315;8.700018469
0.02316;8.703747338
0.02317;8.707476182
0.02318;8.711205001
0.02319;8.714933794
0.0232;8.718662562
0.02321;8.722391305
0.02322;8.726120023
0.02323;8.729848715
0.02324;8.733577382
0.02325;8.737306024
0.02326;8.741034641
0.02327;8.744763232
0.02328;8.748491798
0.02329;8.752220339
0.0233;8.755948855
0.02331;8.759677345
0.02332;8.76340581
0.02333;8.76713425
0.02334;8.770862665
0.02335;8.774591054
0.02336;8.778319418
0.02337;8.782047757
0.02338;8.785776071
0.02339;8.789504359
0.0234;8.793232622
0.02341;8.79696086
0.02342;8.800689073
0.02343;8.80441726
0.02344;8.808145423
0.02345;8.811873559
0.02346;8.815601671
0.02347;8.819329757
0.02348;8.823057819
0.02349;8.826785855
0.0235;8.830513865
0.02351;8.834241851
0.02352;8.837969811
0.02353;8.841697746
0.02354;8.845425655
0.02355;8.84915354
0.02356;8.852881399
0.02357;8.856609233
0.02358;8.860337041
0.02359;8.864064825
0.0236;8.867792583
0.02361;8.871520316
0.02362;8.875248024
0.02363;8.878975706
0.02364;8.882703363
0.02365;8.886430995
0.02366;8.890158602
0.02367;8.893886183
0.02368;8.897613739
0.02369;8.90134127
0.0237;8.905068776
0.02371;8.908796257
0.02372;8.912523712
0.02373;8.916251142
0.02374;8.919978546
0.02375;8.923705926
0.02376;8.92743328
0.02377;8.931160609
0.02378;8.934887913
0.02379;8.938615191
0.0238;8.942342444
0.02381;8.946069672
0.02382;8.949796875
0.02383;8.953524052
0.02384;8.957251204
0.02385;8.960978331
0.02386;8.964705433
0.02387;8.96843251
0.02388;8.972159561
0.02389;8.975886587
0.0239;8.979613587
0.02391;8.983340563
0.02392;8.987067513
0.02393;8.990794438
0.02394;8.994521338
0.02395;8.998248212
0.02396;9.001975061
0.02397;9.005701885
0.02398;9.009428684
0.02399;9.013155458
0.024;9.016882206
0.02401;9.020608929
0.02402;9.024335626
0.02403;9.028062299
0.02404;9.031788946
0.02405;9.035515568
0.02406;9.039242165
0.02407;9.042968736
0.02408;9.046695282
0.02409;9.050421803
0.0241;9.054148299
0.02411;9.05787477
0.02412;9.061601215
0.02413;9.065327635
0.02414;9.06905403
0.02415;9.072780399
0.02416;9.076506743
0.02417;9.080233062
0.02418;9.083959356
0.02419;9.087685625
0.0242;9.091411868
0.02421;9.095138086
0.02422;9.098864278
0.02423;9.102590446
0.02424;9.106316588
0.02425;9.110042705
0.02426;9.113768797
0.02427;9.117494863
0.02428;9.121220905
0.02429;9.124946921
0.0243;9.128672911
0.02431;9.132398877
0.02432;9.136124817
0.02433;9.139850732
0.02434;9.143576622
0.02435;9.147302486
0.02436;9.151028326
0.02437;9.15475414
0.02438;9.158479928
0.02439;9.162205692
0.0244;9.16593143
0.02441;9.169657143
0.02442;9.173382831
0.02443;9.177108493
0.02444;9.180834131
0.02445;9.184559743
0.02446;9.18828533
0.02447;9.192010891
0.02448;9.195736427
0.02449;9.199461938
0.0245;9.203187424
0.02451;9.206912885
0.02452;9.21063832
0.02453;9.21436373
0.02454;9.218089115
0.02455;9.221814474
0.02456;9.225539808
0.02457;9.229265118
0.02458;9.232990401
0.02459;9.23671566
0.0246;9.240440893
0.02461;9.244166101
0.02462;9.247891284
0.02463;9.251616441
0.02464;9.255341574
0.02465;9.259066681
0.02466;9.262791763
0.02467;9.266516819
0.02468;9.27024185
0.02469;9.273966856
0.0247;9.277691837
0.02471;9.281416793
0.02472;9.285141723
0.02473;9.288866628
0.02474;9.292591508
0.02475;9.296316362
0.02476;9.300041192
0.02477;9.303765996
0.02478;9.307490775
0.02479;9.311215528
0.0248;9.314940256
0.02481;9.318664959
0.02482;9.322389637
0.02483;9.32611429
0.02484;9.329838917
0.02485;9.333563519
0.02486;9.337288096
0.02487;9.341012648
0.02488;9.344737174
0.02489;9.348461675
0.0249;9.352186151
0.02491;9.355910601
0.02492;9.359635027
0.02493;9.363359427
0.02494;9.367083802
0.02495;9.370808151
0.02496;9.374532475
0.02497;9.378256775
0.02498;9.381981048
0.02499;9.385705297
0.025;9.38942952
0.02501;9.393153718
0.02502;9.396877891
0.02503;9.400602039
0.02504;9.404326161
0.02505;9.408050258
0.02506;9.41177433
0.02507;9.415498377
0.02508;9.419222398
0.02509;9.422946394
0.0251;9.426670365
0.02511;9.43039431
0.02512;9.434118231
0.02513;9.437842126
0.02514;9.441565996
0.02515;9.44528984
0.02516;9.44901366
0.02517;9.452737454
0.02518;9.456461223
0.02519;9.460184966
0.0252;9.463908684
0.02521;9.467632378
0.02522;9.471356045
0.02523;9.475079688
0.02524;9.478803305
0.02525;9.482526897
0.02526;9.486250464
0.02527;9.489974006
0.02528;9.493697522
0.02529;9.497421013
0.0253;9.501144479
0.02531;9.50486792
0.02532;9.508591335
0.02533;9.512314725
0.02534;9.51603809
0.02535;9.51976143
0.02536;9.523484744
0.02537;9.527208033
0.02538;9.530931297
0.02539;9.534654536
0.0254;9.538377749
0.02541;9.542100937
0.02542;9.5458241
0.02543;9.549547238
0.02544;9.55327035
0.02545;9.556993437
0.02546;9.560716499
0.02547;9.564439536
0.02548;9.568162547
0.02549;9.571885533
0.0255;9.575608494
0.02551;9.57933143
0.02552;9.58305434
0.02553;9.586777225
0.02554;9.590500085
0.02555;9.59422292
0.02556;9.597945729
0.02557;9.601668513
0.02558;9.605391272
0.02559;9.609114006
0.0256;9.612836714
0.02561;9.616559397
0.02562;9.620282055
0.02563;9.624004688
0.02564;9.627727295
0.02565;9.631449877
0.02566;9.635172434
0.02567;9.638894966
0.02568;9.642617472
0.02569;9.646339954
0.0257;9.650062409
0.02571;9.65378484
0.02572;9.657507246
0.02573;9.661229626
0.02574;9.664951981
0.02575;9.66867431
0.02576;9.672396615
0.02577;9.676118894
0.02578;9.679841148
0.02579;9.683563376
0.0258;9.68728558
0.02581;9.691007758
0.02582;9.694729911
0.02583;9.698452039
0.02584;9.702174141
0.02585;9.705896218
0.02586;9.70961827
0.02587;9.713340297
0.02588;9.717062298
0.02589;9.720784274
0.0259;9.724506225
0.02591;9.728228151
0.02592;9.731950051
0.02593;9.735671927
0.02594;9.739393776
0.02595;9.743115601
0.02596;9.746837401
0.02597;9.750559175
0.02598;9.754280924
0.02599;9.758002647
0.026;9.761724346
0.02601;9.765446019
0.02602;9.769167667
0.02603;9.77288929
0.02604;9.776610887
0.02605;9.780332459
0.02606;9.784054006
0.02607;9.787775528
0.02608;9.791497024
0.02609;9.795218496
0.0261;9.798939942
0.02611;9.802661362
0.02612;9.806382758
0.02613;9.810104128
0.02614;9.813825473
0.02615;9.817546793
0.02616;9.821268087
0.02617;9.824989356
0.02618;9.8287106
0.02619;9.832431819
0.0262;9.836153012
0.02621;9.839874181
0.02622;9.843595323
0.02623;9.847316441
0.02624;9.851037534
0.02625;9.854758601
0.02626;9.858479643
0.02627;9.86220066
0.02628;9.865921651
0.02629;9.869642617
0.0263;9.873363558
0.02631;9.877084474
0.02632;9.880805364
0.02633;9.88452623
0.02634;9.88824707
0.02635;9.891967884
0.02636;9.895688674
0.02637;9.899409438
0.02638;9.903130177
0.02639;9.906850891
0.0264;9.910571579
0.02641;9.914292242
0.02642;9.91801288
0.02643;9.921733493
0.02644;9.925454081
0.02645;9.929174643
0.02646;9.93289518
0.02647;9.936615692
0.02648;9.940336178
0.02649;9.944056639
0.0265;9.947777075
0.02651;9.951497486
0.02652;9.955217872
0.02653;9.958938232
0.02654;9.962658567
0.02655;9.966378877
0.02656;9.970099161
0.02657;9.97381942
0.02658;9.977539654
0.02659;9.981259863
0.0266;9.984980047
0.02661;9.988700205
0.02662;9.992420338
0.02663;9.996140446
0.02664;9.999860528
0.02665;10.00358059
0.02666;10.00730062
0.02667;10.01102062
0.02668;10.01474061
0.02669;10.01846056
0.0267;10.02218049
0.02671;10.0259004
0.02672;10.02962028
0.02673;10.03334013
0.02674;10.03705996
0.02675;10.04077977
0.02676;10.04449955
0.02677;10.0482193
0.02678;10.05193903
0.02679;10.05565874
0.0268;10.05937841
0.02681;10.06309807
0.02682;10.0668177
0.02683;10.0705373
0.02684;10.07425688
0.02685;10.07797643
0.02686;10.08169596
0.02687;10.08541546
0.02688;10.08913493
0.02689;10.09285438
0.0269;10.09657381
0.02691;10.10029321
0.02692;10.10401259
0.02693;10.10773194
0.02694;10.11145126
0.02695;10.11517056
0.02696;10.11888984
0.02697;10.12260909
0.02698;10.12632831
0.02699;10.13004751
0.027;10.13376668
0.02701;10.13748583
0.02702;10.14120495
0.02703;10.14492405
0.02704;10.14864312
0.02705;10.15236217
0.02706;10.15608119
0.02707;10.15980019
0.02708;10.16351916
0.02709;10.16723811
0.0271;10.17095703
0.02711;10.17467593
0.02712;10.1783948
0.02713;10.18211364
0.02714;10.18583246
0.02715;10.18955126
0.02716;10.19327003
0.02717;10.19698877
0.02718;10.20070749
0.02719;10.20442618
0.0272;10.20814485
0.02721;10.21186349
0.02722;10.21558211
0.02723;10.21930071
0.02724;10.22301927
0.02725;10.22673782
0.02726;10.23045633
0.02727;10.23417482
0.02728;10.23789329
0.02729;10.24161173
0.0273;10.24533015
0.02731;10.24904854
0.02732;10.2527669
0.02733;10.25648525
0.02734;10.26020356
0.02735;10.26392185
0.02736;10.26764011
0.02737;10.27135835
0.02738;10.27507657
0.02739;10.27879476
0.0274;10.28251292
0.02741;10.28623106
0.02742;10.28994917
0.02743;10.29366726
0.02744;10.29738532
0.02745;10.30110336
0.02746;10.30482137
0.02747;10.30853936
0.02748;10.31225732
0.02749;10.31597526
0.0275;10.31969317
0.02751;10.32341105
0.02752;10.32712891
0.02753;10.33084675
0.02754;10.33456456
0.02755;10.33828234
0.02756;10.3420001
0.02757;10.34571784
0.02758;10.34943555
0.02759;10.35315323
0.0276;10.35687089
0.02761;10.36058852
0.02762;10.36430613
0.02763;10.36802371
0.02764;10.37174127
0.02765;10.3754588
0.02766;10.37917631
0.02767;10.38289379
0.02768;10.38661125
0.02769;10.39032868
0.0277;10.39404609
0.02771;10.39776347
0.02772;10.40148082
0.02773;10.40519815
0.02774;10.40891546
0.02775;10.41263274
0.02776;10.41634999
0.02777;10.42006722
0.02778;10.42378443
0.02779;10.42750161
0.0278;10.43121876
0.02781;10.43493589
0.02782;10.43865299
0.02783;10.44237007
0.02784;10.44608712
0.02785;10.44980415
0.02786;10.45352115
0.02787;10.45723813
0.02788;10.46095508
0.02789;10.46467201
0.0279;10.46838891
0.02791;10.47210578
0.02792;10.47582263
0.02793;10.47953946
0.02794;10.48325626
0.02795;10.48697303
0.02796;10.49068978
0.02797;10.49440651
0.02798;10.49812321
0.02799;10.50183988
0.028;10.50555653
0.02801;10.50927315
0.02802;10.51298975
0.02803;10.51670632
0.02804;10.52042287
0.02805;10.5241394
0.02806;10.52785589
0.02807;10.53157236
0.02808;10.53528881
0.02809;10.53900523
0.0281;10.54272163
0.02811;10.546438
0.02812;10.55015434
0.02813;10.55387067
0.02814;10.55758696
0.02815;10.56130323
0.02816;10.56501948
0.02817;10.56873569
0.02818;10.57245189
0.02819;10.57616806
0.0282;10.5798842
0.02821;10.58360032
0.02822;10.58731641
0.02823;10.59103248
0.02824;10.59474852
0.02825;10.59846454
0.02826;10.60218053
0.02827;10.6058965
0.02828;10.60961244
0.02829;10.61332836
0.0283;10.61704425
0.02831;10.62076012
0.02832;10.62447596
0.02833;10.62819177
0.02834;10.63190756
0.02835;10.63562333
0.02836;10.63933907
0.02837;10.64305478
0.02838;10.64677047
0.02839;10.65048613
0.0284;10.65420177
0.02841;10.65791739
0.02842;10.66163297
0.02843;10.66534854
0.02844;10.66906408
0.02845;10.67277959
0.02846;10.67649507
0.02847;10.68021054
0.02848;10.68392597
0.02849;10.68764138
0.0285;10.69135677
0.02851;10.69507213
0.02852;10.69878747
0.02853;10.70250278
0.02854;10.70621806
0.02855;10.70993332
0.02856;10.71364856
0.02857;10.71736377
0.02858;10.72107895
0.02859;10.72479411
0.0286;10.72850924
0.02861;10.73222435
0.02862;10.73593944
0.02863;10.73965449
0.02864;10.74336953
0.02865;10.74708453
0.02866;10.75079952
0.02867;10.75451447
0.02868;10.75822941
0.02869;10.76194431
0.0287;10.76565919
0.02871;10.76937405
0.02872;10.77308888
0.02873;10.77680369
0.02874;10.78051847
0.02875;10.78423322
0.02876;10.78794795
0.02877;10.79166265
0.02878;10.79537733
0.02879;10.79909199
0.0288;10.80280662
0.02881;10.80652122
0.02882;10.8102358
0.02883;10.81395035
0.02884;10.81766488
0.02885;10.82137938
0.02886;10.82509386
0.02887;10.82880831
0.02888;10.83252274
0.02889;10.83623714
0.0289;10.83995152
0.02891;10.84366587
0.02892;10.84738019
0.02893;10.85109449
0.02894;10.85480877
0.02895;10.85852302
0.02896;10.86223724
0.02897;10.86595144
0.02898;10.86966562
0.02899;10.87337977
0.029;10.87709389
0.02901;10.88080799
0.02902;10.88452206
0.02903;10.88823611
0.02904;10.89195013
0.02905;10.89566413
0.02906;10.8993781
0.02907;10.90309205
0.02908;10.90680597
0.02909;10.91051987
0.0291;10.91423374
0.02911;10.91794758
0.02912;10.92166141
0.02913;10.9253752
0.02914;10.92908897
0.02915;10.93280272
0.02916;10.93651644
0.02917;10.94023013
0.02918;10.9439438
0.02919;10.94765744
0.0292;10.95137106
0.02921;10.95508466
0.02922;10.95879822
0.02923;10.96251177
0.02924;10.96622529
0.02925;10.96993878
0.02926;10.97365225
0.02927;10.97736569
0.02928;10.9810791
0.02929;10.9847925
0.0293;10.98850586
0.02931;10.9922192
0.02932;10.99593252
0.02933;10.99964581
0.02934;11.00335907
0.02935;11.00707231
0.02936;11.01078553
0.02937;11.01449872
0.02938;11.01821188
0.02939;11.02192502
0.0294;11.02563814
0.02941;11.02935122
0.02942;11.03306429
0.02943;11.03677733
0.02944;11.04049034
0.02945;11.04420333
0.02946;11.04791629
0.02947;11.05162923
0.02948;11.05534214
0.02949;11.05905502
0.0295;11.06276789
0.02951;11.06648072
0.02952;11.07019353
0.02953;11.07390632
0.02954;11.07761908
0.02955;11.08133181
0.02956;11.08504452
0.02957;11.08875721
0.02958;11.09246987
0.02959;11.0961825
0.0296;11.09989511
0.02961;11.10360769
0.02962;11.10732025
0.02963;11.11103279
0.02964;11.11474529
0.02965;11.11845778
0.02966;11.12217023
0.02967;11.12588267
0.02968;11.12959507
0.02969;11.13330745
0.0297;11.13701981
0.02971;11.14073214
0.02972;11.14444445
0.02973;11.14815673
0.02974;11.15186898
0.02975;11.15558121
0.02976;11.15929342
0.02977;11.1630056
0.02978;11.16671775
0.02979;11.17042988
0.0298;11.17414198
0.02981;11.17785406
0.02982;11.18156612
0.02983;11.18527814
0.02984;11.18899015
0.02985;11.19270213
0.02986;11.19641408
0.02987;11.200126
0.02988;11.20383791
0.02989;11.20754978
0.0299;11.21126163
0.02991;11.21497346
0.02992;11.21868526
0.02993;11.22239704
0.02994;11.22610879
0.02995;11.22982051
0.02996;11.23353221
0.02997;11.23724389
0.02998;11.24095554
0.02999;11.24466716
0.03;11.24837876
0.03001;11.25209033
0.03002;11.25580188
0.03003;11.2595134
0.03004;11.2632249
0.03005;11.26693638
0.03006;11.27064782
0.03007;11.27435924
0.03008;11.27807064
0.03009;11.28178201
0.0301;11.28549336
0.03011;11.28920468
0.03012;11.29291598
0.03013;11.29662725
0.03014;11.30033849
0.03015;11.30404971
0.03016;11.30776091
0.03017;11.31147208
0.03018;11.31518322
0.03019;11.31889434
0.0302;11.32260544
0.03021;11.3263165
0.03022;11.33002755
0.03023;11.33373857
0.03024;11.33744956
0.03025;11.34116053
0.03026;11.34487147
0.03027;11.34858239
0.03028;11.35229328
0.03029;11.35600414
0.0303;11.35971499
0.03031;11.3634258
0.03032;11.36713659
0.03033;11.37084736
0.03034;11.3745581
0.03035;11.37826881
0.03036;11.3819795
0.03037;11.38569017
0.03038;11.38940081
0.03039;11.39311142
0.0304;11.39682201
0.03041;11.40053257
0.03042;11.40424311
0.03043;11.40795363
0.03044;11.41166411
0.03045;11.41537458
0.03046;11.41908501
0.03047;11.42279543
0.03048;11.42650581
0.03049;11.43021618
0.0305;11.43392651
0.03051;11.43763682
0.03052;11.44134711
0.03053;11.44505737
0.03054;11.4487676
0.03055;11.45247781
0.03056;11.456188
0.03057;11.45989816
0.03058;11.46360829
0.03059;11.4673184
0.0306;11.47102849
0.03061;11.47473855
0.03062;11.47844858
0.03063;11.48215859
0.03064;11.48586857
0.03065;11.48957853
0.03066;11.49328846
0.03067;11.49699837
0.03068;11.50070825
0.03069;11.50441811
0.0307;11.50812794
0.03071;11.51183774
0.03072;11.51554753
0.03073;11.51925728
0.03074;11.52296701
0.03075;11.52667672
0.03076;11.5303864
0.03077;11.53409605
0.03078;11.53780568
0.03079;11.54151528
0.0308;11.54522486
0.03081;11.54893442
0.03082;11.55264395
0.03083;11.55635345
0.03084;11.56006293
0.03085;11.56377238
0.03086;11.56748181
0.03087;11.57119121
0.03088;11.57490059
0.03089;11.57860994
0.0309;11.58231926
0.03091;11.58602857
0.03092;11.58973784
0.03093;11.59344709
0.03094;11.59715632
0.03095;11.60086552
0.03096;11.60457469
0.03097;11.60828384
0.03098;11.61199297
0.03099;11.61570207
0.031;11.61941114
0.03101;11.62312019
0.03102;11.62682921
0.03103;11.63053821
0.03104;11.63424718
0.03105;11.63795613
0.03106;11.64166505
0.03107;11.64537395
0.03108;11.64908282
0.03109;11.65279167
0.0311;11.65650049
0.03111;11.66020929
0.03112;11.66391806
0.03113;11.66762681
0.03114;11.67133553
0.03115;11.67504422
0.03116;11.67875289
0.03117;11.68246154
0.03118;11.68617016
0.03119;11.68987875
0.0312;11.69358732
0.03121;11.69729586
0.03122;11.70100438
0.03123;11.70471287
0.03124;11.70842134
0.03125;11.71212978
0.03126;11.7158382
0.03127;11.71954659
0.03128;11.72325496
0.03129;11.7269633
0.0313;11.73067162
0.03131;11.73437991
0.03132;11.73808818
0.03133;11.74179642
0.03134;11.74550463
0.03135;11.74921282
0.03136;11.75292099
0.03137;11.75662913
0.03138;11.76033724
0.03139;11.76404533
0.0314;11.7677534
0.03141;11.77146144
0.03142;11.77516945
0.03143;11.77887744
0.03144;11.7825854
0.03145;11.78629334
0.03146;11.79000125
0.03147;11.79370914
0.03148;11.797417
0.03149;11.80112484
0.0315;11.80483265
0.03151;11.80854043
0.03152;11.8122482
0.03153;11.81595593
0.03154;11.81966364
0.03155;11.82337133
0.03156;11.82707899
0.03157;11.83078662
0.03158;11.83449423
0.03159;11.83820182
0.0316;11.84190938
0.03161;11.84561691
0.03162;11.84932442
0.03163;11.8530319
0.03164;11.85673936
0.03165;11.86044679
0.03166;11.8641542
0.03167;11.86786158
0.03168;11.87156894
0.03169;11.87527627
0.0317;11.87898358
0.03171;11.88269086
0.03172;11.88639811
0.03173;11.89010535
0.03174;11.89381255
0.03175;11.89751973
0.03176;11.90122689
0.03177;11.90493402
0.03178;11.90864112
0.03179;11.9123482
0.0318;11.91605525
0.03181;11.91976228
0.03182;11.92346929
0.03183;11.92717626
0.03184;11.93088322
0.03185;11.93459015
0.03186;11.93829705
0.03187;11.94200393
0.03188;11.94571078
0.03189;11.9494176
0.0319;11.95312441
0.03191;11.95683118
0.03192;11.96053793
0.03193;11.96424466
0.03194;11.96795136
0.03195;11.97165804
0.03196;11.97536469
0.03197;11.97907131
0.03198;11.98277791
0.03199;11.98648448
0.032;11.99019103
0.03201;11.99389756
0.03202;11.99760406
0.03203;12.00131053
0.03204;12.00501698
0.03205;12.0087234
0.03206;12.0124298
0.03207;12.01613617
0.03208;12.01984252
0.03209;12.02354884
0.0321;12.02725514
0.03211;12.03096141
0.03212;12.03466765
0.03213;12.03837387
0.03214;12.04208007
0.03215;12.04578624
0.03216;12.04949239
0.03217;12.05319851
0.03218;12.0569046
0.03219;12.06061067
0.0322;12.06431671
0.03221;12.06802273
0.03222;12.07172873
0.03223;12.07543469
0.03224;12.07914064
0.03225;12.08284656
0.03226;12.08655245
0.03227;12.09025832
0.03228;12.09396416
0.03229;12.09766997
0.0323;12.10137577
0.03231;12.10508153
0.03232;12.10878727
0.03233;12.11249299
0.03234;12.11619868
0.03235;12.11990435
0.03236;12.12360999
0.03237;12.1273156
0.03238;12.13102119
0.03239;12.13472675
0.0324;12.13843229
0.03241;12.14213781
0.03242;12.1458433
0.03243;12.14954876
0.03244;12.1532542
0.03245;12.15695961
0.03246;12.160665
0.03247;12.16437036
0.03248;12.1680757
0.03249;12.17178101
0.0325;12.1754863
0.03251;12.17919156
0.03252;12.18289679
0.03253;12.186602
0.03254;12.19030719
0.03255;12.19401235
0.03256;12.19771749
0.03257;12.2014226
0.03258;12.20512768
0.03259;12.20883274
0.0326;12.21253777
0.03261;12.21624278
0.03262;12.21994777
0.03263;12.22365273
0.03264;12.22735766
0.03265;12.23106257
0.03266;12.23476745
0.03267;12.23847231
0.03268;12.24217714
0.03269;12.24588195
0.0327;12.24958673
0.03271;12.25329148
0.03272;12.25699621
0.03273;12.26070092
0.03274;12.2644056
0.03275;12.26811026
0.03276;12.27181489
0.03277;12.27551949
0.03278;12.27922407
0.03279;12.28292863
0.0328;12.28663316
0.03281;12.29033766
0.03282;12.29404214
0.03283;12.29774659
0.03284;12.30145102
0.03285;12.30515542
0.03286;12.3088598
0.03287;12.31256415
0.03288;12.31626848
0.03289;12.31997278
0.0329;12.32367706
0.03291;12.32738131
0.03292;12.33108554
0.03293;12.33478974
0.03294;12.33849391
0.03295;12.34219806
0.03296;12.34590219
0.03297;12.34960629
0.03298;12.35331036
0.03299;12.35701441
0.033;12.36071844
0.03301;12.36442244
0.03302;12.36812641
0.03303;12.37183036
0.03304;12.37553428
0.03305;12.37923818
0.03306;12.38294205
0.03307;12.3866459
0.03308;12.39034972
0.03309;12.39405352
0.0331;12.39775729
0.03311;12.40146104
0.03312;12.40516476
0.03313;12.40886845
0.03314;12.41257212
0.03315;12.41627577
0.03316;12.41997939
0.03317;12.42368299
0.03318;12.42738656
0.03319;12.4310901
0.0332;12.43479362
0.03321;12.43849711
0.03322;12.44220058
0.03323;12.44590403
0.03324;12.44960744
0.03325;12.45331084
0.03326;12.4570142
0.03327;12.46071755
0.03328;12.46442086
0.03329;12.46812416
0.0333;12.47182742
0.03331;12.47553066
0.03332;12.47923388
0.03333;12.48293707
0.03334;12.48664024
0.03335;12.49034338
0.03336;12.49404649
0.03337;12.49774958
0.03338;12.50145265
0.03339;12.50515569
0.0334;12.5088587
0.03341;12.51256169
0.03342;12.51626465
0.03343;12.51996759
0.03344;12.52367051
0.03345;12.52737339
0.03346;12.53107626
0.03347;12.53477909
0.03348;12.53848191
0.03349;12.54218469
0.0335;12.54588746
0.03351;12.54959019
0.03352;12.5532929
0.03353;12.55699559
0.03354;12.56069825
0.03355;12.56440089
0.03356;12.5681035
0.03357;12.57180608
0.03358;12.57550864
0.03359;12.57921118
0.0336;12.58291368
0.03361;12.58661617
0.03362;12.59031863
0.03363;12.59402106
0.03364;12.59772347
0.03365;12.60142585
0.03366;12.60512821
0.03367;12.60883054
0.03368;12.61253285
0.03369;12.61623513
0.0337;12.61993739
0.03371;12.62363962
0.03372;12.62734183
0.03373;12.63104401
0.03374;12.63474616
0.03375;12.63844829
0.03376;12.6421504
0.03377;12.64585248
0.03378;12.64955453
0.03379;12.65325656
0.0338;12.65695857
0.03381;12.66066055
0.03382;12.6643625
0.03383;12.66806443
0.03384;12.67176633
0.03385;12.67546821
0.03386;12.67917006
0.03387;12.68287189
0.03388;12.68657369
0.03389;12.69027547
0.0339;12.69397722
0.03391;12.69767895
0.03392;12.70138065
0.03393;12.70508233
0.03394;12.70878398
0.03395;12.7124856
0.03396;12.7161872
0.03397;12.71988878
0.03398;12.72359033
0.03399;12.72729185
0.034;12.73099335
0.03401;12.73469483
0.03402;12.73839627
0.03403;12.7420977
0.03404;12.7457991
0.03405;12.74950047
0.03406;12.75320182
0.03407;12.75690314
0.03408;12.76060444
0.03409;12.76430571
0.0341;12.76800696
0.03411;12.77170818
0.03412;12.77540937
0.03413;12.77911055
0.03414;12.78281169
0.03415;12.78651281
0.03416;12.79021391
0.03417;12.79391498
0.03418;12.79761602
0.03419;12.80131704
0.0342;12.80501804
0.03421;12.80871901
0.03422;12.81241995
0.03423;12.81612087
0.03424;12.81982176
0.03425;12.82352263
0.03426;12.82722347
0.03427;12.83092429
0.03428;12.83462508
0.03429;12.83832585
0.0343;12.84202659
0.03431;12.84572731
0.03432;12.849428
0.03433;12.85312866
0.03434;12.85682931
0.03435;12.86052992
0.03436;12.86423051
0.03437;12.86793108
0.03438;12.87163162
0.03439;12.87533213
0.0344;12.87903262
0.03441;12.88273308
0.03442;12.88643352
0.03443;12.89013394
0.03444;12.89383433
0.03445;12.89753469
0.03446;12.90123503
0.03447;12.90493534
0.03448;12.90863563
0.03449;12.91233589
0.0345;12.91603613
0.03451;12.91973634
0.03452;12.92343652
0.03453;12.92713668
0.03454;12.93083682
0.03455;12.93453693
0.03456;12.93823702
0.03457;12.94193708
0.03458;12.94563711
0.03459;12.94933712
0.0346;12.95303711
0.03461;12.95673707
0.03462;12.960437
0.03463;12.96413691
0.03464;12.96783679
0.03465;12.97153665
0.03466;12.97523648
0.03467;12.97893629
0.03468;12.98263607
0.03469;12.98633583
0.0347;12.99003556
0.03471;12.99373527
0.03472;12.99743495
0.03473;13.00113461
0.03474;13.00483424
0.03475;13.00853384
0.03476;13.01223342
0.03477;13.01593298
0.03478;13.01963251
0.03479;13.02333201
0.0348;13.02703149
0.03481;13.03073095
0.03482;13.03443037
0.03483;13.03812978
0.03484;13.04182916
0.03485;13.04552851
0.03486;13.04922784
0.03487;13.05292714
0.03488;13.05662642
0.03489;13.06032567
0.0349;13.0640249
0.03491;13.0677241
0.03492;13.07142328
0.03493;13.07512243
0.03494;13.07882155
0.03495;13.08252065
0.03496;13.08621973
0.03497;13.08991878
0.03498;13.0936178
0.03499;13.0973168
0.035;13.10101578
0.03501;13.10471473
0.03502;13.10841365
0.03503;13.11211255
0.03504;13.11581142
0.03505;13.11951027
0.03506;13.12320909
0.03507;13.12690789
0.03508;13.13060666
0.03509;13.13430541
0.0351;13.13800413
0.03511;13.14170283
0.03512;13.1454015
0.03513;13.14910015
0.03514;13.15279877
0.03515;13.15649736
0.03516;13.16019593
0.03517;13.16389448
0.03518;13.167593
0.03519;13.17129149
0.0352;13.17498996
0.03521;13.17868841
0.03522;13.18238683
0.03523;13.18608522
0.03524;13.18978359
0.03525;13.19348193
0.03526;13.19718025
0.03527;13.20087854
0.03528;13.20457681
0.03529;13.20827505
0.0353;13.21197327
0.03531;13.21567146
0.03532;13.21936963
0.03533;13.22306777
0.03534;13.22676589
0.03535;13.23046398
0.03536;13.23416204
0.03537;13.23786008
0.03538;13.2415581
0.03539;13.24525609
0.0354;13.24895405
0.03541;13.25265199
0.03542;13.2563499
0.03543;13.26004779
0.03544;13.26374566
0.03545;13.26744349
0.03546;13.27114131
0.03547;13.2748391
0.03548;13.27853686
0.03549;13.2822346
0.0355;13.28593231
0.03551;13.28962999
0.03552;13.29332766
0.03553;13.29702529
0.03554;13.3007229
0.03555;13.30442049
0.03556;13.30811805
0.03557;13.31181558
0.03558;13.31551309
0.03559;13.31921058
0.0356;13.32290804
0.03561;13.32660547
0.03562;13.33030288
0.03563;13.33400027
0.03564;13.33769762
0.03565;13.34139496
0.03566;13.34509227
0.03567;13.34878955
0.03568;13.35248681
0.03569;13.35618404
0.0357;13.35988124
0.03571;13.36357843
0.03572;13.36727558
0.03573;13.37097271
0.03574;13.37466982
0.03575;13.3783669
0.03576;13.38206396
0.03577;13.38576099
0.03578;13.38945799
0.03579;13.39315497
0.0358;13.39685193
0.03581;13.40054886
0.03582;13.40424576
0.03583;13.40794264
0.03584;13.41163949
0.03585;13.41533632
0.03586;13.41903312
0.03587;13.4227299
0.03588;13.42642665
0.03589;13.43012338
0.0359;13.43382008
0.03591;13.43751676
0.03592;13.44121341
0.03593;13.44491004
0.03594;13.44860664
0.03595;13.45230321
0.03596;13.45599976
0.03597;13.45969629
0.03598;13.46339279
0.03599;13.46708927
0.036;13.47078571
0.03601;13.47448214
0.03602;13.47817854
0.03603;13.48187491
0.03604;13.48557126
0.03605;13.48926758
0.03606;13.49296388
0.03607;13.49666015
0.03608;13.5003564
0.03609;13.50405262
0.0361;13.50774882
0.03611;13.51144499
0.03612;13.51514114
0.03613;13.51883726
0.03614;13.52253336
0.03615;13.52622943
0.03616;13.52992547
0.03617;13.53362149
0.03618;13.53731749
0.03619;13.54101346
0.0362;13.5447094
0.03621;13.54840532
0.03622;13.55210122
0.03623;13.55579709
0.03624;13.55949293
0.03625;13.56318875
0.03626;13.56688454
0.03627;13.57058031
0.03628;13.57427605
0.03629;13.57797177
0.0363;13.58166746
0.03631;13.58536313
0.03632;13.58905877
0.03633;13.59275439
0.03634;13.59644998
0.03635;13.60014554
0.03636;13.60384108
0.03637;13.6075366
0.03638;13.61123209
0.03639;13.61492755
0.0364;13.61862299
0.03641;13.62231841
0.03642;13.6260138
0.03643;13.62970916
0.03644;13.6334045
0.03645;13.63709981
0.03646;13.6407951
0.03647;13.64449036
0.03648;13.6481856
0.03649;13.65188081
0.0365;13.655576
0.03651;13.65927116
0.03652;13.6629663
0.03653;13.66666141
0.03654;13.6703565
0.03655;13.67405156
0.03656;13.67774659
0.03657;13.6814416
0.03658;13.68513659
0.03659;13.68883155
0.0366;13.69252648
0.03661;13.69622139
0.03662;13.69991628
0.03663;13.70361113
0.03664;13.70730597
0.03665;13.71100078
0.03666;13.71469556
0.03667;13.71839032
0.03668;13.72208505
0.03669;13.72577976
0.0367;13.72947444
0.03671;13.7331691
0.03672;13.73686373
0.03673;13.74055833
0.03674;13.74425292
0.03675;13.74794747
0.03676;13.751642
0.03677;13.75533651
0.03678;13.75903099
0.03679;13.76272544
0.0368;13.76641987
0.03681;13.77011428
0.03682;13.77380866
0.03683;13.77750301
0.03684;13.78119734
0.03685;13.78489164
0.03686;13.78858592
0.03687;13.79228017
0.03688;13.7959744
0.03689;13.7996686
0.0369;13.80336278
0.03691;13.80705693
0.03692;13.81075106
0.03693;13.81444516
0.03694;13.81813924
0.03695;13.82183329
0.03696;13.82552731
0.03697;13.82922131
0.03698;13.83291529
0.03699;13.83660924
0.037;13.84030316
0.03701;13.84399706
0.03702;13.84769094
0.03703;13.85138479
0.03704;13.85507861
0.03705;13.85877241
0.03706;13.86246618
0.03707;13.86615993
0.03708;13.86985365
0.03709;13.87354735
0.0371;13.87724102
0.03711;13.88093467
0.03712;13.88462829
0.03713;13.88832189
0.03714;13.89201546
0.03715;13.895709
0.03716;13.89940252
0.03717;13.90309602
0.03718;13.90678949
0.03719;13.91048293
0.0372;13.91417635
0.03721;13.91786975
0.03722;13.92156312
0.03723;13.92525646
0.03724;13.92894978
0.03725;13.93264307
0.03726;13.93633634
0.03727;13.94002958
0.03728;13.9437228
0.03729;13.94741599
0.0373;13.95110916
0.03731;13.9548023
0.03732;13.95849542
0.03733;13.96218851
0.03734;13.96588158
0.03735;13.96957462
0.03736;13.97326763
0.03737;13.97696063
0.03738;13.98065359
0.03739;13.98434653
0.0374;13.98803945
0.03741;13.99173233
0.03742;13.9954252
0.03743;13.99911804
0.03744;14.00281085
0.03745;14.00650364
0.03746;14.0101964
0.03747;14.01388914
0.03748;14.01758185
0.03749;14.02127454
0.0375;14.0249672
0.03751;14.02865984
0.03752;14.03235245
0.03753;14.03604504
0.03754;14.0397376
0.03755;14.04343014
0.03756;14.04712265
0.03757;14.05081513
0.03758;14.05450759
0.03759;14.05820003
0.0376;14.06189244
0.03761;14.06558482
0.03762;14.06927718
0.03763;14.07296951
0.03764;14.07666182
0.03765;14.08035411
0.03766;14.08404637
0.03767;14.0877386
0.03768;14.09143081
0.03769;14.09512299
0.0377;14.09881515
0.03771;14.10250728
0.03772;14.10619938
0.03773;14.10989147
0.03774;14.11358352
0.03775;14.11727555
0.03776;14.12096756
0.03777;14.12465954
0.03778;14.12835149
0.03779;14.13204342
0.0378;14.13573533
0.03781;14.13942721
0.03782;14.14311906
0.03783;14.14681089
0.03784;14.1505027
0.03785;14.15419447
0.03786;14.15788623
0.03787;14.16157796
0.03788;14.16526966
0.03789;14.16896134
0.0379;14.17265299
0.03791;14.17634462
0.03792;14.18003622
0.03793;14.18372779
0.03794;14.17943649
0.03795;14.17434245
0.03796;14.16924377
0.03797;14.16414042
0.03798;14.15903243
0.03799;14.15391977
0.038;14.14880247
0.03801;14.14368051
0.03802;14.1385539
0.03803;14.13342263
0.03804;14.12828671
0.03805;14.12314613
0.03806;14.1180009
0.03807;14.11285101
0.03808;14.10769647
0.03809;14.10253728
0.0381;14.09737343
0.03811;14.09220493
0.03812;14.08703178
0.03813;14.08185397
0.03814;14.0766715
0.03815;14.07148438
0.03816;14.06629261
0.03817;14.06109618
0.03818;14.0558951
0.03819;14.05068937
0.0382;14.04547898
0.03821;14.04026393
0.03822;14.03504424
0.03823;14.02981988
0.03824;14.02459088
0.03825;14.01935722
0.03826;14.0141189
0.03827;14.00887593
0.03828;14.00362831
0.03829;13.99837603
0.0383;13.9931191
0.03831;13.98785751
0.03832;13.98259127
0.03833;13.97732038
0.03834;13.97204483
0.03835;13.96676463
0.03836;13.96147977
0.03837;13.95619026
0.03838;13.95089609
0.03839;13.94559728
0.0384;13.9402938
0.03841;13.93498567
0.03842;13.92967289
0.03843;13.92435545
0.03844;13.91903336
0.03845;13.91370662
0.03846;13.90837522
0.03847;13.90303917
0.03848;13.89769846
0.03849;13.8923531
0.0385;13.88700308
0.03851;13.88164841
0.03852;13.87628909
0.03853;13.87092511
0.03854;13.86555648
0.03855;13.86018319
0.03856;13.85480525
0.03857;13.84942265
0.03858;13.8440354
0.03859;13.8386435
0.0386;13.83324694
0.03861;13.82784573
0.03862;13.82243986
0.03863;13.81702934
0.03864;13.81161417
0.03865;13.80619434
0.03866;13.80076985
0.03867;13.79534072
0.03868;13.78990692
0.03869;13.78446848
0.0387;13.77902538
0.03871;13.77357762
0.03872;13.76812522
0.03873;13.76266815
0.03874;13.75720644
0.03875;13.75174006
0.03876;13.74626904
0.03877;13.74079336
0.03878;13.73531303
0.03879;13.72982804
0.0388;13.7243384
0.03881;13.7188441
0.03882;13.71334515
0.03883;13.70784154
0.03884;13.70233328
0.03885;13.69682037
0.03886;13.6913028
0.03887;13.68578058
0.03888;13.68025371
0.03889;13.67472218
0.0389;13.66918599
0.03891;13.66364515
0.03892;13.65809966
0.03893;13.65254951
0.03894;13.64699471
0.03895;13.64143526
0.03896;13.63587115
0.03897;13.63030238
0.03898;13.62472896
0.03899;13.61915089
0.039;13.61356817
0.03901;13.60798078
0.03902;13.60238875
0.03903;13.59679206
0.03904;13.59119072
0.03905;13.58558472
0.03906;13.57997407
0.03907;13.57435876
0.03908;13.5687388
0.03909;13.56311419
0.0391;13.55748492
0.03911;13.551851
0.03912;13.54621242
0.03913;13.54056919
0.03914;13.5349213
0.03915;13.52926876
0.03916;13.52361157
0.03917;13.51794972
0.03918;13.51228322
0.03919;13.50661206
0.0392;13.50093625
0.03921;13.49525579
0.03922;13.48957067
0.03923;13.48388089
0.03924;13.47818647
0.03925;13.47248738
0.03926;13.46678365
0.03927;13.46107526
0.03928;13.45536221
0.03929;13.44964452
0.0393;13.44392216
0.03931;13.43819516
0.03932;13.43246349
0.03933;13.42672718
0.03934;13.42098621
0.03935;13.41524058
0.03936;13.40949031
0.03937;13.40373537
0.03938;13.39797579
0.03939;13.39221155
0.0394;13.38644265
0.03941;13.3806691
0.03942;13.3748909
0.03943;13.36910804
0.03944;13.36332053
0.03945;13.35752836
0.03946;13.35173154
0.03947;13.34593007
0.03948;13.34012394
0.03949;13.33431316
0.0395;13.32849772
0.03951;13.32267763
0.03952;13.31685288
0.03953;13.31102348
0.03954;13.30518943
0.03955;13.29935072
0.03956;13.29350736
0.03957;13.28765934
0.03958;13.28180667
0.03959;13.27594935
0.0396;13.27008737
0.03961;13.26422074
0.03962;13.25834945
0.03963;13.25247351
0.03964;13.24659291
0.03965;13.24070766
0.03966;13.23481776
0.03967;13.2289232
0.03968;13.22302398
0.03969;13.21712012
0.0397;13.2112116
0.03971;13.20529842
0.03972;13.19938059
0.03973;13.19345811
0.03974;13.18753097
0.03975;13.18159918
0.03976;13.17566273
0.03977;13.16972163
0.03978;13.16377587
0.03979;13.15782546
0.0398;13.1518704
0.03981;13.14591068
0.03982;13.13994631
0.03983;13.13397729
0.03984;13.12800361
0.03985;13.12202527
0.03986;13.11604228
0.03987;13.11005464
0.03988;13.10406234
0.03989;13.09806539
0.0399;13.09206379
0.03991;13.08605753
0.03992;13.08004661
0.03993;13.07403104
0.03994;13.06801082
0.03995;13.06198594
0.03996;13.05595641
0.03997;13.04992223
0.03998;13.04388339
0.03999;13.0378399
0.04;13.03179175
0.04001;13.02573895
0.04002;13.01968149
0.04003;13.01361938
0.04004;13.00755262
0.04005;13.0014812
0.04006;12.99540512
0.04007;12.9893244
0.04008;12.98323902
0.04009;12.97714898
0.0401;12.97105429
0.04011;12.96495495
0.04012;12.95885095
0.04013;12.9527423
0.04014;12.94662899
0.04015;12.94051103
0.04016;12.93438841
0.04017;12.92826114
0.04018;12.92212922
0.04019;12.91599264
0.0402;12.90985141
0.04021;12.90370553
0.04022;12.89755498
0.04023;12.89139979
0.04024;12.88523994
0.04025;12.87907544
0.04026;12.87290628
0.04027;12.86673247
0.04028;12.860554
0.04029;12.85437088
0.0403;12.84818311
0.04031;12.84199068
0.04032;12.8357936
0.04033;12.82959186
0.04034;12.82338547
0.04035;12.81717443
0.04036;12.81095873
0.04037;12.80473838
0.04038;12.79851337
0.04039;12.79228371
0.0404;12.78604939
0.04041;12.77981042
0.04042;12.77356679
0.04043;12.76731852
0.04044;12.76106558
0.04045;12.754808
0.04046;12.74854575
0.04047;12.74227886
0.04048;12.73600731
0.04049;12.72973111
0.0405;12.72345025
0.04051;12.71716473
0.04052;12.71087457
0.04053;12.70457975
0.04054;12.69828027
0.04055;12.69197614
0.04056;12.68566736
0.04057;12.67935392
0.04058;12.67303583
0.04059;12.66671308
0.0406;12.66038568
0.04061;12.65405363
0.04062;12.64771692
0.04063;12.64137556
0.04064;12.63502954
0.04065;12.62867887
0.04066;12.62232354
0.04067;12.61596356
0.04068;12.60959893
0.04069;12.60322964
0.0407;12.5968557
0.04071;12.5904771
0.04072;12.58409385
0.04073;12.57770595
0.04074;12.57131339
0.04075;12.56491617
0.04076;12.55851431
0.04077;12.55210778
0.04078;12.54569661
0.04079;12.53928078
0.0408;12.53286029
0.04081;12.52643515
0.04082;12.52000536
0.04083;12.51357091
0.04084;12.50713181
0.04085;12.50068806
0.04086;12.49423965
0.04087;12.48778658
0.04088;12.48132886
0.04089;12.47486649
0.0409;12.46839947
0.04091;12.46192778
0.04092;12.45545145
0.04093;12.44897046
0.04094;12.44248482
0.04095;12.43599452
0.04096;12.42949957
0.04097;12.42299996
0.04098;12.4164957
0.04099;12.40998679
0.041;12.40347322
0.04101;12.39695499
0.04102;12.39043212
0.04103;12.38390459
0.04104;12.3773724
0.04105;12.37083556
0.04106;12.36429407
0.04107;12.35774792
0.04108;12.35119712
0.04109;12.34464166
0.0411;12.33808155
0.04111;12.33151678
0.04112;12.32494736
0.04113;12.31837329
0.04114;12.31179456
0.04115;12.30521118
0.04116;12.29862314
0.04117;12.29203045
0.04118;12.28543311
0.04119;12.27883111
0.0412;12.27222446
0.04121;12.26561315
0.04122;12.25899719
0.04123;12.25237657
0.04124;12.2457513
0.04125;12.23912138
0.04126;12.2324868
0.04127;12.22584757
0.04128;12.21920368
0.04129;12.21255514
0.0413;12.20590195
0.04131;12.1992441
0.04132;12.19258159
0.04133;12.18591444
0.04134;12.17924262
0.04135;12.17256616
0.04136;12.16588504
0.04137;12.15919926
0.04138;12.15250883
0.04139;12.14581375
0.0414;12.13911401
0.04141;12.13240962
0.04142;12.12570058
0.04143;12.11898688
0.04144;12.11226852
0.04145;12.10554551
0.04146;12.09881785
0.04147;12.09208553
0.04148;12.08534856
0.04149;12.07860694
0.0415;12.07186066
0.04151;12.06510973
0.04152;12.05835414
0.04153;12.0515939
0.04154;12.044829
0.04155;12.03805945
0.04156;12.03128525
0.04157;12.02450639
0.04158;12.01772287
0.04159;12.01093471
0.0416;12.00414188
0.04161;11.99734441
0.04162;11.99054228
0.04163;11.9837355
0.04164;11.97692406
0.04165;11.97010796
0.04166;11.96328722
0.04167;11.95646182
0.04168;11.94963176
0.04169;11.94279705
0.0417;11.93595769
0.04171;11.92911367
0.04172;11.922265
0.04173;11.91541167
0.04174;11.90855369
0.04175;11.90169106
0.04176;11.89482377
0.04177;11.88795183
0.04178;11.88107523
0.04179;11.87419398
0.0418;11.86730807
0.04181;11.86041751
0.04182;11.8535223
0.04183;11.84662243
0.04184;11.83971791
0.04185;11.83280873
0.04186;11.8258949
0.04187;11.81897641
0.04188;11.81205327
0.04189;11.80512548
0.0419;11.79819303
0.04191;11.79125593
0.04192;11.78431417
0.04193;11.77736776
0.04194;11.7704167
0.04195;11.76346098
0.04196;11.75650061
0.04197;11.74953558
0.04198;11.7425659
0.04199;11.73559156
0.042;11.72861257
0.04201;11.72162893
0.04202;11.71464063
0.04203;11.70764768
0.04204;11.70065007
0.04205;11.69364781
0.04206;11.6866409
0.04207;11.67962933
0.04208;11.6726131
0.04209;11.66559222
0.0421;11.65856669
0.04211;11.65153651
0.04212;11.64450167
0.04213;11.63746217
0.04214;11.63041802
0.04215;11.62336922
0.04216;11.61631576
0.04217;11.60925765
0.04218;11.60219489
0.04219;11.59512747
0.0422;11.58805539
0.04221;11.58097866
0.04222;11.57389728
0.04223;11.56681124
0.04224;11.55972055
0.04225;11.55262521
0.04226;11.54552521
0.04227;11.53842055
0.04228;11.53131125
0.04229;11.52419728
0.0423;11.51707867
0.04231;11.5099554
0.04232;11.50282747
0.04233;11.49569489
0.04234;11.48855766
0.04235;11.48141577
0.04236;11.47426923
0.04237;11.46711804
0.04238;11.45996219
0.04239;11.45280168
0.0424;11.44563652
0.04241;11.43846671
0.04242;11.43129224
0.04243;11.42411312
0.04244;11.41692935
0.04245;11.40974092
0.04246;11.40254784
0.04247;11.3953501
0.04248;11.38814771
0.04249;11.38094066
0.0425;11.37372896
0.04251;11.3665126
0.04252;11.3592916
0.04253;11.35206593
0.04254;11.34483561
0.04255;11.33760064
0.04256;11.33036102
0.04257;11.32311674
0.04258;11.3158678
0.04259;11.30861422
0.0426;11.30135597
0.04261;11.29409308
0.04262;11.28682552
0.04263;11.27955332
0.04264;11.27227646
0.04265;11.26499495
0.04266;11.25770878
0.04267;11.25041796
0.04268;11.24312248
0.04269;11.23582235
0.0427;11.22851757
0.04271;11.22120813
0.04272;11.21389403
0.04273;11.20657529
0.04274;11.19925188
0.04275;11.19192383
0.04276;11.18459112
0.04277;11.17725375
0.04278;11.16991174
0.04279;11.16256506
0.0428;11.15521374
0.04281;11.14785776
0.04282;11.14049712
0.04283;11.13313183
0.04284;11.12576189
0.04285;11.11838729
0.04286;11.11100804
0.04287;11.10362413
0.04288;11.09623557
0.04289;11.08884236
0.0429;11.08144449
0.04291;11.07404196
0.04292;11.06663479
0.04293;11.05922295
0.04294;11.05180647
0.04295;11.04438533
0.04296;11.03695953
0.04297;11.02952909
0.04298;11.02209398
0.04299;11.01465423
0.043;11.00720982
0.04301;10.99976075
0.04302;10.99230703
0.04303;10.98484866
0.04304;10.97738563
0.04305;10.96991795
0.04306;10.96244561
0.04307;10.95496862
0.04308;10.94748698
0.04309;10.94000068
0.0431;10.93250972
0.04311;10.92501412
0.04312;10.91751385
0.04313;10.91000894
0.04314;10.90249937
0.04315;10.89498515
0.04316;10.88746627
0.04317;10.87994273
0.04318;10.87241455
0.04319;10.86488171
0.0432;10.85734421
0.04321;10.84980206
0.04322;10.84225526
0.04323;10.8347038
0.04324;10.82714769
0.04325;10.81958692
0.04326;10.8120215
0.04327;10.80445143
0.04328;10.7968767
0.04329;10.78929731
0.0433;10.78171328
0.04331;10.77412458
0.04332;10.76653124
0.04333;10.75893324
0.04334;10.75133058
0.04335;10.74372328
0.04336;10.73611131
0.04337;10.7284947
0.04338;10.72087343
0.04339;10.7132475
0.0434;10.70561692
0.04341;10.69798169
0.04342;10.6903418
0.04343;10.68269726
0.04344;10.67504806
0.04345;10.66739421
0.04346;10.65973571
0.04347;10.65207255
0.04348;10.64440473
0.04349;10.63673227
0.0435;10.62905514
0.04351;10.62137337
0.04352;10.61368694
0.04353;10.60599585
0.04354;10.59830012
0.04355;10.59059972
0.04356;10.58289468
0.04357;10.57518498
0.04358;10.56747062
0.04359;10.55975161
0.0436;10.55202795
0.04361;10.54429963
0.04362;10.53656666
0.04363;10.52882903
0.04364;10.52108675
0.04365;10.51333982
0.04366;10.50558823
0.04367;10.49783198
0.04368;10.49007109
0.04369;10.48230553
0.0437;10.47453533
0.04371;10.46676047
0.04372;10.45898095
0.04373;10.45119679
0.04374;10.44340796
0.04375;10.43561449
0.04376;10.42781635
0.04377;10.42001357
0.04378;10.41220613
0.04379;10.40439404
0.0438;10.39657729
0.04381;10.38875589
0.04382;10.38092983
0.04383;10.37309912
0.04384;10.36526375
0.04385;10.35742374
0.04386;10.34957906
0.04387;10.34172973
0.04388;10.33387575
0.04389;10.32601712
0.0439;10.31815383
0.04391;10.31028588
0.04392;10.30241328
0.04393;10.29453603
0.04394;10.28665412
0.04395;10.27876756
0.04396;10.27087635
0.04397;10.26298048
0.04398;10.25507996
0.04399;10.24717478
0.044;10.23926495
0.04401;10.23135046
0.04402;10.22343132
0.04403;10.21550752
0.04404;10.20757907
0.04405;10.19964597
0.04406;10.19170821
0.04407;10.1837658
0.04408;10.17581874
0.04409;10.16786702
0.0441;10.15991064
0.04411;10.15194961
0.04412;10.14398393
0.04413;10.13601359
0.04414;10.1280386
0.04415;10.12005896
0.04416;10.11207466
0.04417;10.1040857
0.04418;10.0960921
0.04419;10.08809383
0.0442;10.08009092
0.04421;10.07208335
0.04422;10.06407112
0.04423;10.05605424
0.04424;10.04803271
0.04425;10.04000652
0.04426;10.03197568
0.04427;10.02394018
0.04428;10.01590003
0.04429;10.00785523
0.0443;9.999805772
0.04431;9.991751659
0.04432;9.983692892
0.04433;9.975629471
0.04434;9.967561396
0.04435;9.959488666
0.04436;9.951411282
0.04437;9.943329244
0.04438;9.935242552
0.04439;9.927151206
0.0444;9.919055205
0.04441;9.91095455
0.04442;9.902849241
0.04443;9.894739278
0.04444;9.88662466
0.04445;9.878505389
0.04446;9.870381463
0.04447;9.862252883
0.04448;9.854119648
0.04449;9.84598176
0.0445;9.837839217
0.04451;9.82969202
0.04452;9.821540169
0.04453;9.813383664
0.04454;9.805222504
0.04455;9.79705669
0.04456;9.788886222
0.04457;9.7807111
0.04458;9.772531324
0.04459;9.764346893
0.0446;9.756157808
0.04461;9.747964069
0.04462;9.739765676
0.04463;9.731562628
0.04464;9.723354927
0.04465;9.715142571
0.04466;9.706925561
0.04467;9.698703896
0.04468;9.690477578
0.04469;9.682246605
0.0447;9.674010978
0.04471;9.665770697
0.04472;9.657525761
0.04473;9.649276172
0.04474;9.641021928
0.04475;9.63276303
0.04476;9.624499478
0.04477;9.616231271
0.04478;9.607958411
0.04479;9.599680896
0.0448;9.591398727
0.04481;9.583111903
0.04482;9.574820426
0.04483;9.566524294
0.04484;9.558223508
0.04485;9.549918068
0.04486;9.541607974
0.04487;9.533293225
0.04488;9.524973822
0.04489;9.516649765
0.0449;9.508321054
0.04491;9.499987689
0.04492;9.491649669
0.04493;9.483306995
0.04494;9.474959667
0.04495;9.466607685
0.04496;9.458251049
0.04497;9.449889758
0.04498;9.441523813
0.04499;9.433153214
0.045;9.424777961
0.04501;9.416398053
0.04502;9.408013492
0.04503;9.399624276
0.04504;9.391230405
0.04505;9.382831881
0.04506;9.374428703
0.04507;9.36602087
0.04508;9.357608383
0.04509;9.349191242
0.0451;9.340769446
0.04511;9.332342996
0.04512;9.323911893
0.04513;9.315476135
0.04514;9.307035722
0.04515;9.298590656
0.04516;9.290140935
0.04517;9.28168656
0.04518;9.273227531
0.04519;9.264763848
0.0452;9.25629551
0.04521;9.247822519
0.04522;9.239344873
0.04523;9.230862572
0.04524;9.222375618
0.04525;9.213884009
0.04526;9.205387747
0.04527;9.19688683
0.04528;9.188381258
0.04529;9.179871033
0.0453;9.171356153
0.04531;9.16283662
0.04532;9.154312431
0.04533;9.145783589
0.04534;9.137250093
0.04535;9.128711942
0.04536;9.120169137
0.04537;9.111621678
0.04538;9.103069565
0.04539;9.094512797
0.0454;9.085951375
0.04541;9.077385299
0.04542;9.068814569
0.04543;9.060239185
0.04544;9.051659146
0.04545;9.043074453
0.04546;9.034485106
0.04547;9.025891105
0.04548;9.01729245
0.04549;9.00868914
0.0455;9.000081176
0.04551;8.991468558
0.04552;8.982851286
0.04553;8.974229359
0.04554;8.965602779
0.04555;8.956971544
0.04556;8.948335654
0.04557;8.939695111
0.04558;8.931049914
0.04559;8.922400062
0.0456;8.913745556
0.04561;8.905086396
0.04562;8.896422581
0.04563;8.887754113
0.04564;8.87908099
0.04565;8.870403213
0.04566;8.861720781
0.04567;8.853033696
0.04568;8.844341956
0.04569;8.835645562
0.0457;8.826944514
0.04571;8.818238812
0.04572;8.809528455
0.04573;8.800813445
0.04574;8.79209378
0.04575;8.783369461
0.04576;8.774640487
0.04577;8.76590686
0.04578;8.757168578
0.04579;8.748425642
0.0458;8.739678052
0.04581;8.730925807
0.04582;8.722168909
0.04583;8.713407356
0.04584;8.704641149
0.04585;8.695870287
0.04586;8.687094772
0.04587;8.678314602
0.04588;8.669529778
0.04589;8.6607403
0.0459;8.651946168
0.04591;8.643147381
0.04592;8.634343941
0.04593;8.625535846
0.04594;8.616723097
0.04595;8.607905693
0.04596;8.599083636
0.04597;8.590256924
0.04598;8.581425558
0.04599;8.572589538
0.046;8.563748863
0.04601;8.554903534
0.04602;8.546053552
0.04603;8.537198915
0.04604;8.528339623
0.04605;8.519475678
0.04606;8.510607078
0.04607;8.501733824
0.04608;8.492855916
0.04609;8.483973354
0.0461;8.475086137
0.04611;8.466194266
0.04612;8.457297741
0.04613;8.448396562
0.04614;8.439490729
0.04615;8.430580241
0.04616;8.421665099
0.04617;8.412745303
0.04618;8.403820853
0.04619;8.394891749
0.0462;8.38595799
0.04621;8.377019577
0.04622;8.36807651
0.04623;8.359128789
0.04624;8.350176413
0.04625;8.341219383
0.04626;8.3322577
0.04627;8.323291361
0.04628;8.314320369
0.04629;8.305344722
0.0463;8.296364422
0.04631;8.287379467
0.04632;8.278389858
0.04633;8.269395594
0.04634;8.260396676
0.04635;8.251393105
0.04636;8.242384879
0.04637;8.233371998
0.04638;8.224354464
0.04639;8.215332275
0.0464;8.206305432
0.04641;8.197273935
0.04642;8.188237784
0.04643;8.179196978
0.04644;8.170151519
0.04645;8.161101405
0.04646;8.152046637
0.04647;8.142987214
0.04648;8.133923138
0.04649;8.124854407
0.0465;8.115781022
0.04651;8.106702983
0.04652;8.097620289
0.04653;8.088532941
0.04654;8.07944094
0.04655;8.070344284
0.04656;8.061242973
0.04657;8.052137009
0.04658;8.04302639
0.04659;8.033911117
0.0466;8.02479119
0.04661;8.015666609
0.04662;8.006537373
0.04663;7.997403483
0.04664;7.98826494
0.04665;7.979121741
0.04666;7.969973889
0.04667;7.960821382
0.04668;7.951664222
0.04669;7.942502407
0.0467;7.933335937
0.04671;7.924164814
0.04672;7.914989036
0.04673;7.905808604
0.04674;7.896623518
0.04675;7.887433778
0.04676;7.878239383
0.04677;7.869040335
0.04678;7.859836632
0.04679;7.850628275
0.0468;7.841415263
0.04681;7.832197598
0.04682;7.822975278
0.04683;7.813748304
0.04684;7.804516676
0.04685;7.795280393
0.04686;7.786039457
0.04687;7.776793866
0.04688;7.767543621
0.04689;7.758288722
0.0469;7.749029168
0.04691;7.739764961
0.04692;7.730496099
0.04693;7.721222583
0.04694;7.711944412
0.04695;7.702661588
0.04696;7.693374109
0.04697;7.684081976
0.04698;7.674785189
0.04699;7.665483748
0.047;7.656177652
0.04701;7.646866902
0.04702;7.637551498
0.04703;7.62823144
0.04704;7.618906728
0.04705;7.609577361
0.04706;7.60024334
0.04707;7.590904665
0.04708;7.581561336
0.04709;7.572213352
0.0471;7.562860715
0.04711;7.553503423
0.04712;7.544141477
0.04713;7.534774876
0.04714;7.525403622
0.04715;7.516027713
0.04716;7.50664715
0.04717;7.497261933
0.04718;7.487872062
0.04719;7.478477536
0.0472;7.469078356
0.04721;7.459674522
0.04722;7.450266034
0.04723;7.440852892
0.04724;7.431435095
0.04725;7.422012644
0.04726;7.412585539
0.04727;7.40315378
0.04728;7.393717366
0.04729;7.384276299
0.0473;7.374830577
0.04731;7.365380201
0.04732;7.35592517
0.04733;7.346465486
0.04734;7.337001147
0.04735;7.327532154
0.04736;7.318058507
0.04737;7.308580205
0.04738;7.29909725
0.04739;7.28960964
0.0474;7.280117376
0.04741;7.270620458
0.04742;7.261118885
0.04743;7.251612659
0.04744;7.242101778
0.04745;7.232586243
0.04746;7.223066053
0.04747;7.21354121
0.04748;7.204011712
0.04749;7.19447756
0.0475;7.184938754
0.04751;7.175395294
0.04752;7.165847179
0.04753;7.15629441
0.04754;7.146736987
0.04755;7.13717491
0.04756;7.127608179
0.04757;7.118036793
0.04758;7.108460753
0.04759;7.098880059
0.0476;7.089294711
0.04761;7.079704709
0.04762;7.070110052
0.04763;7.060510741
0.04764;7.050906776
0.04765;7.041298157
0.04766;7.031684883
0.04767;7.022066955
0.04768;7.012444373
0.04769;7.002817137
0.0477;6.993185247
0.04771;6.983548702
0.04772;6.973907504
0.04773;6.964261651
0.04774;6.954611143
0.04775;6.944955982
0.04776;6.935296166
0.04777;6.925631696
0.04778;6.915962572
0.04779;6.906288794
0.0478;6.896610362
0.04781;6.886927275
0.04782;6.877239534
0.04783;6.867547139
0.04784;6.85785009
0.04785;6.848148386
0.04786;6.838442028
0.04787;6.828731016
0.04788;6.81901535
0.04789;6.80929503
0.0479;6.799570055
0.04791;6.789840426
0.04792;6.780106143
0.04793;6.770367206
0.04794;6.760623615
0.04795;6.750875369
0.04796;6.741122469
0.04797;6.731364915
0.04798;6.721602707
0.04799;6.711835844
0.048;6.702064328
0.04801;6.692288157
0.04802;6.682507332
0.04803;6.672721852
0.04804;6.662931719
0.04805;6.653136931
0.04806;6.643337489
0.04807;6.633533393
0.04808;6.623724642
0.04809;6.613911238
0.0481;6.604093179
0.04811;6.594270466
0.04812;6.584443099
0.04813;6.574611077
0.04814;6.564774402
0.04815;6.554933072
0.04816;6.545087088
0.04817;6.535236449
0.04818;6.525381157
0.04819;6.51552121
0.0482;6.505656609
0.04821;6.495787354
0.04822;6.485913445
0.04823;6.476034881
0.04824;6.466151663
0.04825;6.456263791
0.04826;6.446371265
0.04827;6.436474085
0.04828;6.42657225
0.04829;6.416665761
0.0483;6.406754618
0.04831;6.396838821
0.04832;6.386918369
0.04833;6.376993264
0.04834;6.367063504
0.04835;6.35712909
0.04836;6.347190022
0.04837;6.337246299
0.04838;6.327297922
0.04839;6.317344891
0.0484;6.307387206
0.04841;6.297424867
0.04842;6.287457873
0.04843;6.277486225
0.04844;6.267509923
0.04845;6.257528967
0.04846;6.247543357
0.04847;6.237553092
0.04848;6.227558173
0.04849;6.2175586
0.0485;6.207554373
0.04851;6.197545491
0.04852;6.187531956
0.04853;6.177513766
0.04854;6.167490922
0.04855;6.157463423
0.04856;6.147431271
0.04857;6.137394464
0.04858;6.127353003
0.04859;6.117306888
0.0486;6.107256119
0.04861;6.097200695
0.04862;6.087140617
0.04863;6.077075885
0.04864;6.067006499
0.04865;6.056932458
0.04866;6.046853764
0.04867;6.036770415
0.04868;6.026682412
0.04869;6.016589755
0.0487;6.006492443
0.04871;5.996390477
0.04872;5.986283857
0.04873;5.976172583
0.04874;5.966056655
0.04875;5.955936072
0.04876;5.945810836
0.04877;5.935680945
0.04878;5.925546399
0.04879;5.9154072
0.0488;5.905263346
0.04881;5.895114839
0.04882;5.884961677
0.04883;5.87480386
0.04884;5.86464139
0.04885;5.854474265
0.04886;5.844302486
0.04887;5.834126053
0.04888;5.823944966
0.04889;5.813759224
0.0489;5.803568829
0.04891;5.793373779
0.04892;5.783174075
0.04893;5.772969716
0.04894;5.762760704
0.04895;5.752547037
0.04896;5.742328716
0.04897;5.732105741
0.04898;5.721878111
0.04899;5.711645828
0.049;5.70140889
0.04901;5.691167298
0.04902;5.680921052
0.04903;5.670670151
0.04904;5.660414596
0.04905;5.650154387
0.04906;5.639889524
0.04907;5.629620007
0.04908;5.619345836
0.04909;5.60906701
0.0491;5.59878353
0.04911;5.588495396
0.04912;5.578202607
0.04913;5.567905165
0.04914;5.557603068
0.04915;5.547296317
0.04916;5.536984912
0.04917;5.526668852
0.04918;5.516348139
0.04919;5.506022771
0.0492;5.495692749
0.04921;5.485358072
0.04922;5.475018742
0.04923;5.464674757
0.04924;5.454326118
0.04925;5.443972825
0.04926;5.433614878
0.04927;5.423252276
0.04928;5.412885021
0.04929;5.402513111
0.0493;5.392136546
0.04931;5.381755328
0.04932;5.371369455
0.04933;5.360978929
0.04934;5.350583748
0.04935;5.340183912
0.04936;5.329779423
0.04937;5.319370279
0.04938;5.308956481
0.04939;5.298538029
0.0494;5.288114923
0.04941;5.277687162
0.04942;5.267254748
0.04943;5.256817679
0.04944;5.246375956
0.04945;5.235929578
0.04946;5.225478547
0.04947;5.215022861
0.04948;5.204562521
0.04949;5.194097527
0.0495;5.183627878
0.04951;5.173153576
0.04952;5.162674619
0.04953;5.152191008
0.04954;5.141702743
0.04955;5.131209823
0.04956;5.12071225
0.04957;5.110210022
0.04958;5.09970314
0.04959;5.089191603
0.0496;5.078675413
0.04961;5.068154568
0.04962;5.057629069
0.04963;5.047098916
0.04964;5.036564109
0.04965;5.026024647
0.04966;5.015480531
0.04967;5.004931761
0.04968;4.994378337
0.04969;4.983820259
0.0497;4.973257526
0.04971;4.962690139
0.04972;4.952118098
0.04973;4.941541403
0.04974;4.930960053
0.04975;4.92037405
0.04976;4.909783392
0.04977;4.89918808
0.04978;4.888588113
0.04979;4.877983493
0.0498;4.867374218
0.04981;4.856760289
0.04982;4.846141706
0.04983;4.835518468
0.04984;4.824890577
0.04985;4.814258031
0.04986;4.803620831
0.04987;4.792978977
0.04988;4.782332468
0.04989;4.771681306
0.0499;4.761025489
0.04991;4.750365018
0.04992;4.739699893
0.04993;4.729030113
0.04994;4.718355679
0.04995;4.707676591
0.04996;4.696992849
0.04997;4.686304453
0.04998;4.675611402
0.04999;4.664913698
0.05;4.654211339
0.05001;4.643504325
0.05002;4.632792658
0.05003;4.622076336
0.05004;4.611355361
0.05005;4.600629731
0.05006;4.589899446
0.05007;4.579164508
0.05008;4.568424915
0.05009;4.557680668
0.0501;4.546931767
0.05011;4.536178212
0.05012;4.525420002
0.05013;4.514657139
0.05014;4.503889621
0.05015;4.493117449
0.05016;4.482340622
0.05017;4.471559142
0.05018;4.460773007
0.05019;4.449982218
0.0502;4.439186775
0.05021;4.428386677
0.05022;4.417581926
0.05023;4.40677252
0.05024;4.39595846
0.05025;4.385139746
0.05026;4.374316377
0.05027;4.363488354
0.05028;4.352655678
0.05029;4.341818346
0.0503;4.330976361
0.05031;4.320129722
0.05032;4.309278428
0.05033;4.29842248
0.05034;4.287561878
0.05035;4.276696621
0.05036;4.265826711
0.05037;4.254952146
0.05038;4.244072927
0.05039;4.233189054
0.0504;4.222300526
0.05041;4.211407345
0.05042;4.200509509
0.05043;4.189607019
0.05044;4.178699875
0.05045;4.167788076
0.05046;4.156871623
0.05047;4.145950517
0.05048;4.135024755
0.05049;4.12409434
0.0505;4.113159271
0.05051;4.102219547
0.05052;4.091275169
0.05053;4.080326137
0.05054;4.06937245
0.05055;4.05841411
0.05056;4.047451115
0.05057;4.036483466
0.05058;4.025511163
0.05059;4.014534205
0.0506;4.003552594
0.05061;3.992566328
0.05062;3.981575408
0.05063;3.970579833
0.05064;3.959579605
0.05065;3.948574722
0.05066;3.937565185
0.05067;3.926550994
0.05068;3.915532149
0.05069;3.904508649
0.0507;3.893480495
0.05071;3.882447687
0.05072;3.871410225
0.05073;3.860368109
0.05074;3.849321338
0.05075;3.838269913
0.05076;3.827213834
0.05077;3.816153101
0.05078;3.805087714
0.05079;3.794017672
0.0508;3.782942976
0.05081;3.771863626
0.05082;3.760779622
0.05083;3.749690963
0.05084;3.73859765
0.05085;3.727499683
0.05086;3.716397062
0.05087;3.705289787
0.05088;3.694177857
0.05089;3.683061274
0.0509;3.671940036
0.05091;3.660814143
0.05092;3.649683597
0.05093;3.638548396
0.05094;3.627408542
0.05095;3.616264032
0.05096;3.605114869
0.05097;3.593961052
0.05098;3.58280258
0.05099;3.571639454
0.051;3.560471674
0.05101;3.54929924
0.05102;3.538122151
0.05103;3.526940408
0.05104;3.515754012
0.05105;3.50456296
0.05106;3.493367255
0.05107;3.482166895
0.05108;3.470961882
0.05109;3.459752214
0.0511;3.448537891
0.05111;3.437318915
0.05112;3.426095284
0.05113;3.414866999
0.05114;3.40363406
0.05115;3.392396467
0.05116;3.38115422
0.05117;3.369907318
0.05118;3.358655762
0.05119;3.347399552
0.0512;3.336138688
0.05121;3.324873169
0.05122;3.313602996
0.05123;3.302328169
0.05124;3.291048688
0.05125;3.279764553
0.05126;3.268475763
0.05127;3.257182319
0.05128;3.245884221
0.05129;3.234581469
0.0513;3.223274063
0.05131;3.211962002
0.05132;3.200645287
0.05133;3.189323918
0.05134;3.177997895
0.05135;3.166667217
0.05136;3.155331885
0.05137;3.1439919
0.05138;3.132647259
0.05139;3.121297965
0.0514;3.109944016
0.05141;3.098585414
0.05142;3.087222157
0.05143;3.075854246
0.05144;3.06448168
0.05145;3.053104461
0.05146;3.041722587
0.05147;3.030336059
0.05148;3.018944876
0.05149;3.00754904
0.0515;2.996148549
0.05151;2.984743404
0.05152;2.973333605
0.05153;2.961919152
0.05154;2.950500044
0.05155;2.939076283
0.05156;2.927647867
0.05157;2.916214797
0.05158;2.904777072
0.05159;2.893334694
0.0516;2.881887661
0.05161;2.870435974
0.05162;2.858979633
0.05163;2.847518637
0.05164;2.836052988
0.05165;2.824582684
0.05166;2.813107726
0.05167;2.801628113
0.05168;2.790143847
0.05169;2.778654926
0.0517;2.767161351
0.05171;2.755663122
0.05172;2.744160239
0.05173;2.732652701
0.05174;2.72114051
0.05175;2.709623664
0.05176;2.698102164
0.05177;2.686576009
0.05178;2.675045201
0.05179;2.663509738
0.0518;2.651969621
0.05181;2.64042485
0.05182;2.628875424
0.05183;2.617321344
0.05184;2.605762611
0.05185;2.594199223
0.05186;2.58263118
0.05187;2.571058484
0.05188;2.559481133
0.05189;2.547899128
0.0519;2.536312469
0.05191;2.524721156
0.05192;2.513125188
0.05193;2.501524566
0.05194;2.48991929
0.05195;2.47830936
0.05196;2.466694776
0.05197;2.455075537
0.05198;2.443451644
0.05199;2.431823097
0.052;2.420189896
0.05201;2.408552041
0.05202;2.396909531
0.05203;2.385262367
0.05204;2.373610549
0.05205;2.361954077
0.05206;2.35029295
0.05207;2.338627169
0.05208;2.326956735
0.05209;2.315281645
0.0521;2.303601902
0.05211;2.291917504
0.05212;2.280228453
0.05213;2.268534747
0.05214;2.256836387
0.05215;2.245133372
0.05216;2.233425704
0.05217;2.221713381
0.05218;2.209996404
0.05219;2.198274772
0.0522;2.186548487
0.05221;2.174817547
0.05222;2.163081953
0.05223;2.151341705
0.05224;2.139596803
0.05225;2.127847246
0.05226;2.116093036
0.05227;2.104334171
0.05228;2.092570652
0.05229;2.080802478
0.0523;2.069029651
0.05231;2.057252169
0.05232;2.045470033
0.05233;2.033683243
0.05234;2.021891798
0.05235;2.0100957
0.05236;1.998294947
0.05237;1.98648954
0.05238;1.974679478
0.05239;1.962864763
0.0524;1.951045393
0.05241;1.939221369
0.05242;1.927392691
0.05243;1.915559359
0.05244;1.903721372
0.05245;1.891878732
0.05246;1.880031437
0.05247;1.868179487
0.05248;1.856322884
0.05249;1.844461626
0.0525;1.832595715
0.05251;1.820725149
0.05252;1.808849928
0.05253;1.796970054
0.05254;1.785085525
0.05255;1.773196342
0.05256;1.761302505
0.05257;1.749404014
0.05258;1.737500869
0.05259;1.725593069
0.0526;1.713680615
0.05261;1.701763507
0.05262;1.689841744
0.05263;1.677915328
0.05264;1.665984257
0.05265;1.654048532
0.05266;1.642108153
0.05267;1.63016312
0.05268;1.618213432
0.05269;1.60625909
0.0527;1.594300094
0.05271;1.582336444
0.05272;1.570368139
0.05273;1.558395181
0.05274;1.546417568
0.05275;1.534435301
0.05276;1.522448379
0.05277;1.510456804
0.05278;1.498460574
0.05279;1.48645969
0.0528;1.474454152
0.05281;1.46244396
0.05282;1.450429113
0.05283;1.438409612
0.05284;1.426385457
0.05285;1.414356648
0.05286;1.402323185
0.05287;1.390285067
0.05288;1.378242295
0.05289;1.366194869
0.0529;1.354142789
0.05291;1.342086055
0.05292;1.330024666
0.05293;1.317958623
0.05294;1.305887926
0.05295;1.293812575
0.05296;1.281732569
0.05297;1.269647909
0.05298;1.257558595
0.05299;1.245464627
0.053;1.233366005
0.05301;1.221262728
0.05302;1.209154797
0.05303;1.197042212
0.05304;1.184924973
0.05305;1.17280308
0.05306;1.160676532
0.05307;1.14854533
0.05308;1.136409474
0.05309;1.124268964
0.0531;1.112123799
0.05311;1.099973981
0.05312;1.087819508
0.05313;1.075660381
0.05314;1.063496599
0.05315;1.051328164
0.05316;1.039155074
0.05317;1.02697733
0.05318;1.014794932
0.05319;1.002607879
0.0532;0.9904161729
0.05321;0.9782198121
0.05322;0.966018797
0.05323;0.9538131278
0.05324;0.9416028043
0.05325;0.9293878267
0.05326;0.9171681948
0.05327;0.9049439087
0.05328;0.8927149684
0.05329;0.8804813739
0.0533;0.8682431252
0.05331;0.8560002223
0.05332;0.8437526652
0.05333;0.8315004538
0.05334;0.8192435883
0.05335;0.8069820685
0.05336;0.7947158945
0.05337;0.7824450663
0.05338;0.7701695839
0.05339;0.7578894473
0.0534;0.7456046565
0.05341;0.7333152114
0.05342;0.7210211122
0.05343;0.7087223587
0.05344;0.696418951
0.05345;0.6841108891
0.05346;0.671798173
0.05347;0.6594808027
0.05348;0.6471587782
0.05349;0.6348320995
0.0535;0.6225007665
0.05351;0.6101647794
0.05352;0.597824138
0.05353;0.5854788425
0.05354;0.5731288927
0.05355;0.5607742887
0.05356;0.5484150305
0.05357;0.536051118
0.05358;0.5236825514
0.05359;0.5113093306
0.0536;0.4989314555
0.05361;0.4865489262
0.05362;0.4741617428
0.05363;0.4617699051
0.05364;0.4493734132
0.05365;0.4369722671
0.05366;0.4245664667
0.05367;0.4121560122
0.05368;0.3997409035
0.05369;0.3873211405
0.0537;0.3748967233
0.05371;0.3624676519
0.05372;0.3500339264
0.05373;0.3375955466
0.05374;0.3251525125
0.05375;0.3127048243
0.05376;0.3002524819
0.05377;0.2877954852
0.05378;0.2753338344
0.05379;0.2628675293
0.0538;0.25039657
0.05381;0.2379209565
0.05382;0.2254406888
0.05383;0.2129557669
0.05384;0.2004661908
0.05385;0.1879719604
0.05386;0.1754730759
0.05387;0.1629695371
0.05388;0.1504613442
0.05389;0.137948497
0.0539;0.1254309956
0.05391;0.11290884
0.05392;0.1003820302
0.05393;0.08785056612
0.05394;0.07531444788
0.05395;0.06277367543
0.05396;0.05022824877
0.05397;0.03767816789
0.05398;0.02512343281
0.05399;0.01256404351
0.054;0
