load_torque_Nm;speed_RPM
0;3616.636528
1e-05;3616.624473
2e-05;3616.612417
3e-05;3616.600362
4e-05;3616.588306
5e-05;3616.576251
6e-05;3616.564195
7e-05;3616.55214
8e-05;3616.540084
9e-05;3616.528029
0.0001;3616.515973
0.00011;3616.503918
0.00012;3616.491863
0.00013;3616.479807
0.00014;3616.467752
0.00015;3616.455696
0.00016;3616.443641
0.00017;3616.431585
0.00018;3616.41953
0.00019;3616.407474
0.0002;3616.395419
0.00021;3616.383363
0.00022;3616.371308
0.00023;3616.359253
0.00024;3616.347197
0.00025;3616.335142
0.00026;3616.323086
0.00027;3616.311031
0.00028;3616.298975
0.00029;3616.28692
0.0003;3616.274864
0.00031;3616.262809
0.00032;3616.250753
0.00033;3616.238698
0.00034;3616.226643
0.00035;3616.214587
0.00036;3616.202532
0.00037;3616.190476
0.00038;3616.178421
0.00039;3616.166365
0.0004;3616.15431
0.00041;3616.142254
0.00042;3616.130199
0.00043;3616.118143
0.00044;3616.106088
0.00045;3616.094033
0.00046;3616.081977
0.00047;3616.069922
0.00048;3616.057866
0.00049;3616.045811
0.0005;3616.033755
0.00051;3616.0217
0.00052;3616.009644
0.00053;3615.997589
0.00054;3615.985533
0.00055;3615.973478
0.00056;3615.961423
0.00057;3615.949367
0.00058;3615.937312
0.00059;3615.925256
0.0006;3615.913201
0.00061;3615.901145
0.00062;3615.88909
0.00063;3615.877034
0.00064;3615.864979
0.00065;3615.852923
0.00066;3615.840868
0.00067;3615.828813
0.00068;3615.816757
0.00069;3615.804702
0.0007;3615.792646
0.00071;3615.780591
0.00072;3615.768535
0.00073;3615.75648
0.00074;3615.744424
0.00075;3615.732369
0.00076;3615.720313
0.00077;3615.708258
0.00078;3615.696203
0.00079;3615.684147
0.0008;3615.672092
0.00081;3615.660036
0.00082;3615.647981
0.00083;3615.635925
0.00084;3615.62387
0.00085;3615.611814
0.00086;3615.599759
0.00087;3615.587703
0.00088;3615.575648
0.00089;3615.563593
0.0009;3615.551537
0.00091;3615.539482
0.00092;3615.527426
0.00093;3615.515371
0.00094;3615.503315
0.00095;3615.49126
0.00096;3615.479204
0.00097;3615.467149
0.00098;3615.455093
0.00099;3615.443038
0.001;3615.430983
0.00101;3615.418927
0.00102;3615.406872
0.00103;3615.394816
0.00104;3615.382761
0.00105;3615.370705
0.00106;3615.35865
0.00107;3615.346594
0.00108;3615.334539
0.00109;3615.322483
0.0011;3615.310428
0.00111;3615.298373
0.00112;3615.286317
0.00113;3615.274262
0.00114;3615.262206
0.00115;3615.250151
0.00116;3615.238095
0.00117;3615.22604
0.00118;3615.213984
0.00119;3615.201929
0.0012;3615.189873
0.00121;3615.177818
0.00122;3615.165763
0.00123;3615.153707
0.00124;3615.141652
0.00125;3615.129596
0.00126;3615.117541
0.00127;3615.105485
0.00128;3615.09343
0.00129;3615.081374
0.0013;3615.069319
0.00131;3615.057263
0.00132;3615.045208
0.00133;3615.033153
0.00134;3615.021097
0.00135;3615.009042
0.00136;3614.996986
0.00137;3614.984931
0.00138;3614.972875
0.00139;3614.96082
0.0014;3614.948764
0.00141;3614.936709
0.00142;3614.924653
0.00143;3614.912598
0.00144;3614.900542
0.00145;3614.888487
0.00146;3614.876432
0.00147;3614.864376
0.00148;3614.852321
0.00149;3614.840265
0.0015;3614.82821
0.00151;3614.816154
0.00152;3614.804099
0.00153;3614.792043
0.00154;3614.779988
0.00155;3614.767932
0.00156;3614.755877
0.00157;3614.743822
0.00158;3614.731766
0.00159;3614.719711
0.0016;3614.707655
0.00161;3614.6956
0.00162;3614.683544
0.00163;3614.671489
0.00164;3614.659433
0.00165;3614.647378
0.00166;3614.635322
0.00167;3614.623267
0.00168;3614.611212
0.00169;3614.599156
0.0017;3614.587101
0.00171;3614.575045
0.00172;3614.56299
0.00173;3614.550934
0.00174;3614.538879
0.00175;3614.526823
0.00176;3614.514768
0.00177;3614.502712
0.00178;3614.490657
0.00179;3614.478602
0.0018;3614.466546
0.00181;3614.454491
0.00182;3614.442435
0.00183;3614.43038
0.00184;3614.418324
0.00185;3614.406269
0.00186;3614.394213
0.00187;3614.382158
0.00188;3614.370102
0.00189;3614.358047
0.0019;3614.345992
0.00191;3614.333936
0.00192;3614.321881
0.00193;3614.309825
0.00194;3614.29777
0.00195;3614.285714
0.00196;3614.273659
0.00197;3614.261603
0.00198;3614.249548
0.00199;3614.237492
0.002;3614.225437
0.00201;3614.213382
0.00202;3614.201326
0.00203;3614.189271
0.00204;3614.177215
0.00205;3614.16516
0.00206;3614.153104
0.00207;3614.141049
0.00208;3614.128993
0.00209;3614.116938
0.0021;3614.104882
0.00211;3614.092827
0.00212;3614.080772
0.00213;3614.068716
0.00214;3614.056661
0.00215;3614.044605
0.00216;3614.03255
0.00217;3614.020494
0.00218;3614.008439
0.00219;3613.996383
0.0022;3613.984328
0.00221;3613.972272
0.00222;3613.960217
0.00223;3613.948162
0.00224;3613.936106
0.00225;3613.924051
0.00226;3613.911995
0.00227;3613.89994
0.00228;3613.887884
0.00229;3613.875829
0.0023;3613.863773
0.00231;3613.851718
0.00232;3613.839662
0.00233;3613.827607
0.00234;3613.815552
0.00235;3613.803496
0.00236;3613.791441
0.00237;3613.779385
0.00238;3613.76733
0.00239;3613.755274
0.0024;3613.743219
0.00241;3613.731163
0.00242;3613.719108
0.00243;3613.707052
0.00244;3613.694997
0.00245;3613.682942
0.00246;3613.670886
0.00247;3613.658831
0.00248;3613.646775
0.00249;3613.63472
0.0025;3613.622664
0.00251;3613.610609
0.00252;3613.598553
0.00253;3613.586498
0.00254;3613.574442
0.00255;3613.562387
0.00256;3613.550332
0.00257;3613.538276
0.00258;3613.526221
0.00259;3613.514165
0.0026;3613.50211
0.00261;3613.490054
0.00262;3613.477999
0.00263;3613.465943
0.00264;3613.453888
0.00265;3613.441832
0.00266;3613.429777
0.00267;3613.417722
0.00268;3613.405666
0.00269;3613.393611
0.0027;3613.381555
0.00271;3613.3695
0.00272;3613.357444
0.00273;3613.345389
0.00274;3613.333333
0.00275;3613.321278
0.00276;3613.309222
0.00277;3613.297167
0.00278;3613.285112
0.00279;3613.273056
0.0028;3613.261001
0.00281;3613.248945
0.00282;3613.23689
0.00283;3613.224834
0.00284;3613.212779
0.00285;3613.200723
0.00286;3613.188668
0.00287;3613.176612
0.00288;3613.164557
0.00289;3613.152502
0.0029;3613.140446
0.00291;3613.128391
0.00292;3613.116335
0.00293;3613.10428
0.00294;3613.092224
0.00295;3613.080169
0.00296;3613.068113
0.00297;3613.056058
0.00298;3613.044002
0.00299;3613.031947
0.003;3613.019892
0.00301;3613.007836
0.00302;3612.995781
0.00303;3612.983725
0.00304;3612.97167
0.00305;3612.959614
0.00306;3612.947559
0.00307;3612.935503
0.00308;3612.923448
0.00309;3612.911392
0.0031;3612.899337
0.00311;3612.887281
0.00312;3612.875226
0.00313;3612.863171
0.00314;3612.851115
0.00315;3612.83906
0.00316;3612.827004
0.00317;3612.814949
0.00318;3612.802893
0.00319;3612.790838
0.0032;3612.778782
0.00321;3612.766727
0.00322;3612.754671
0.00323;3612.742616
0.00324;3612.730561
0.00325;3612.718505
0.00326;3612.70645
0.00327;3612.694394
0.00328;3612.682339
0.00329;3612.670283
0.0033;3612.658228
0.00331;3612.646172
0.00332;3612.634117
0.00333;3612.622061
0.00334;3612.610006
0.00335;3612.597951
0.00336;3612.585895
0.00337;3612.57384
0.00338;3612.561784
0.00339;3612.549729
0.0034;3612.537673
0.00341;3612.525618
0.00342;3612.513562
0.00343;3612.501507
0.00344;3612.489451
0.00345;3612.477396
0.00346;3612.465341
0.00347;3612.453285
0.00348;3612.44123
0.00349;3612.429174
0.0035;3612.417119
0.00351;3612.405063
0.00352;3612.393008
0.00353;3612.380952
0.00354;3612.368897
0.00355;3612.356841
0.00356;3612.344786
0.00357;3612.332731
0.00358;3612.320675
0.00359;3612.30862
0.0036;3612.296564
0.00361;3612.284509
0.00362;3612.272453
0.00363;3612.260398
0.00364;3612.248342
0.00365;3612.236287
0.00366;3612.224231
0.00367;3612.212176
0.00368;3612.200121
0.00369;3612.188065
0.0037;3612.17601
0.00371;3612.163954
0.00372;3612.151899
0.00373;3612.139843
0.00374;3612.127788
0.00375;3612.115732
0.00376;3612.103677
0.00377;3612.091621
0.00378;3612.079566
0.00379;3612.067511
0.0038;3612.055455
0.00381;3612.0434
0.00382;3612.031344
0.00383;3612.019289
0.00384;3612.007233
0.00385;3611.995178
0.00386;3611.983122
0.00387;3611.971067
0.00388;3611.959011
0.00389;3611.946956
0.0039;3611.934901
0.00391;3611.922845
0.00392;3611.91079
0.00393;3611.898734
0.00394;3611.886679
0.00395;3611.874623
0.00396;3611.862568
0.00397;3611.850512
0.00398;3611.838457
0.00399;3611.826401
0.004;3611.814346
0.00401;3611.802291
0.00402;3611.790235
0.00403;3611.77818
0.00404;3611.766124
0.00405;3611.754069
0.00406;3611.742013
0.00407;3611.729958
0.00408;3611.717902
0.00409;3611.705847
0.0041;3611.693791
0.00411;3611.681736
0.00412;3611.669681
0.00413;3611.657625
0.00414;3611.64557
0.00415;3611.633514
0.00416;3611.621459
0.00417;3611.609403
0.00418;3611.597348
0.00419;3611.585292
0.0042;3611.573237
0.00421;3611.561181
0.00422;3611.549126
0.00423;3611.537071
0.00424;3611.525015
0.00425;3611.51296
0.00426;3611.500904
0.00427;3611.488849
0.00428;3611.476793
0.00429;3611.464738
0.0043;3611.452682
0.00431;3611.440627
0.00432;3611.428571
0.00433;3611.416516
0.00434;3611.404461
0.00435;3611.392405
0.00436;3611.38035
0.00437;3611.368294
0.00438;3611.356239
0.00439;3611.344183
0.0044;3611.332128
0.00441;3611.320072
0.00442;3611.308017
0.00443;3611.295961
0.00444;3611.283906
0.00445;3611.271851
0.00446;3611.259795
0.00447;3611.24774
0.00448;3611.235684
0.00449;3611.223629
0.0045;3611.211573
0.00451;3611.199518
0.00452;3611.187462
0.00453;3611.175407
0.00454;3611.163351
0.00455;3611.151296
0.00456;3611.139241
0.00457;3611.127185
0.00458;3611.11513
0.00459;3611.103074
0.0046;3611.091019
0.00461;3611.078963
0.00462;3611.066908
0.00463;3611.054852
0.00464;3611.042797
0.00465;3611.030741
0.00466;3611.018686
0.00467;3611.006631
0.00468;3610.994575
0.00469;3610.98252
0.0047;3610.970464
0.00471;3610.958409
0.00472;3610.946353
0.00473;3610.934298
0.00474;3610.922242
0.00475;3610.910187
0.00476;3610.898131
0.00477;3610.886076
0.00478;3610.87402
0.00479;3610.861965
0.0048;3610.84991
0.00481;3610.837854
0.00482;3610.825799
0.00483;3610.813743
0.00484;3610.801688
0.00485;3610.789632
0.00486;3610.777577
0.00487;3610.765521
0.00488;3610.753466
0.00489;3610.74141
0.0049;3610.729355
0.00491;3610.7173
0.00492;3610.705244
0.00493;3610.693189
0.00494;3610.681133
0.00495;3610.669078
0.00496;3610.657022
0.00497;3610.644967
0.00498;3610.632911
0.00499;3610.620856
0.005;3610.6088
0.00501;3610.596745
0.00502;3610.58469
0.00503;3610.572634
0.00504;3610.560579
0.00505;3610.548523
0.00506;3610.536468
0.00507;3610.524412
0.00508;3610.512357
0.00509;3610.500301
0.0051;3610.488246
0.00511;3610.47619
0.00512;3610.464135
0.00513;3610.45208
0.00514;3610.440024
0.00515;3610.427969
0.00516;3610.415913
0.00517;3610.403858
0.00518;3610.391802
0.00519;3610.379747
0.0052;3610.367691
0.00521;3610.355636
0.00522;3610.34358
0.00523;3610.331525
0.00524;3610.31947
0.00525;3610.307414
0.00526;3610.295359
0.00527;3610.283303
0.00528;3610.271248
0.00529;3610.259192
0.0053;3610.247137
0.00531;3610.235081
0.00532;3610.223026
0.00533;3610.21097
0.00534;3610.198915
0.00535;3610.18686
0.00536;3610.174804
0.00537;3610.162749
0.00538;3610.150693
0.00539;3610.138638
0.0054;3610.126582
0.00541;3610.114527
0.00542;3610.102471
0.00543;3610.090416
0.00544;3610.07836
0.00545;3610.066305
0.00546;3610.05425
0.00547;3610.042194
0.00548;3610.030139
0.00549;3610.018083
0.0055;3610.006028
0.00551;3609.993972
0.00552;3609.981917
0.00553;3609.969861
0.00554;3609.957806
0.00555;3609.94575
0.00556;3609.933695
0.00557;3609.92164
0.00558;3609.909584
0.00559;3609.897529
0.0056;3609.885473
0.00561;3609.873418
0.00562;3609.861362
0.00563;3609.849307
0.00564;3609.837251
0.00565;3609.825196
0.00566;3609.81314
0.00567;3609.801085
0.00568;3609.78903
0.00569;3609.776974
0.0057;3609.764919
0.00571;3609.752863
0.00572;3609.740808
0.00573;3609.728752
0.00574;3609.716697
0.00575;3609.704641
0.00576;3609.692586
0.00577;3609.68053
0.00578;3609.668475
0.00579;3609.65642
0.0058;3609.644364
0.00581;3609.632309
0.00582;3609.620253
0.00583;3609.608198
0.00584;3609.596142
0.00585;3609.584087
0.00586;3609.572031
0.00587;3609.559976
0.00588;3609.54792
0.00589;3609.535865
0.0059;3609.52381
0.00591;3609.511754
0.00592;3609.499699
0.00593;3609.487643
0.00594;3609.475588
0.00595;3609.463532
0.00596;3609.451477
0.00597;3609.439421
0.00598;3609.427366
0.00599;3609.41531
0.006;3609.403255
0.00601;3609.3912
0.00602;3609.379144
0.00603;3609.367089
0.00604;3609.355033
0.00605;3609.342978
0.00606;3609.330922
0.00607;3609.318867
0.00608;3609.306811
0.00609;3609.294756
0.0061;3609.2827
0.00611;3609.270645
0.00612;3609.25859
0.00613;3609.246534
0.00614;3609.234479
0.00615;3609.222423
0.00616;3609.210368
0.00617;3609.198312
0.00618;3609.186257
0.00619;3609.174201
0.0062;3609.162146
0.00621;3609.15009
0.00622;3609.138035
0.00623;3609.12598
0.00624;3609.113924
0.00625;3609.101869
0.00626;3609.089813
0.00627;3609.077758
0.00628;3609.065702
0.00629;3609.053647
0.0063;3609.041591
0.00631;3609.029536
0.00632;3609.01748
0.00633;3609.005425
0.00634;3608.993369
0.00635;3608.981314
0.00636;3608.969259
0.00637;3608.957203
0.00638;3608.945148
0.00639;3608.933092
0.0064;3608.921037
0.00641;3608.908981
0.00642;3608.896926
0.00643;3608.88487
0.00644;3608.872815
0.00645;3608.860759
0.00646;3608.848704
0.00647;3608.836649
0.00648;3608.824593
0.00649;3608.812538
0.0065;3608.800482
0.00651;3608.788427
0.00652;3608.776371
0.00653;3608.764316
0.00654;3608.75226
0.00655;3608.740205
0.00656;3608.728149
0.00657;3608.716094
0.00658;3608.704039
0.00659;3608.691983
0.0066;3608.679928
0.00661;3608.667872
0.00662;3608.655817
0.00663;3608.643761
0.00664;3608.631706
0.00665;3608.61965
0.00666;3608.607595
0.00667;3608.595539
0.00668;3608.583484
0.00669;3608.571429
0.0067;3608.559373
0.00671;3608.547318
0.00672;3608.535262
0.00673;3608.523207
0.00674;3608.511151
0.00675;3608.499096
0.00676;3608.48704
0.00677;3608.474985
0.00678;3608.462929
0.00679;3608.450874
0.0068;3608.438819
0.00681;3608.426763
0.00682;3608.414708
0.00683;3608.402652
0.00684;3608.390597
0.00685;3608.378541
0.00686;3608.366486
0.00687;3608.35443
0.00688;3608.342375
0.00689;3608.330319
0.0069;3608.318264
0.00691;3608.306209
0.00692;3608.294153
0.00693;3608.282098
0.00694;3608.270042
0.00695;3608.257987
0.00696;3608.245931
0.00697;3608.233876
0.00698;3608.22182
0.00699;3608.209765
0.007;3608.197709
0.00701;3608.185654
0.00702;3608.173599
0.00703;3608.161543
0.00704;3608.149488
0.00705;3608.137432
0.00706;3608.125377
0.00707;3608.113321
0.00708;3608.101266
0.00709;3608.08921
0.0071;3608.077155
0.00711;3608.065099
0.00712;3608.053044
0.00713;3608.040989
0.00714;3608.028933
0.00715;3608.016878
0.00716;3608.004822
0.00717;3607.992767
0.00718;3607.980711
0.00719;3607.968656
0.0072;3607.9566
0.00721;3607.944545
0.00722;3607.932489
0.00723;3607.920434
0.00724;3607.908379
0.00725;3607.896323
0.00726;3607.884268
0.00727;3607.872212
0.00728;3607.860157
0.00729;3607.848101
0.0073;3607.836046
0.00731;3607.82399
0.00732;3607.811935
0.00733;3607.799879
0.00734;3607.787824
0.00735;3607.775769
0.00736;3607.763713
0.00737;3607.751658
0.00738;3607.739602
0.00739;3607.727547
0.0074;3607.715491
0.00741;3607.703436
0.00742;3607.69138
0.00743;3607.679325
0.00744;3607.667269
0.00745;3607.655214
0.00746;3607.643159
0.00747;3607.631103
0.00748;3607.619048
0.00749;3607.606992
0.0075;3607.594937
0.00751;3607.582881
0.00752;3607.570826
0.00753;3607.55877
0.00754;3607.546715
0.00755;3607.534659
0.00756;3607.522604
0.00757;3607.510549
0.00758;3607.498493
0.00759;3607.486438
0.0076;3607.474382
0.00761;3607.462327
0.00762;3607.450271
0.00763;3607.438216
0.00764;3607.42616
0.00765;3607.414105
0.00766;3607.402049
0.00767;3607.389994
0.00768;3607.377939
0.00769;3607.365883
0.0077;3607.353828
0.00771;3607.341772
0.00772;3607.329717
0.00773;3607.317661
0.00774;3607.305606
0.00775;3607.29355
0.00776;3607.281495
0.00777;3607.269439
0.00778;3607.257384
0.00779;3607.245329
0.0078;3607.233273
0.00781;3607.221218
0.00782;3607.209162
0.00783;3607.197107
0.00784;3607.185051
0.00785;3607.172996
0.00786;3607.16094
0.00787;3607.148885
0.00788;3607.136829
0.00789;3607.124774
0.0079;3607.112719
0.00791;3607.100663
0.00792;3607.088608
0.00793;3607.076552
0.00794;3607.064497
0.00795;3607.052441
0.00796;3607.040386
0.00797;3607.02833
0.00798;3607.016275
0.00799;3607.004219
0.008;3606.992164
0.00801;3606.980108
0.00802;3606.968053
0.00803;3606.955998
0.00804;3606.943942
0.00805;3606.931887
0.00806;3606.919831
0.00807;3606.907776
0.00808;3606.89572
0.00809;3606.883665
0.0081;3606.871609
0.00811;3606.859554
0.00812;3606.847498
0.00813;3606.835443
0.00814;3606.823388
0.00815;3606.811332
0.00816;3606.799277
0.00817;3606.787221
0.00818;3606.775166
0.00819;3606.76311
0.0082;3606.751055
0.00821;3606.738999
0.00822;3606.726944
0.00823;3606.714888
0.00824;3606.702833
0.00825;3606.690778
0.00826;3606.678722
0.00827;3606.666667
0.00828;3606.654611
0.00829;3606.642556
0.0083;3606.6305
0.00831;3606.618445
0.00832;3606.606389
0.00833;3606.594334
0.00834;3606.582278
0.00835;3606.570223
0.00836;3606.558168
0.00837;3606.546112
0.00838;3606.534057
0.00839;3606.522001
0.0084;3606.509946
0.00841;3606.49789
0.00842;3606.485835
0.00843;3606.473779
0.00844;3606.461724
0.00845;3606.449668
0.00846;3606.437613
0.00847;3606.425558
0.00848;3606.413502
0.00849;3606.401447
0.0085;3606.389391
0.00851;3606.377336
0.00852;3606.36528
0.00853;3606.353225
0.00854;3606.341169
0.00855;3606.329114
0.00856;3606.317058
0.00857;3606.305003
0.00858;3606.292948
0.00859;3606.280892
0.0086;3606.268837
0.00861;3606.256781
0.00862;3606.244726
0.00863;3606.23267
0.00864;3606.220615
0.00865;3606.208559
0.00866;3606.196504
0.00867;3606.184448
0.00868;3606.172393
0.00869;3606.160338
0.0087;3606.148282
0.00871;3606.136227
0.00872;3606.124171
0.00873;3606.112116
0.00874;3606.10006
0.00875;3606.088005
0.00876;3606.075949
0.00877;3606.063894
0.00878;3606.051838
0.00879;3606.039783
0.0088;3606.027728
0.00881;3606.015672
0.00882;3606.003617
0.00883;3605.991561
0.00884;3605.979506
0.00885;3605.96745
0.00886;3605.955395
0.00887;3605.943339
0.00888;3605.931284
0.00889;3605.919228
0.0089;3605.907173
0.00891;3605.895118
0.00892;3605.883062
0.00893;3605.871007
0.00894;3605.858951
0.00895;3605.846896
0.00896;3605.83484
0.00897;3605.822785
0.00898;3605.810729
0.00899;3605.798674
0.009;3605.786618
0.00901;3605.774563
0.00902;3605.762508
0.00903;3605.750452
0.00904;3605.738397
0.00905;3605.726341
0.00906;3605.714286
0.00907;3605.70223
0.00908;3605.690175
0.00909;3605.678119
0.0091;3605.666064
0.00911;3605.654008
0.00912;3605.641953
0.00913;3605.629898
0.00914;3605.617842
0.00915;3605.605787
0.00916;3605.593731
0.00917;3605.581676
0.00918;3605.56962
0.00919;3605.557565
0.0092;3605.545509
0.00921;3605.533454
0.00922;3605.521398
0.00923;3605.509343
0.00924;3605.497288
0.00925;3605.485232
0.00926;3605.473177
0.00927;3605.461121
0.00928;3605.449066
0.00929;3605.43701
0.0093;3605.424955
0.00931;3605.412899
0.00932;3605.400844
0.00933;3605.388788
0.00934;3605.376733
0.00935;3605.364678
0.00936;3605.352622
0.00937;3605.340567
0.00938;3605.328511
0.00939;3605.316456
0.0094;3605.3044
0.00941;3605.292345
0.00942;3605.280289
0.00943;3605.268234
0.00944;3605.256178
0.00945;3605.244123
0.00946;3605.232068
0.00947;3605.220012
0.00948;3605.207957
0.00949;3605.195901
0.0095;3605.183846
0.00951;3605.17179
0.00952;3605.159735
0.00953;3605.147679
0.00954;3605.135624
0.00955;3605.123568
0.00956;3605.111513
0.00957;3605.099458
0.00958;3605.087402
0.00959;3605.075347
0.0096;3605.063291
0.00961;3605.051236
0.00962;3605.03918
0.00963;3605.027125
0.00964;3605.015069
0.00965;3605.003014
0.00966;3604.990958
0.00967;3604.978903
0.00968;3604.966847
0.00969;3604.954792
0.0097;3604.942737
0.00971;3604.930681
0.00972;3604.918626
0.00973;3604.90657
0.00974;3604.894515
0.00975;3604.882459
0.00976;3604.870404
0.00977;3604.858348
0.00978;3604.846293
0.00979;3604.834237
0.0098;3604.822182
0.00981;3604.810127
0.00982;3604.798071
0.00983;3604.786016
0.00984;3604.77396
0.00985;3604.761905
0.00986;3604.749849
0.00987;3604.737794
0.00988;3604.725738
0.00989;3604.713683
0.0099;3604.701627
0.00991;3604.689572
0.00992;3604.677517
0.00993;3604.665461
0.00994;3604.653406
0.00995;3604.64135
0.00996;3604.629295
0.00997;3604.617239
0.00998;3604.605184
0.00999;3604.593128
0.01;3604.581073
0.01001;3604.569017
0.01002;3604.556962
0.01003;3604.544907
0.01004;3604.532851
0.01005;3604.520796
0.01006;3604.50874
0.01007;3604.496685
0.01008;3604.484629
0.01009;3604.472574
0.0101;3604.460518
0.01011;3604.448463
0.01012;3604.436407
0.01013;3604.424352
0.01014;3604.412297
0.01015;3604.400241
0.01016;3604.388186
0.01017;3604.37613
0.01018;3604.364075
0.01019;3604.352019
0.0102;3604.339964
0.01021;3604.327908
0.01022;3604.315853
0.01023;3604.303797
0.01024;3604.291742
0.01025;3604.279687
0.01026;3604.267631
0.01027;3604.255576
0.01028;3604.24352
0.01029;3604.231465
0.0103;3604.219409
0.01031;3604.207354
0.01032;3604.195298
0.01033;3604.183243
0.01034;3604.171187
0.01035;3604.159132
0.01036;3604.147077
0.01037;3604.135021
0.01038;3604.122966
0.01039;3604.11091
0.0104;3604.098855
0.01041;3604.086799
0.01042;3604.074744
0.01043;3604.062688
0.01044;3604.050633
0.01045;3604.038577
0.01046;3604.026522
0.01047;3604.014467
0.01048;3604.002411
0.01049;3603.990356
0.0105;3603.9783
0.01051;3603.966245
0.01052;3603.954189
0.01053;3603.942134
0.01054;3603.930078
0.01055;3603.918023
0.01056;3603.905967
0.01057;3603.893912
0.01058;3603.881857
0.01059;3603.869801
0.0106;3603.857746
0.01061;3603.84569
0.01062;3603.833635
0.01063;3603.821579
0.01064;3603.809524
0.01065;3603.797468
0.01066;3603.785413
0.01067;3603.773357
0.01068;3603.761302
0.01069;3603.749247
0.0107;3603.737191
0.01071;3603.725136
0.01072;3603.71308
0.01073;3603.701025
0.01074;3603.688969
0.01075;3603.676914
0.01076;3603.664858
0.01077;3603.652803
0.01078;3603.640747
0.01079;3603.628692
0.0108;3603.616637
0.01081;3603.604581
0.01082;3603.592526
0.01083;3603.58047
0.01084;3603.568415
0.01085;3603.556359
0.01086;3603.544304
0.01087;3603.532248
0.01088;3603.520193
0.01089;3603.508137
0.0109;3603.496082
0.01091;3603.484027
0.01092;3603.471971
0.01093;3603.459916
0.01094;3603.44786
0.01095;3603.435805
0.01096;3603.423749
0.01097;3603.411694
0.01098;3603.399638
0.01099;3603.387583
0.011;3603.375527
0.01101;3603.363472
0.01102;3603.351417
0.01103;3603.339361
0.01104;3603.327306
0.01105;3603.31525
0.01106;3603.303195
0.01107;3603.291139
0.01108;3603.279084
0.01109;3603.267028
0.0111;3603.254973
0.01111;3603.242917
0.01112;3603.230862
0.01113;3603.218807
0.01114;3603.206751
0.01115;3603.194696
0.01116;3603.18264
0.01117;3603.170585
0.01118;3603.158529
0.01119;3603.146474
0.0112;3603.134418
0.01121;3603.122363
0.01122;3603.110307
0.01123;3603.098252
0.01124;3603.086197
0.01125;3603.074141
0.01126;3603.062086
0.01127;3603.05003
0.01128;3603.037975
0.01129;3603.025919
0.0113;3603.013864
0.01131;3603.001808
0.01132;3602.989753
0.01133;3602.977697
0.01134;3602.965642
0.01135;3602.953586
0.01136;3602.941531
0.01137;3602.929476
0.01138;3602.91742
0.01139;3602.905365
0.0114;3602.893309
0.01141;3602.881254
0.01142;3602.869198
0.01143;3602.857143
0.01144;3602.845087
0.01145;3602.833032
0.01146;3602.820976
0.01147;3602.808921
0.01148;3602.796866
0.01149;3602.78481
0.0115;3602.772755
0.01151;3602.760699
0.01152;3602.748644
0.01153;3602.736588
0.01154;3602.724533
0.01155;3602.712477
0.01156;3602.700422
0.01157;3602.688366
0.01158;3602.676311
0.01159;3602.664256
0.0116;3602.6522
0.01161;3602.640145
0.01162;3602.628089
0.01163;3602.616034
0.01164;3602.603978
0.01165;3602.591923
0.01166;3602.579867
0.01167;3602.567812
0.01168;3602.555756
0.01169;3602.543701
0.0117;3602.531646
0.01171;3602.51959
0.01172;3602.507535
0.01173;3602.495479
0.01174;3602.483424
0.01175;3602.471368
0.01176;3602.459313
0.01177;3602.447257
0.01178;3602.435202
0.01179;3602.423146
0.0118;3602.411091
0.01181;3602.399036
0.01182;3602.38698
0.01183;3602.374925
0.01184;3602.362869
0.01185;3602.350814
0.01186;3602.338758
0.01187;3602.326703
0.01188;3602.314647
0.01189;3602.302592
0.0119;3602.290536
0.01191;3602.278481
0.01192;3602.266426
0.01193;3602.25437
0.01194;3602.242315
0.01195;3602.230259
0.01196;3602.218204
0.01197;3602.206148
0.01198;3602.194093
0.01199;3602.182037
0.012;3602.169982
0.01201;3602.157926
0.01202;3602.145871
0.01203;3602.133816
0.01204;3602.12176
0.01205;3602.109705
0.01206;3602.097649
0.01207;3602.085594
0.01208;3602.073538
0.01209;3602.061483
0.0121;3602.049427
0.01211;3602.037372
0.01212;3602.025316
0.01213;3602.013261
0.01214;3602.001206
0.01215;3601.98915
0.01216;3601.977095
0.01217;3601.965039
0.01218;3601.952984
0.01219;3601.940928
0.0122;3601.928873
0.01221;3601.916817
0.01222;3601.904762
0.01223;3601.892706
0.01224;3601.880651
0.01225;3601.868596
0.01226;3601.85654
0.01227;3601.844485
0.01228;3601.832429
0.01229;3601.820374
0.0123;3601.808318
0.01231;3601.796263
0.01232;3601.784207
0.01233;3601.772152
0.01234;3601.760096
0.01235;3601.748041
0.01236;3601.735986
0.01237;3601.72393
0.01238;3601.711875
0.01239;3601.699819
0.0124;3601.687764
0.01241;3601.675708
0.01242;3601.663653
0.01243;3601.651597
0.01244;3601.639542
0.01245;3601.627486
0.01246;3601.615431
0.01247;3601.603376
0.01248;3601.59132
0.01249;3601.579265
0.0125;3601.567209
0.01251;3601.555154
0.01252;3601.543098
0.01253;3601.531043
0.01254;3601.518987
0.01255;3601.506932
0.01256;3601.494876
0.01257;3601.482821
0.01258;3601.470766
0.01259;3601.45871
0.0126;3601.446655
0.01261;3601.434599
0.01262;3601.422544
0.01263;3601.410488
0.01264;3601.398433
0.01265;3601.386377
0.01266;3601.374322
0.01267;3601.362266
0.01268;3601.350211
0.01269;3601.338156
0.0127;3601.3261
0.01271;3601.314045
0.01272;3601.301989
0.01273;3601.289934
0.01274;3601.277878
0.01275;3601.265823
0.01276;3601.253767
0.01277;3601.241712
0.01278;3601.229656
0.01279;3601.217601
0.0128;3601.205546
0.01281;3601.19349
0.01282;3601.181435
0.01283;3601.169379
0.01284;3601.157324
0.01285;3601.145268
0.01286;3601.133213
0.01287;3601.121157
0.01288;3601.109102
0.01289;3601.097046
0.0129;3601.084991
0.01291;3601.072936
0.01292;3601.06088
0.01293;3601.048825
0.01294;3601.036769
0.01295;3601.024714
0.01296;3601.012658
0.01297;3601.000603
0.01298;3600.988547
0.01299;3600.976492
0.013;3600.964436
0.01301;3600.952381
0.01302;3600.940325
0.01303;3600.92827
0.01304;3600.916215
0.01305;3600.904159
0.01306;3600.892104
0.01307;3600.880048
0.01308;3600.867993
0.01309;3600.855937
0.0131;3600.843882
0.01311;3600.831826
0.01312;3600.819771
0.01313;3600.807715
0.01314;3600.79566
0.01315;3600.783605
0.01316;3600.771549
0.01317;3600.759494
0.01318;3600.747438
0.01319;3600.735383
0.0132;3600.723327
0.01321;3600.711272
0.01322;3600.699216
0.01323;3600.687161
0.01324;3600.675105
0.01325;3600.66305
0.01326;3600.650995
0.01327;3600.638939
0.01328;3600.626884
0.01329;3600.614828
0.0133;3600.602773
0.01331;3600.590717
0.01332;3600.578662
0.01333;3600.566606
0.01334;3600.554551
0.01335;3600.542495
0.01336;3600.53044
0.01337;3600.518385
0.01338;3600.506329
0.01339;3600.494274
0.0134;3600.482218
0.01341;3600.470163
0.01342;3600.458107
0.01343;3600.446052
0.01344;3600.433996
0.01345;3600.421941
0.01346;3600.409885
0.01347;3600.39783
0.01348;3600.385775
0.01349;3600.373719
0.0135;3600.361664
0.01351;3600.349608
0.01352;3600.337553
0.01353;3600.325497
0.01354;3600.313442
0.01355;3600.301386
0.01356;3600.289331
0.01357;3600.277275
0.01358;3600.26522
0.01359;3600.253165
0.0136;3600.241109
0.01361;3600.229054
0.01362;3600.216998
0.01363;3600.204943
0.01364;3600.192887
0.01365;3600.180832
0.01366;3600.168776
0.01367;3600.156721
0.01368;3600.144665
0.01369;3600.13261
0.0137;3600.120555
0.01371;3600.108499
0.01372;3600.096444
0.01373;3600.084388
0.01374;3600.072333
0.01375;3600.060277
0.01376;3600.048222
0.01377;3600.036166
0.01378;3600.024111
0.01379;3600.012055
0.0138;3600
0.01381;3599.987945
0.01382;3599.975889
0.01383;3599.963834
0.01384;3599.951778
0.01385;3599.939723
0.01386;3599.927667
0.01387;3599.915612
0.01388;3599.903556
0.01389;3599.891501
0.0139;3599.879445
0.01391;3599.86739
0.01392;3599.855335
0.01393;3599.843279
0.01394;3599.831224
0.01395;3599.819168
0.01396;3599.807113
0.01397;3599.795057
0.01398;3599.783002
0.01399;3599.770946
0.014;3599.758891
0.01401;3599.746835
0.01402;3599.73478
0.01403;3599.722725
0.01404;3599.710669
0.01405;3599.698614
0.01406;3599.686558
0.01407;3599.674503
0.01408;3599.662447
0.01409;3599.650392
0.0141;3599.638336
0.01411;3599.626281
0.01412;3599.614225
0.01413;3599.60217
0.01414;3599.590115
0.01415;3599.578059
0.01416;3599.566004
0.01417;3599.553948
0.01418;3599.541893
0.01419;3599.529837
0.0142;3599.517782
0.01421;3599.505726
0.01422;3599.493671
0.01423;3599.481615
0.01424;3599.46956
0.01425;3599.457505
0.01426;3599.445449
0.01427;3599.433394
0.01428;3599.421338
0.01429;3599.409283
0.0143;3599.397227
0.01431;3599.385172
0.01432;3599.373116
0.01433;3599.361061
0.01434;3599.349005
0.01435;3599.33695
0.01436;3599.324895
0.01437;3599.312839
0.01438;3599.300784
0.01439;3599.288728
0.0144;3599.276673
0.01441;3599.264617
0.01442;3599.252562
0.01443;3599.240506
0.01444;3599.228451
0.01445;3599.216395
0.01446;3599.20434
0.01447;3599.192285
0.01448;3599.180229
0.01449;3599.168174
0.0145;3599.156118
0.01451;3599.144063
0.01452;3599.132007
0.01453;3599.119952
0.01454;3599.107896
0.01455;3599.095841
0.01456;3599.083785
0.01457;3599.07173
0.01458;3599.059675
0.01459;3599.047619
0.0146;3599.035564
0.01461;3599.023508
0.01462;3599.011453
0.01463;3598.999397
0.01464;3598.987342
0.01465;3598.975286
0.01466;3598.963231
0.01467;3598.951175
0.01468;3598.93912
0.01469;3598.927064
0.0147;3598.915009
0.01471;3598.902954
0.01472;3598.890898
0.01473;3598.878843
0.01474;3598.866787
0.01475;3598.854732
0.01476;3598.842676
0.01477;3598.830621
0.01478;3598.818565
0.01479;3598.80651
0.0148;3598.794454
0.01481;3598.782399
0.01482;3598.770344
0.01483;3598.758288
0.01484;3598.746233
0.01485;3598.734177
0.01486;3598.722122
0.01487;3598.710066
0.01488;3598.698011
0.01489;3598.685955
0.0149;3598.6739
0.01491;3598.661844
0.01492;3598.649789
0.01493;3598.637734
0.01494;3598.625678
0.01495;3598.613623
0.01496;3598.601567
0.01497;3598.589512
0.01498;3598.577456
0.01499;3598.565401
0.015;3598.553345
0.01501;3598.54129
0.01502;3598.529234
0.01503;3598.517179
0.01504;3598.505124
0.01505;3598.493068
0.01506;3598.481013
0.01507;3598.468957
0.01508;3598.456902
0.01509;3598.444846
0.0151;3598.432791
0.01511;3598.420735
0.01512;3598.40868
0.01513;3598.396624
0.01514;3598.384569
0.01515;3598.372514
0.01516;3598.360458
0.01517;3598.348403
0.01518;3598.336347
0.01519;3598.324292
0.0152;3598.312236
0.01521;3598.300181
0.01522;3598.288125
0.01523;3598.27607
0.01524;3598.264014
0.01525;3598.251959
0.01526;3598.239904
0.01527;3598.227848
0.01528;3598.215793
0.01529;3598.203737
0.0153;3598.191682
0.01531;3598.179626
0.01532;3598.167571
0.01533;3598.155515
0.01534;3598.14346
0.01535;3598.131404
0.01536;3598.119349
0.01537;3598.107294
0.01538;3598.095238
0.01539;3598.083183
0.0154;3598.071127
0.01541;3598.059072
0.01542;3598.047016
0.01543;3598.034961
0.01544;3598.022905
0.01545;3598.01085
0.01546;3597.998794
0.01547;3597.986739
0.01548;3597.974684
0.01549;3597.962628
0.0155;3597.950573
0.01551;3597.938517
0.01552;3597.926462
0.01553;3597.914406
0.01554;3597.902351
0.01555;3597.890295
0.01556;3597.87824
0.01557;3597.866184
0.01558;3597.854129
0.01559;3597.842074
0.0156;3597.830018
0.01561;3597.817963
0.01562;3597.805907
0.01563;3597.793852
0.01564;3597.781796
0.01565;3597.769741
0.01566;3597.757685
0.01567;3597.74563
0.01568;3597.733574
0.01569;3597.721519
0.0157;3597.709464
0.01571;3597.697408
0.01572;3597.685353
0.01573;3597.673297
0.01574;3597.661242
0.01575;3597.649186
0.01576;3597.637131
0.01577;3597.625075
0.01578;3597.61302
0.01579;3597.600964
0.0158;3597.588909
0.01581;3597.576854
0.01582;3597.564798
0.01583;3597.552743
0.01584;3597.540687
0.01585;3597.528632
0.01586;3597.516576
0.01587;3597.504521
0.01588;3597.492465
0.01589;3597.48041
0.0159;3597.468354
0.01591;3597.456299
0.01592;3597.444244
0.01593;3597.432188
0.01594;3597.420133
0.01595;3597.408077
0.01596;3597.396022
0.01597;3597.383966
0.01598;3597.371911
0.01599;3597.359855
0.016;3597.3478
0.01601;3597.335744
0.01602;3597.323689
0.01603;3597.311634
0.01604;3597.299578
0.01605;3597.287523
0.01606;3597.275467
0.01607;3597.263412
0.01608;3597.251356
0.01609;3597.239301
0.0161;3597.227245
0.01611;3597.21519
0.01612;3597.203134
0.01613;3597.191079
0.01614;3597.179024
0.01615;3597.166968
0.01616;3597.154913
0.01617;3597.142857
0.01618;3597.130802
0.01619;3597.118746
0.0162;3597.106691
0.01621;3597.094635
0.01622;3597.08258
0.01623;3597.070524
0.01624;3597.058469
0.01625;3597.046414
0.01626;3597.034358
0.01627;3597.022303
0.01628;3597.010247
0.01629;3596.998192
0.0163;3596.986136
0.01631;3596.974081
0.01632;3596.962025
0.01633;3596.94997
0.01634;3596.937914
0.01635;3596.925859
0.01636;3596.913803
0.01637;3596.901748
0.01638;3596.889693
0.01639;3596.877637
0.0164;3596.865582
0.01641;3596.853526
0.01642;3596.841471
0.01643;3596.829415
0.01644;3596.81736
0.01645;3596.805304
0.01646;3596.793249
0.01647;3596.781193
0.01648;3596.769138
0.01649;3596.757083
0.0165;3596.745027
0.01651;3596.732972
0.01652;3596.720916
0.01653;3596.708861
0.01654;3596.696805
0.01655;3596.68475
0.01656;3596.672694
0.01657;3596.660639
0.01658;3596.648583
0.01659;3596.636528
0.0166;3596.624473
0.01661;3596.612417
0.01662;3596.600362
0.01663;3596.588306
0.01664;3596.576251
0.01665;3596.564195
0.01666;3596.55214
0.01667;3596.540084
0.01668;3596.528029
0.01669;3596.515973
0.0167;3596.503918
0.01671;3596.491863
0.01672;3596.479807
0.01673;3596.467752
0.01674;3596.455696
0.01675;3596.443641
0.01676;3596.431585
0.01677;3596.41953
0.01678;3596.407474
0.01679;3596.395419
0.0168;3596.383363
0.01681;3596.371308
0.01682;3596.359253
0.01683;3596.347197
0.01684;3596.335142
0.01685;3596.323086
0.01686;3596.311031
0.01687;3596.298975
0.01688;3596.28692
0.01689;3596.274864
0.0169;3596.262809
0.01691;3596.250753
0.01692;3596.238698
0.01693;3596.226643
0.01694;3596.214587
0.01695;3596.202532
0.01696;3596.190476
0.01697;3596.178421
0.01698;3596.166365
0.01699;3596.15431
0.017;3596.142254
0.01701;3596.130199
0.01702;3596.118143
0.01703;3596.106088
0.01704;3596.094033
0.01705;3596.081977
0.01706;3596.069922
0.01707;3596.057866
0.01708;3596.045811
0.01709;3596.033755
0.0171;3596.0217
0.01711;3596.009644
0.01712;3595.997589
0.01713;3595.985533
0.01714;3595.973478
0.01715;3595.961423
0.01716;3595.949367
0.01717;3595.937312
0.01718;3595.925256
0.01719;3595.913201
0.0172;3595.901145
0.01721;3595.88909
0.01722;3595.877034
0.01723;3595.864979
0.01724;3595.852923
0.01725;3595.840868
0.01726;3595.828813
0.01727;3595.816757
0.01728;3595.804702
0.01729;3595.792646
0.0173;3595.780591
0.01731;3595.768535
0.01732;3595.75648
0.01733;3595.744424
0.01734;3595.732369
0.01735;3595.720313
0.01736;3595.708258
0.01737;3595.696203
0.01738;3595.684147
0.01739;3595.672092
0.0174;3595.660036
0.01741;3595.647981
0.01742;3595.635925
0.01743;3595.62387
0.01744;3595.611814
0.01745;3595.599759
0.01746;3595.587703
0.01747;3595.575648
0.01748;3595.563593
0.01749;3595.551537
0.0175;3595.539482
0.01751;3595.527426
0.01752;3595.515371
0.01753;3595.503315
0.01754;3595.49126
0.01755;3595.479204
0.01756;3595.467149
0.01757;3595.455093
0.01758;3595.443038
0.01759;3595.430983
0.0176;3595.418927
0.01761;3595.406872
0.01762;3595.394816
0.01763;3595.382761
0.01764;3595.370705
0.01765;3595.35865
0.01766;3595.346594
0.01767;3595.334539
0.01768;3595.322483
0.01769;3595.310428
0.0177;3595.298373
0.01771;3595.286317
0.01772;3595.274262
0.01773;3595.262206
0.01774;3595.250151
0.01775;3595.238095
0.01776;3595.22604
0.01777;3595.213984
0.01778;3595.201929
0.01779;3595.189873
0.0178;3595.177818
0.01781;3595.165763
0.01782;3595.153707
0.01783;3595.141652
0.01784;3595.129596
0.01785;3595.117541
0.01786;3595.105485
0.01787;3595.09343
0.01788;3595.081374
0.01789;3595.069319
0.0179;3595.057263
0.01791;3595.045208
0.01792;3595.033153
0.01793;3595.021097
0.01794;3595.009042
0.01795;3594.996986
0.01796;3594.984931
0.01797;3594.972875
0.01798;3594.96082
0.01799;3594.948764
0.018;3594.936709
0.01801;3594.924653
0.01802;3594.912598
0.01803;3594.900542
0.01804;3594.888487
0.01805;3594.876432
0.01806;3594.864376
0.01807;3594.852321
0.01808;3594.840265
0.01809;3594.82821
0.0181;3594.816154
0.01811;3594.804099
0.01812;3594.792043
0.01813;3594.779988
0.01814;3594.767932
0.01815;3594.755877
0.01816;3594.743822
0.01817;3594.731766
0.01818;3594.719711
0.01819;3594.707655
0.0182;3594.6956
0.01821;3594.683544
0.01822;3594.671489
0.01823;3594.659433
0.01824;3594.647378
0.01825;3594.635322
0.01826;3594.623267
0.01827;3594.611212
0.01828;3594.599156
0.01829;3594.587101
0.0183;3594.575045
0.01831;3594.56299
0.01832;3594.550934
0.01833;3594.538879
0.01834;3594.526823
0.01835;3594.514768
0.01836;3594.502712
0.01837;3594.490657
0.01838;3594.478602
0.01839;3594.466546
0.0184;3594.454491
0.01841;3594.442435
0.01842;3594.43038
0.01843;3594.418324
0.01844;3594.406269
0.01845;3594.394213
0.01846;3594.382158
0.01847;3594.370102
0.01848;3594.358047
0.01849;3594.345992
0.0185;3594.333936
0.01851;3594.321881
0.01852;3594.309825
0.01853;3594.29777
0.01854;3594.285714
0.01855;3594.273659
0.01856;3594.261603
0.01857;3594.249548
0.01858;3594.237492
0.01859;3594.225437
0.0186;3594.213382
0.01861;3594.201326
0.01862;3594.189271
0.01863;3594.177215
0.01864;3594.16516
0.01865;3594.153104
0.01866;3594.141049
0.01867;3594.128993
0.01868;3594.116938
0.01869;3594.104882
0.0187;3594.092827
0.01871;3594.080772
0.01872;3594.068716
0.01873;3594.056661
0.01874;3594.044605
0.01875;3594.03255
0.01876;3594.020494
0.01877;3594.008439
0.01878;3593.996383
0.01879;3593.984328
0.0188;3593.972272
0.01881;3593.960217
0.01882;3593.948162
0.01883;3593.936106
0.01884;3593.924051
0.01885;3593.911995
0.01886;3593.89994
0.01887;3593.887884
0.01888;3593.875829
0.01889;3593.863773
0.0189;3593.851718
0.01891;3593.839662
0.01892;3593.827607
0.01893;3593.815552
0.01894;3593.803496
0.01895;3593.791441
0.01896;3593.779385
0.01897;3593.76733
0.01898;3593.755274
0.01899;3593.743219
0.019;3593.731163
0.01901;3593.719108
0.01902;3593.707052
0.01903;3593.694997
0.01904;3593.682942
0.01905;3593.670886
0.01906;3593.658831
0.01907;3593.646775
0.01908;3593.63472
0.01909;3593.622664
0.0191;3593.610609
0.01911;3593.598553
0.01912;3593.586498
0.01913;3593.574442
0.01914;3593.562387
0.01915;3593.550332
0.01916;3593.538276
0.01917;3593.526221
0.01918;3593.514165
0.01919;3593.50211
0.0192;3593.490054
0.01921;3593.477999
0.01922;3593.465943
0.01923;3593.453888
0.01924;3593.441832
0.01925;3593.429777
0.01926;3593.417722
0.01927;3593.405666
0.01928;3593.393611
0.01929;3593.381555
0.0193;3593.3695
0.01931;3593.357444
0.01932;3593.345389
0.01933;3593.333333
0.01934;3593.321278
0.01935;3593.309222
0.01936;3593.297167
0.01937;3593.285112
0.01938;3593.273056
0.01939;3593.261001
0.0194;3593.248945
0.01941;3593.23689
0.01942;3593.224834
0.01943;3593.212779
0.01944;3593.200723
0.01945;3593.188668
0.01946;3593.176612
0.01947;3593.164557
0.01948;3593.152502
0.01949;3593.140446
0.0195;3593.128391
0.01951;3593.116335
0.01952;3593.10428
0.01953;3593.092224
0.01954;3593.080169
0.01955;3593.068113
0.01956;3593.056058
0.01957;3593.044002
0.01958;3593.031947
0.01959;3593.019892
0.0196;3593.007836
0.01961;3592.995781
0.01962;3592.983725
0.01963;3592.97167
0.01964;3592.959614
0.01965;3592.947559
0.01966;3592.935503
0.01967;3592.923448
0.01968;3592.911392
0.01969;3592.899337
0.0197;3592.887281
0.01971;3592.875226
0.01972;3592.863171
0.01973;3592.851115
0.01974;3592.83906
0.01975;3592.827004
0.01976;3592.814949
0.01977;3592.802893
0.01978;3592.790838
0.01979;3592.778782
0.0198;3592.766727
0.01981;3592.754671
0.01982;3592.742616
0.01983;3592.730561
0.01984;3592.718505
0.01985;3592.70645
0.01986;3592.694394
0.01987;3592.682339
0.01988;3592.670283
0.01989;3592.658228
0.0199;3592.646172
0.01991;3592.634117
0.01992;3592.622061
0.01993;3592.610006
0.01994;3592.597951
0.01995;3592.585895
0.01996;3592.57384
0.01997;3592.561784
0.01998;3592.549729
0.01999;3592.537673
0.02;3592.525618
0.02001;3592.513562
0.02002;3592.501507
0.02003;3592.489451
0.02004;3592.477396
0.02005;3592.465341
0.02006;3592.453285
0.02007;3592.44123
0.02008;3592.429174
0.02009;3592.417119
0.0201;3592.405063
0.02011;3592.393008
0.02012;3592.380952
0.02013;3592.368897
0.02014;3592.356841
0.02015;3592.344786
0.02016;3592.332731
0.02017;3592.320675
0.02018;3592.30862
0.02019;3592.296564
0.0202;3592.284509
0.02021;3592.272453
0.02022;3592.260398
0.02023;3592.248342
0.02024;3592.236287
0.02025;3592.224231
0.02026;3592.212176
0.02027;3592.200121
0.02028;3592.188065
0.02029;3592.17601
0.0203;3592.163954
0.02031;3592.151899
0.02032;3592.139843
0.02033;3592.127788
0.02034;3592.115732
0.02035;3592.103677
0.02036;3592.091621
0.02037;3592.079566
0.02038;3592.067511
0.02039;3592.055455
0.0204;3592.0434
0.02041;3592.031344
0.02042;3592.019289
0.02043;3592.007233
0.02044;3591.995178
0.02045;3591.983122
0.02046;3591.971067
0.02047;3591.959011
0.02048;3591.946956
0.02049;3591.934901
0.0205;3591.922845
0.02051;3591.91079
0.02052;3591.898734
0.02053;3591.886679
0.02054;3591.874623
0.02055;3591.862568
0.02056;3591.850512
0.02057;3591.838457
0.02058;3591.826401
0.02059;3591.814346
0.0206;3591.802291
0.02061;3591.790235
0.02062;3591.77818
0.02063;3591.766124
0.02064;3591.754069
0.02065;3591.742013
0.02066;3591.729958
0.02067;3591.717902
0.02068;3591.705847
0.02069;3591.693791
0.0207;3591.681736
0.02071;3591.669681
0.02072;3591.657625
0.02073;3591.64557
0.02074;3591.633514
0.02075;3591.621459
0.02076;3591.609403
0.02077;3591.597348
0.02078;3591.585292
0.02079;3591.573237
0.0208;3591.561181
0.02081;3591.549126
0.02082;3591.537071
0.02083;3591.525015
0.02084;3591.51296
0.02085;3591.500904
0.02086;3591.488849
0.02087;3591.476793
0.02088;3591.464738
0.02089;3591.452682
0.0209;3591.440627
0.02091;3591.428571
0.02092;3591.416516
0.02093;3591.404461
0.02094;3591.392405
0.02095;3591.38035
0.02096;3591.368294
0.02097;3591.356239
0.02098;3591.344183
0.02099;3591.332128
0.021;3591.320072
0.02101;3591.308017
0.02102;3591.295961
0.02103;3591.283906
0.02104;3591.271851
0.02105;3591.259795
0.02106;3591.24774
0.02107;3591.235684
0.02108;3591.223629
0.02109;3591.211573
0.0211;3591.199518
0.02111;3591.187462
0.02112;3591.175407
0.02113;3591.163351
0.02114;3591.151296
0.02115;3591.139241
0.02116;3591.127185
0.02117;3591.11513
0.02118;3591.103074
0.02119;3591.091019
0.0212;3591.078963
0.02121;3591.066908
0.02122;3591.054852
0.02123;3591.042797
0.02124;3591.030741
0.02125;3591.018686
0.02126;3591.006631
0.02127;3590.994575
0.02128;3590.98252
0.02129;3590.970464
0.0213;3590.958409
0.02131;3590.946353
0.02132;3590.934298
0.02133;3590.922242
0.02134;3590.910187
0.02135;3590.898131
0.02136;3590.886076
0.02137;3590.87402
0.02138;3590.861965
0.02139;3590.84991
0.0214;3590.837854
0.02141;3590.825799
0.02142;3590.813743
0.02143;3590.801688
0.02144;3590.789632
0.02145;3590.777577
0.02146;3590.765521
0.02147;3590.753466
0.02148;3590.74141
0.02149;3590.729355
0.0215;3590.7173
0.02151;3590.705244
0.02152;3590.693189
0.02153;3590.681133
0.02154;3590.669078
0.02155;3590.657022
0.02156;3590.644967
0.02157;3590.632911
0.02158;3590.620856
0.02159;3590.6088
0.0216;3590.596745
0.02161;3590.58469
0.02162;3590.572634
0.02163;3590.560579
0.02164;3590.548523
0.02165;3590.536468
0.02166;3590.524412
0.02167;3590.512357
0.02168;3590.500301
0.02169;3590.488246
0.0217;3590.47619
0.02171;3590.464135
0.02172;3590.45208
0.02173;3590.440024
0.02174;3590.427969
0.02175;3590.415913
0.02176;3590.403858
0.02177;3590.391802
0.02178;3590.379747
0.02179;3590.367691
0.0218;3590.355636
0.02181;3590.34358
0.02182;3590.331525
0.02183;3590.31947
0.02184;3590.307414
0.02185;3590.295359
0.02186;3590.283303
0.02187;3590.271248
0.02188;3590.259192
0.02189;3590.247137
0.0219;3590.235081
0.02191;3590.223026
0.02192;3590.21097
0.02193;3590.198915
0.02194;3590.18686
0.02195;3590.174804
0.02196;3590.162749
0.02197;3590.150693
0.02198;3590.138638
0.02199;3590.126582
0.022;3590.114527
0.02201;3590.102471
0.02202;3590.090416
0.02203;3590.07836
0.02204;3590.066305
0.02205;3590.05425
0.02206;3590.042194
0.02207;3590.030139
0.02208;3590.018083
0.02209;3590.006028
0.0221;3589.993972
0.02211;3589.981917
0.02212;3589.969861
0.02213;3589.957806
0.02214;3589.94575
0.02215;3589.933695
0.02216;3589.92164
0.02217;3589.909584
0.02218;3589.897529
0.02219;3589.885473
0.0222;3589.873418
0.02221;3589.861362
0.02222;3589.849307
0.02223;3589.837251
0.02224;3589.825196
0.02225;3589.81314
0.02226;3589.801085
0.02227;3589.78903
0.02228;3589.776974
0.02229;3589.764919
0.0223;3589.752863
0.02231;3589.740808
0.02232;3589.728752
0.02233;3589.716697
0.02234;3589.704641
0.02235;3589.692586
0.02236;3589.68053
0.02237;3589.668475
0.02238;3589.65642
0.02239;3589.644364
0.0224;3589.632309
0.02241;3589.620253
0.02242;3589.608198
0.02243;3589.596142
0.02244;3589.584087
0.02245;3589.572031
0.02246;3589.559976
0.02247;3589.54792
0.02248;3589.535865
0.02249;3589.52381
0.0225;3589.511754
0.02251;3589.499699
0.02252;3589.487643
0.02253;3589.475588
0.02254;3589.463532
0.02255;3589.451477
0.02256;3589.439421
0.02257;3589.427366
0.02258;3589.41531
0.02259;3589.403255
0.0226;3589.3912
0.02261;3589.379144
0.02262;3589.367089
0.02263;3589.355033
0.02264;3589.342978
0.02265;3589.330922
0.02266;3589.318867
0.02267;3589.306811
0.02268;3589.294756
0.02269;3589.2827
0.0227;3589.270645
0.02271;3589.25859
0.02272;3589.246534
0.02273;3589.234479
0.02274;3589.222423
0.02275;3589.210368
0.02276;3589.198312
0.02277;3589.186257
0.02278;3589.174201
0.02279;3589.162146
0.0228;3589.15009
0.02281;3589.138035
0.02282;3589.12598
0.02283;3589.113924
0.02284;3589.101869
0.02285;3589.089813
0.02286;3589.077758
0.02287;3589.065702
0.02288;3589.053647
0.02289;3589.041591
0.0229;3589.029536
0.02291;3589.01748
0.02292;3589.005425
0.02293;3588.993369
0.02294;3588.981314
0.02295;3588.969259
0.02296;3588.957203
0.02297;3588.945148
0.02298;3588.933092
0.02299;3588.921037
0.023;3588.908981
0.02301;3588.896926
0.02302;3588.88487
0.02303;3588.872815
0.02304;3588.860759
0.02305;3588.848704
0.02306;3588.836649
0.02307;3588.824593
0.02308;3588.812538
0.02309;3588.800482
0.0231;3588.788427
0.02311;3588.776371
0.02312;3588.764316
0.02313;3588.75226
0.02314;3588.740205
0.02315;3588.728149
0.02316;3588.716094
0.02317;3588.704039
0.02318;3588.691983
0.02319;3588.679928
0.0232;3588.667872
0.02321;3588.655817
0.02322;3588.643761
0.02323;3588.631706
0.02324;3588.61965
0.02325;3588.607595
0.02326;3588.595539
0.02327;3588.583484
0.02328;3588.571429
0.02329;3588.559373
0.0233;3588.547318
0.02331;3588.535262
0.02332;3588.523207
0.02333;3588.511151
0.02334;3588.499096
0.02335;3588.48704
0.02336;3588.474985
0.02337;3588.462929
0.02338;3588.450874
0.02339;3588.438819
0.0234;3588.426763
0.02341;3588.414708
0.02342;3588.402652
0.02343;3588.390597
0.02344;3588.378541
0.02345;3588.366486
0.02346;3588.35443
0.02347;3588.342375
0.02348;3588.330319
0.02349;3588.318264
0.0235;3588.306209
0.02351;3588.294153
0.02352;3588.282098
0.02353;3588.270042
0.02354;3588.257987
0.02355;3588.245931
0.02356;3588.233876
0.02357;3588.22182
0.02358;3588.209765
0.02359;3588.197709
0.0236;3588.185654
0.02361;3588.173599
0.02362;3588.161543
0.02363;3588.149488
0.02364;3588.137432
0.02365;3588.125377
0.02366;3588.113321
0.02367;3588.101266
0.02368;3588.08921
0.02369;3588.077155
0.0237;3588.065099
0.02371;3588.053044
0.02372;3588.040989
0.02373;3588.028933
0.02374;3588.016878
0.02375;3588.004822
0.02376;3587.992767
0.02377;3587.980711
0.02378;3587.968656
0.02379;3587.9566
0.0238;3587.944545
0.02381;3587.932489
0.02382;3587.920434
0.02383;3587.908379
0.02384;3587.896323
0.02385;3587.884268
0.02386;3587.872212
0.02387;3587.860157
0.02388;3587.848101
0.02389;3587.836046
0.0239;3587.82399
0.02391;3587.811935
0.02392;3587.799879
0.02393;3587.787824
0.02394;3587.775769
0.02395;3587.763713
0.02396;3587.751658
0.02397;3587.739602
0.02398;3587.727547
0.02399;3587.715491
0.024;3587.703436
0.02401;3587.69138
0.02402;3587.679325
0.02403;3587.667269
0.02404;3587.655214
0.02405;3587.643159
0.02406;3587.631103
0.02407;3587.619048
0.02408;3587.606992
0.02409;3587.594937
0.0241;3587.582881
0.02411;3587.570826
0.02412;3587.55877
0.02413;3587.546715
0.02414;3587.534659
0.02415;3587.522604
0.02416;3587.510549
0.02417;3587.498493
0.02418;3587.486438
0.02419;3587.474382
0.0242;3587.462327
0.02421;3587.450271
0.02422;3587.438216
0.02423;3587.42616
0.02424;3587.414105
0.02425;3587.402049
0.02426;3587.389994
0.02427;3587.377939
0.02428;3587.365883
0.02429;3587.353828
0.0243;3587.341772
0.02431;3587.329717
0.02432;3587.317661
0.02433;3587.305606
0.02434;3587.29355
0.02435;3587.281495
0.02436;3587.269439
0.02437;3587.257384
0.02438;3587.245329
0.02439;3587.233273
0.0244;3587.221218
0.02441;3587.209162
0.02442;3587.197107
0.02443;3587.185051
0.02444;3587.172996
0.02445;3587.16094
0.02446;3587.148885
0.02447;3587.136829
0.02448;3587.124774
0.02449;3587.112719
0.0245;3587.100663
0.02451;3587.088608
0.02452;3587.076552
0.02453;3587.064497
0.02454;3587.052441
0.02455;3587.040386
0.02456;3587.02833
0.02457;3587.016275
0.02458;3587.004219
0.02459;3586.992164
0.0246;3586.980108
0.02461;3586.968053
0.02462;3586.955998
0.02463;3586.943942
0.02464;3586.931887
0.02465;3586.919831
0.02466;3586.907776
0.02467;3586.89572
0.02468;3586.883665
0.02469;3586.871609
0.0247;3586.859554
0.02471;3586.847498
0.02472;3586.835443
0.02473;3586.823388
0.02474;3586.811332
0.02475;3586.799277
0.02476;3586.787221
0.02477;3586.775166
0.02478;3586.76311
0.02479;3586.751055
0.0248;3586.738999
0.02481;3586.726944
0.02482;3586.714888
0.02483;3586.702833
0.02484;3586.690778
0.02485;3586.678722
0.02486;3586.666667
0.02487;3586.654611
0.02488;3586.642556
0.02489;3586.6305
0.0249;3586.618445
0.02491;3586.606389
0.02492;3586.594334
0.02493;3586.582278
0.02494;3586.570223
0.02495;3586.558168
0.02496;3586.546112
0.02497;3586.534057
0.02498;3586.522001
0.02499;3586.509946
0.025;3586.49789
0.02501;3586.485835
0.02502;3586.473779
0.02503;3586.461724
0.02504;3586.449668
0.02505;3586.437613
0.02506;3586.425558
0.02507;3586.413502
0.02508;3586.401447
0.02509;3586.389391
0.0251;3586.377336
0.02511;3586.36528
0.02512;3586.353225
0.02513;3586.341169
0.02514;3586.329114
0.02515;3586.317058
0.02516;3586.305003
0.02517;3586.292948
0.02518;3586.280892
0.02519;3586.268837
0.0252;3586.256781
0.02521;3586.244726
0.02522;3586.23267
0.02523;3586.220615
0.02524;3586.208559
0.02525;3586.196504
0.02526;3586.184448
0.02527;3586.172393
0.02528;3586.160338
0.02529;3586.148282
0.0253;3586.136227
0.02531;3586.124171
0.02532;3586.112116
0.02533;3586.10006
0.02534;3586.088005
0.02535;3586.075949
0.02536;3586.063894
0.02537;3586.051838
0.02538;3586.039783
0.02539;3586.027728
0.0254;3586.015672
0.02541;3586.003617
0.02542;3585.991561
0.02543;3585.979506
0.02544;3585.96745
0.02545;3585.955395
0.02546;3585.943339
0.02547;3585.931284
0.02548;3585.919228
0.02549;3585.907173
0.0255;3585.895118
0.02551;3585.883062
0.02552;3585.871007
0.02553;3585.858951
0.02554;3585.846896
0.02555;3585.83484
0.02556;3585.822785
0.02557;3585.810729
0.02558;3585.798674
0.02559;3585.786618
0.0256;3585.774563
0.02561;3585.762508
0.02562;3585.750452
0.02563;3585.738397
0.02564;3585.726341
0.02565;3585.714286
0.02566;3585.70223
0.02567;3585.690175
0.02568;3585.678119
0.02569;3585.666064
0.0257;3585.654008
0.02571;3585.641953
0.02572;3585.629898
0.02573;3585.617842
0.02574;3585.605787
0.02575;3585.593731
0.02576;3585.581676
0.02577;3585.56962
0.02578;3585.557565
0.02579;3585.545509
0.0258;3585.533454
0.02581;3585.521398
0.02582;3585.509343
0.02583;3585.497288
0.02584;3585.485232
0.02585;3585.473177
0.02586;3585.461121
0.02587;3585.449066
0.02588;3585.43701
0.02589;3585.424955
0.0259;3585.412899
0.02591;3585.400844
0.02592;3585.388788
0.02593;3585.376733
0.02594;3585.364678
0.02595;3585.352622
0.02596;3585.340567
0.02597;3585.328511
0.02598;3585.316456
0.02599;3585.3044
0.026;3585.292345
0.02601;3585.280289
0.02602;3585.268234
0.02603;3585.256178
0.02604;3585.244123
0.02605;3585.232068
0.02606;3585.220012
0.02607;3585.207957
0.02608;3585.195901
0.02609;3585.183846
0.0261;3585.17179
0.02611;3585.159735
0.02612;3585.147679
0.02613;3585.135624
0.02614;3585.123568
0.02615;3585.111513
0.02616;3585.099458
0.02617;3585.087402
0.02618;3585.075347
0.02619;3585.063291
0.0262;3585.051236
0.02621;3585.03918
0.02622;3585.027125
0.02623;3585.015069
0.02624;3585.003014
0.02625;3584.990958
0.02626;3584.978903
0.02627;3584.966847
0.02628;3584.954792
0.02629;3584.942737
0.0263;3584.930681
0.02631;3584.918626
0.02632;3584.90657
0.02633;3584.894515
0.02634;3584.882459
0.02635;3584.870404
0.02636;3584.858348
0.02637;3584.846293
0.02638;3584.834237
0.02639;3584.822182
0.0264;3584.810127
0.02641;3584.798071
0.02642;3584.786016
0.02643;3584.77396
0.02644;3584.761905
0.02645;3584.749849
0.02646;3584.737794
0.02647;3584.725738
0.02648;3584.713683
0.02649;3584.701627
0.0265;3584.689572
0.02651;3584.677517
0.02652;3584.665461
0.02653;3584.653406
0.02654;3584.64135
0.02655;3584.629295
0.02656;3584.617239
0.02657;3584.605184
0.02658;3584.593128
0.02659;3584.581073
0.0266;3584.569017
0.02661;3584.556962
0.02662;3584.544907
0.02663;3584.532851
0.02664;3584.520796
0.02665;3584.50874
0.02666;3584.496685
0.02667;3584.484629
0.02668;3584.472574
0.02669;3584.460518
0.0267;3584.448463
0.02671;3584.436407
0.02672;3584.424352
0.02673;3584.412297
0.02674;3584.400241
0.02675;3584.388186
0.02676;3584.37613
0.02677;3584.364075
0.02678;3584.352019
0.02679;3584.339964
0.0268;3584.327908
0.02681;3584.315853
0.02682;3584.303797
0.02683;3584.291742
0.02684;3584.279687
0.02685;3584.267631
0.02686;3584.255576
0.02687;3584.24352
0.02688;3584.231465
0.02689;3584.219409
0.0269;3584.207354
0.02691;3584.195298
0.02692;3584.183243
0.02693;3584.171187
0.02694;3584.159132
0.02695;3584.147077
0.02696;3584.135021
0.02697;3584.122966
0.02698;3584.11091
0.02699;3584.098855
0.027;3584.086799
0.02701;3584.074744
0.02702;3584.062688
0.02703;3584.050633
0.02704;3584.038577
0.02705;3584.026522
0.02706;3584.014467
0.02707;3584.002411
0.02708;3583.990356
0.02709;3583.9783
0.0271;3583.966245
0.02711;3583.954189
0.02712;3583.942134
0.02713;3583.930078
0.02714;3583.918023
0.02715;3583.905967
0.02716;3583.893912
0.02717;3583.881857
0.02718;3583.869801
0.02719;3583.857746
0.0272;3583.84569
0.02721;3583.833635
0.02722;3583.821579
0.02723;3583.809524
0.02724;3583.797468
0.02725;3583.785413
0.02726;3583.773357
0.02727;3583.761302
0.02728;3583.749247
0.02729;3583.737191
0.0273;3583.725136
0.02731;3583.71308
0.02732;3583.701025
0.02733;3583.688969
0.02734;3583.676914
0.02735;3583.664858
0.02736;3583.652803
0.02737;3583.640747
0.02738;3583.628692
0.02739;3583.616637
0.0274;3583.604581
0.02741;3583.592526
0.02742;3583.58047
0.02743;3583.568415
0.02744;3583.556359
0.02745;3583.544304
0.02746;3583.532248
0.02747;3583.520193
0.02748;3583.508137
0.02749;3583.496082
0.0275;3583.484027
0.02751;3583.471971
0.02752;3583.459916
0.02753;3583.44786
0.02754;3583.435805
0.02755;3583.423749
0.02756;3583.411694
0.02757;3583.399638
0.02758;3583.387583
0.02759;3583.375527
0.0276;3583.363472
0.02761;3583.351417
0.02762;3583.339361
0.02763;3583.327306
0.02764;3583.31525
0.02765;3583.303195
0.02766;3583.291139
0.02767;3583.279084
0.02768;3583.267028
0.02769;3583.254973
0.0277;3583.242917
0.02771;3583.230862
0.02772;3583.218807
0.02773;3583.206751
0.02774;3583.194696
0.02775;3583.18264
0.02776;3583.170585
0.02777;3583.158529
0.02778;3583.146474
0.02779;3583.134418
0.0278;3583.122363
0.02781;3583.110307
0.02782;3583.098252
0.02783;3583.086197
0.02784;3583.074141
0.02785;3583.062086
0.02786;3583.05003
0.02787;3583.037975
0.02788;3583.025919
0.02789;3583.013864
0.0279;3583.001808
0.02791;3582.989753
0.02792;3582.977697
0.02793;3582.965642
0.02794;3582.953586
0.02795;3582.941531
0.02796;3582.929476
0.02797;3582.91742
0.02798;3582.905365
0.02799;3582.893309
0.028;3582.881254
0.02801;3582.869198
0.02802;3582.857143
0.02803;3582.845087
0.02804;3582.833032
0.02805;3582.820976
0.02806;3582.808921
0.02807;3582.796866
0.02808;3582.78481
0.02809;3582.772755
0.0281;3582.760699
0.02811;3582.748644
0.02812;3582.736588
0.02813;3582.724533
0.02814;3582.712477
0.02815;3582.700422
0.02816;3582.688366
0.02817;3582.676311
0.02818;3582.664256
0.02819;3582.6522
0.0282;3582.640145
0.02821;3582.628089
0.02822;3582.616034
0.02823;3582.603978
0.02824;3582.591923
0.02825;3582.579867
0.02826;3582.567812
0.02827;3582.555756
0.02828;3582.543701
0.02829;3582.531646
0.0283;3582.51959
0.02831;3582.507535
0.02832;3582.495479
0.02833;3582.483424
0.02834;3582.471368
0.02835;3582.459313
0.02836;3582.447257
0.02837;3582.435202
0.02838;3582.423146
0.02839;3582.411091
0.0284;3582.399036
0.02841;3582.38698
0.02842;3582.374925
0.02843;3582.362869
0.02844;3582.350814
0.02845;3582.338758
0.02846;3582.326703
0.02847;3582.314647
0.02848;3582.302592
0.02849;3582.290536
0.0285;3582.278481
0.02851;3582.266426
0.02852;3582.25437
0.02853;3582.242315
0.02854;3582.230259
0.02855;3582.218204
0.02856;3582.206148
0.02857;3582.194093
0.02858;3582.182037
0.02859;3582.169982
0.0286;3582.157926
0.02861;3582.145871
0.02862;3582.133816
0.02863;3582.12176
0.02864;3582.109705
0.02865;3582.097649
0.02866;3582.085594
0.02867;3582.073538
0.02868;3582.061483
0.02869;3582.049427
0.0287;3582.037372
0.02871;3582.025316
0.02872;3582.013261
0.02873;3582.001206
0.02874;3581.98915
0.02875;3581.977095
0.02876;3581.965039
0.02877;3581.952984
0.02878;3581.940928
0.02879;3581.928873
0.0288;3581.916817
0.02881;3581.904762
0.02882;3581.892706
0.02883;3581.880651
0.02884;3581.868596
0.02885;3581.85654
0.02886;3581.844485
0.02887;3581.832429
0.02888;3581.820374
0.02889;3581.808318
0.0289;3581.796263
0.02891;3581.784207
0.02892;3581.772152
0.02893;3581.760096
0.02894;3581.748041
0.02895;3581.735986
0.02896;3581.72393
0.02897;3581.711875
0.02898;3581.699819
0.02899;3581.687764
0.029;3581.675708
0.02901;3581.663653
0.02902;3581.651597
0.02903;3581.639542
0.02904;3581.627486
0.02905;3581.615431
0.02906;3581.603376
0.02907;3581.59132
0.02908;3581.579265
0.02909;3581.567209
0.0291;3581.555154
0.02911;3581.543098
0.02912;3581.531043
0.02913;3581.518987
0.02914;3581.506932
0.02915;3581.494876
0.02916;3581.482821
0.02917;3581.470766
0.02918;3581.45871
0.02919;3581.446655
0.0292;3581.434599
0.02921;3581.422544
0.02922;3581.410488
0.02923;3581.398433
0.02924;3581.386377
0.02925;3581.374322
0.02926;3581.362266
0.02927;3581.350211
0.02928;3581.338156
0.02929;3581.3261
0.0293;3581.314045
0.02931;3581.301989
0.02932;3581.289934
0.02933;3581.277878
0.02934;3581.265823
0.02935;3581.253767
0.02936;3581.241712
0.02937;3581.229656
0.02938;3581.217601
0.02939;3581.205546
0.0294;3581.19349
0.02941;3581.181435
0.02942;3581.169379
0.02943;3581.157324
0.02944;3581.145268
0.02945;3581.133213
0.02946;3581.121157
0.02947;3581.109102
0.02948;3581.097046
0.02949;3581.084991
0.0295;3581.072936
0.02951;3581.06088
0.02952;3581.048825
0.02953;3581.036769
0.02954;3581.024714
0.02955;3581.012658
0.02956;3581.000603
0.02957;3580.988547
0.02958;3580.976492
0.02959;3580.964436
0.0296;3580.952381
0.02961;3580.940325
0.02962;3580.92827
0.02963;3580.916215
0.02964;3580.904159
0.02965;3580.892104
0.02966;3580.880048
0.02967;3580.867993
0.02968;3580.855937
0.02969;3580.843882
0.0297;3580.831826
0.02971;3580.819771
0.02972;3580.807715
0.02973;3580.79566
0.02974;3580.783605
0.02975;3580.771549
0.02976;3580.759494
0.02977;3580.747438
0.02978;3580.735383
0.02979;3580.723327
0.0298;3580.711272
0.02981;3580.699216
0.02982;3580.687161
0.02983;3580.675105
0.02984;3580.66305
0.02985;3580.650995
0.02986;3580.638939
0.02987;3580.626884
0.02988;3580.614828
0.02989;3580.602773
0.0299;3580.590717
0.02991;3580.578662
0.02992;3580.566606
0.02993;3580.554551
0.02994;3580.542495
0.02995;3580.53044
0.02996;3580.518385
0.02997;3580.506329
0.02998;3580.494274
0.02999;3580.482218
0.03;3580.470163
0.03001;3580.458107
0.03002;3580.446052
0.03003;3580.433996
0.03004;3580.421941
0.03005;3580.409885
0.03006;3580.39783
0.03007;3580.385775
0.03008;3580.373719
0.03009;3580.361664
0.0301;3580.349608
0.03011;3580.337553
0.03012;3580.325497
0.03013;3580.313442
0.03014;3580.301386
0.03015;3580.289331
0.03016;3580.277275
0.03017;3580.26522
0.03018;3580.253165
0.03019;3580.241109
0.0302;3580.229054
0.03021;3580.216998
0.03022;3580.204943
0.03023;3580.192887
0.03024;3580.180832
0.03025;3580.168776
0.03026;3580.156721
0.03027;3580.144665
0.03028;3580.13261
0.03029;3580.120555
0.0303;3580.108499
0.03031;3580.096444
0.03032;3580.084388
0.03033;3580.072333
0.03034;3580.060277
0.03035;3580.048222
0.03036;3580.036166
0.03037;3580.024111
0.03038;3580.012055
0.03039;3580
0.0304;3579.987945
0.03041;3579.975889
0.03042;3579.963834
0.03043;3579.951778
0.03044;3579.939723
0.03045;3579.927667
0.03046;3579.915612
0.03047;3579.903556
0.03048;3579.891501
0.03049;3579.879445
0.0305;3579.86739
0.03051;3579.855335
0.03052;3579.843279
0.03053;3579.831224
0.03054;3579.819168
0.03055;3579.807113
0.03056;3579.795057
0.03057;3579.783002
0.03058;3579.770946
0.03059;3579.758891
0.0306;3579.746835
0.03061;3579.73478
0.03062;3579.722725
0.03063;3579.710669
0.03064;3579.698614
0.03065;3579.686558
0.03066;3579.674503
0.03067;3579.662447
0.03068;3579.650392
0.03069;3579.638336
0.0307;3579.626281
0.03071;3579.614225
0.03072;3579.60217
0.03073;3579.590115
0.03074;3579.578059
0.03075;3579.566004
0.03076;3579.553948
0.03077;3579.541893
0.03078;3579.529837
0.03079;3579.517782
0.0308;3579.505726
0.03081;3579.493671
0.03082;3579.481615
0.03083;3579.46956
0.03084;3579.457505
0.03085;3579.445449
0.03086;3579.433394
0.03087;3579.421338
0.03088;3579.409283
0.03089;3579.397227
0.0309;3579.385172
0.03091;3579.373116
0.03092;3579.361061
0.03093;3579.349005
0.03094;3579.33695
0.03095;3579.324895
0.03096;3579.312839
0.03097;3579.300784
0.03098;3579.288728
0.03099;3579.276673
0.031;3579.264617
0.03101;3579.252562
0.03102;3579.240506
0.03103;3579.228451
0.03104;3579.216395
0.03105;3579.20434
0.03106;3579.192285
0.03107;3579.180229
0.03108;3579.168174
0.03109;3579.156118
0.0311;3579.144063
0.03111;3579.132007
0.03112;3579.119952
0.03113;3579.107896
0.03114;3579.095841
0.03115;3579.083785
0.03116;3579.07173
0.03117;3579.059675
0.03118;3579.047619
0.03119;3579.035564
0.0312;3579.023508
0.03121;3579.011453
0.03122;3578.999397
0.03123;3578.987342
0.03124;3578.975286
0.03125;3578.963231
0.03126;3578.951175
0.03127;3578.93912
0.03128;3578.927064
0.03129;3578.915009
0.0313;3578.902954
0.03131;3578.890898
0.03132;3578.878843
0.03133;3578.866787
0.03134;3578.854732
0.03135;3578.842676
0.03136;3578.830621
0.03137;3578.818565
0.03138;3578.80651
0.03139;3578.794454
0.0314;3578.782399
0.03141;3578.770344
0.03142;3578.758288
0.03143;3578.746233
0.03144;3578.734177
0.03145;3578.722122
0.03146;3578.710066
0.03147;3578.698011
0.03148;3578.685955
0.03149;3578.6739
0.0315;3578.661844
0.03151;3578.649789
0.03152;3578.637734
0.03153;3578.625678
0.03154;3578.613623
0.03155;3578.601567
0.03156;3578.589512
0.03157;3578.577456
0.03158;3578.565401
0.03159;3578.553345
0.0316;3578.54129
0.03161;3578.529234
0.03162;3578.517179
0.03163;3578.505124
0.03164;3578.493068
0.03165;3578.481013
0.03166;3578.468957
0.03167;3578.456902
0.03168;3578.444846
0.03169;3578.432791
0.0317;3578.420735
0.03171;3578.40868
0.03172;3578.396624
0.03173;3578.384569
0.03174;3578.372514
0.03175;3578.360458
0.03176;3578.348403
0.03177;3578.336347
0.03178;3578.324292
0.03179;3578.312236
0.0318;3578.300181
0.03181;3578.288125
0.03182;3578.27607
0.03183;3578.264014
0.03184;3578.251959
0.03185;3578.239904
0.03186;3578.227848
0.03187;3578.215793
0.03188;3578.203737
0.03189;3578.191682
0.0319;3578.179626
0.03191;3578.167571
0.03192;3578.155515
0.03193;3578.14346
0.03194;3578.131404
0.03195;3578.119349
0.03196;3578.107294
0.03197;3578.095238
0.03198;3578.083183
0.03199;3578.071127
0.032;3578.059072
0.03201;3578.047016
0.03202;3578.034961
0.03203;3578.022905
0.03204;3578.01085
0.03205;3577.998794
0.03206;3577.986739
0.03207;3577.974684
0.03208;3577.962628
0.03209;3577.950573
0.0321;3577.938517
0.03211;3577.926462
0.03212;3577.914406
0.03213;3577.902351
0.03214;3577.890295
0.03215;3577.87824
0.03216;3577.866184
0.03217;3577.854129
0.03218;3577.842074
0.03219;3577.830018
0.0322;3577.817963
0.03221;3577.805907
0.03222;3577.793852
0.03223;3577.781796
0.03224;3577.769741
0.03225;3577.757685
0.03226;3577.74563
0.03227;3577.733574
0.03228;3577.721519
0.03229;3577.709464
0.0323;3577.697408
0.03231;3577.685353
0.03232;3577.673297
0.03233;3577.661242
0.03234;3577.649186
0.03235;3577.637131
0.03236;3577.625075
0.03237;3577.61302
0.03238;3577.600964
0.03239;3577.588909
0.0324;3577.576854
0.03241;3577.564798
0.03242;3577.552743
0.03243;3577.540687
0.03244;3577.528632
0.03245;3577.516576
0.03246;3577.504521
0.03247;3577.492465
0.03248;3577.48041
0.03249;3577.468354
0.0325;3577.456299
0.03251;3577.444244
0.03252;3577.432188
0.03253;3577.420133
0.03254;3577.408077
0.03255;3577.396022
0.03256;3577.383966
0.03257;3577.371911
0.03258;3577.359855
0.03259;3577.3478
0.0326;3577.335744
0.03261;3577.323689
0.03262;3577.311634
0.03263;3577.299578
0.03264;3577.287523
0.03265;3577.275467
0.03266;3577.263412
0.03267;3577.251356
0.03268;3577.239301
0.03269;3577.227245
0.0327;3577.21519
0.03271;3577.203134
0.03272;3577.191079
0.03273;3577.179024
0.03274;3577.166968
0.03275;3577.154913
0.03276;3577.142857
0.03277;3577.130802
0.03278;3577.118746
0.03279;3577.106691
0.0328;3577.094635
0.03281;3577.08258
0.03282;3577.070524
0.03283;3577.058469
0.03284;3577.046414
0.03285;3577.034358
0.03286;3577.022303
0.03287;3577.010247
0.03288;3576.998192
0.03289;3576.986136
0.0329;3576.974081
0.03291;3576.962025
0.03292;3576.94997
0.03293;3576.937914
0.03294;3576.925859
0.03295;3576.913803
0.03296;3576.901748
0.03297;3576.889693
0.03298;3576.877637
0.03299;3576.865582
0.033;3576.853526
0.03301;3576.841471
0.03302;3576.829415
0.03303;3576.81736
0.03304;3576.805304
0.03305;3576.793249
0.03306;3576.781193
0.03307;3576.769138
0.03308;3576.757083
0.03309;3576.745027
0.0331;3576.732972
0.03311;3576.720916
0.03312;3576.708861
0.03313;3576.696805
0.03314;3576.68475
0.03315;3576.672694
0.03316;3576.660639
0.03317;3576.648583
0.03318;3576.636528
0.03319;3576.624473
0.0332;3576.612417
0.03321;3576.600362
0.03322;3576.588306
0.03323;3576.576251
0.03324;3576.564195
0.03325;3576.55214
0.03326;3576.540084
0.03327;3576.528029
0.03328;3576.515973
0.03329;3576.503918
0.0333;3576.491863
0.03331;3576.479807
0.03332;3576.467752
0.03333;3576.455696
0.03334;3576.443641
0.03335;3576.431585
0.03336;3576.41953
0.03337;3576.407474
0.03338;3576.395419
0.03339;3576.383363
0.0334;3576.371308
0.03341;3576.359253
0.03342;3576.347197
0.03343;3576.335142
0.03344;3576.323086
0.03345;3576.311031
0.03346;3576.298975
0.03347;3576.28692
0.03348;3576.274864
0.03349;3576.262809
0.0335;3576.250753
0.03351;3576.238698
0.03352;3576.226643
0.03353;3576.214587
0.03354;3576.202532
0.03355;3576.190476
0.03356;3576.178421
0.03357;3576.166365
0.03358;3576.15431
0.03359;3576.142254
0.0336;3576.130199
0.03361;3576.118143
0.03362;3576.106088
0.03363;3576.094033
0.03364;3576.081977
0.03365;3576.069922
0.03366;3576.057866
0.03367;3576.045811
0.03368;3576.033755
0.03369;3576.0217
0.0337;3576.009644
0.03371;3575.997589
0.03372;3575.985533
0.03373;3575.973478
0.03374;3575.961423
0.03375;3575.949367
0.03376;3575.937312
0.03377;3575.925256
0.03378;3575.913201
0.03379;3575.901145
0.0338;3575.88909
0.03381;3575.877034
0.03382;3575.864979
0.03383;3575.852923
0.03384;3575.840868
0.03385;3575.828813
0.03386;3575.816757
0.03387;3575.804702
0.03388;3575.792646
0.03389;3575.780591
0.0339;3575.768535
0.03391;3575.75648
0.03392;3575.744424
0.03393;3575.732369
0.03394;3575.720313
0.03395;3575.708258
0.03396;3575.696203
0.03397;3575.684147
0.03398;3575.672092
0.03399;3575.660036
0.034;3575.647981
0.03401;3575.635925
0.03402;3575.62387
0.03403;3575.611814
0.03404;3575.599759
0.03405;3575.587703
0.03406;3575.575648
0.03407;3575.563593
0.03408;3575.551537
0.03409;3575.539482
0.0341;3575.527426
0.03411;3575.515371
0.03412;3575.503315
0.03413;3575.49126
0.03414;3575.479204
0.03415;3575.467149
0.03416;3575.455093
0.03417;3575.443038
0.03418;3575.430983
0.03419;3575.418927
0.0342;3575.406872
0.03421;3575.394816
0.03422;3575.382761
0.03423;3575.370705
0.03424;3575.35865
0.03425;3575.346594
0.03426;3575.334539
0.03427;3575.322483
0.03428;3575.310428
0.03429;3575.298373
0.0343;3575.286317
0.03431;3575.274262
0.03432;3575.262206
0.03433;3575.250151
0.03434;3575.238095
0.03435;3575.22604
0.03436;3575.213984
0.03437;3575.201929
0.03438;3575.189873
0.03439;3575.177818
0.0344;3575.165763
0.03441;3575.153707
0.03442;3575.141652
0.03443;3575.129596
0.03444;3575.117541
0.03445;3575.105485
0.03446;3575.09343
0.03447;3575.081374
0.03448;3575.069319
0.03449;3575.057263
0.0345;3575.045208
0.03451;3575.033153
0.03452;3575.021097
0.03453;3575.009042
0.03454;3574.996986
0.03455;3574.984931
0.03456;3574.972875
0.03457;3574.96082
0.03458;3574.948764
0.03459;3574.936709
0.0346;3574.924653
0.03461;3574.912598
0.03462;3574.900542
0.03463;3574.888487
0.03464;3574.876432
0.03465;3574.864376
0.03466;3574.852321
0.03467;3574.840265
0.03468;3574.82821
0.03469;3574.816154
0.0347;3574.804099
0.03471;3574.792043
0.03472;3574.779988
0.03473;3574.767932
0.03474;3574.755877
0.03475;3574.743822
0.03476;3574.731766
0.03477;3574.719711
0.03478;3574.707655
0.03479;3574.6956
0.0348;3574.683544
0.03481;3574.671489
0.03482;3574.659433
0.03483;3574.647378
0.03484;3574.635322
0.03485;3574.623267
0.03486;3574.611212
0.03487;3574.599156
0.03488;3574.587101
0.03489;3574.575045
0.0349;3574.56299
0.03491;3574.550934
0.03492;3574.538879
0.03493;3574.526823
0.03494;3574.514768
0.03495;3574.502712
0.03496;3574.490657
0.03497;3574.478602
0.03498;3574.466546
0.03499;3574.454491
0.035;3574.442435
0.03501;3574.43038
0.03502;3574.418324
0.03503;3574.406269
0.03504;3574.394213
0.03505;3574.382158
0.03506;3574.370102
0.03507;3574.358047
0.03508;3574.345992
0.03509;3574.333936
0.0351;3574.321881
0.03511;3574.309825
0.03512;3574.29777
0.03513;3574.285714
0.03514;3574.273659
0.03515;3574.261603
0.03516;3574.249548
0.03517;3574.237492
0.03518;3574.225437
0.03519;3574.213382
0.0352;3574.201326
0.03521;3574.189271
0.03522;3574.177215
0.03523;3574.16516
0.03524;3574.153104
0.03525;3574.141049
0.03526;3574.128993
0.03527;3574.116938
0.03528;3574.104882
0.03529;3574.092827
0.0353;3574.080772
0.03531;3574.068716
0.03532;3574.056661
0.03533;3574.044605
0.03534;3574.03255
0.03535;3574.020494
0.03536;3574.008439
0.03537;3573.996383
0.03538;3573.984328
0.03539;3573.972272
0.0354;3573.960217
0.03541;3573.948162
0.03542;3573.936106
0.03543;3573.924051
0.03544;3573.911995
0.03545;3573.89994
0.03546;3573.887884
0.03547;3573.875829
0.03548;3573.863773
0.03549;3573.851718
0.0355;3573.839662
0.03551;3573.827607
0.03552;3573.815552
0.03553;3573.803496
0.03554;3573.791441
0.03555;3573.779385
0.03556;3573.76733
0.03557;3573.755274
0.03558;3573.743219
0.03559;3573.731163
0.0356;3573.719108
0.03561;3573.707052
0.03562;3573.694997
0.03563;3573.682942
0.03564;3573.670886
0.03565;3573.658831
0.03566;3573.646775
0.03567;3573.63472
0.03568;3573.622664
0.03569;3573.610609
0.0357;3573.598553
0.03571;3573.586498
0.03572;3573.574442
0.03573;3573.562387
0.03574;3573.550332
0.03575;3573.538276
0.03576;3573.526221
0.03577;3573.514165
0.03578;3573.50211
0.03579;3573.490054
0.0358;3573.477999
0.03581;3573.465943
0.03582;3573.453888
0.03583;3573.441832
0.03584;3573.429777
0.03585;3573.417722
0.03586;3573.405666
0.03587;3573.393611
0.03588;3573.381555
0.03589;3573.3695
0.0359;3573.357444
0.03591;3573.345389
0.03592;3573.333333
0.03593;3573.321278
0.03594;3573.309222
0.03595;3573.297167
0.03596;3573.285112
0.03597;3573.273056
0.03598;3573.261001
0.03599;3573.248945
0.036;3573.23689
0.03601;3573.224834
0.03602;3573.212779
0.03603;3573.200723
0.03604;3573.188668
0.03605;3573.176612
0.03606;3573.164557
0.03607;3573.152502
0.03608;3573.140446
0.03609;3573.128391
0.0361;3573.116335
0.03611;3573.10428
0.03612;3573.092224
0.03613;3573.080169
0.03614;3573.068113
0.03615;3573.056058
0.03616;3573.044002
0.03617;3573.031947
0.03618;3573.019892
0.03619;3573.007836
0.0362;3572.995781
0.03621;3572.983725
0.03622;3572.97167
0.03623;3572.959614
0.03624;3572.947559
0.03625;3572.935503
0.03626;3572.923448
0.03627;3572.911392
0.03628;3572.899337
0.03629;3572.887281
0.0363;3572.875226
0.03631;3572.863171
0.03632;3572.851115
0.03633;3572.83906
0.03634;3572.827004
0.03635;3572.814949
0.03636;3572.802893
0.03637;3572.790838
0.03638;3572.778782
0.03639;3572.766727
0.0364;3572.754671
0.03641;3572.742616
0.03642;3572.730561
0.03643;3572.718505
0.03644;3572.70645
0.03645;3572.694394
0.03646;3572.682339
0.03647;3572.670283
0.03648;3572.658228
0.03649;3572.646172
0.0365;3572.634117
0.03651;3572.622061
0.03652;3572.610006
0.03653;3572.597951
0.03654;3572.585895
0.03655;3572.57384
0.03656;3572.561784
0.03657;3572.549729
0.03658;3572.537673
0.03659;3572.525618
0.0366;3572.513562
0.03661;3572.501507
0.03662;3572.489451
0.03663;3572.477396
0.03664;3572.465341
0.03665;3572.453285
0.03666;3572.44123
0.03667;3572.429174
0.03668;3572.417119
0.03669;3572.405063
0.0367;3572.393008
0.03671;3572.380952
0.03672;3572.368897
0.03673;3572.356841
0.03674;3572.344786
0.03675;3572.332731
0.03676;3572.320675
0.03677;3572.30862
0.03678;3572.296564
0.03679;3572.284509
0.0368;3572.272453
0.03681;3572.260398
0.03682;3572.248342
0.03683;3572.236287
0.03684;3572.224231
0.03685;3572.212176
0.03686;3572.200121
0.03687;3572.188065
0.03688;3572.17601
0.03689;3572.163954
0.0369;3572.151899
0.03691;3572.139843
0.03692;3572.127788
0.03693;3572.115732
0.03694;3572.103677
0.03695;3572.091621
0.03696;3572.079566
0.03697;3572.067511
0.03698;3572.055455
0.03699;3572.0434
0.037;3572.031344
0.03701;3572.019289
0.03702;3572.007233
0.03703;3571.995178
0.03704;3571.983122
0.03705;3571.971067
0.03706;3571.959011
0.03707;3571.946956
0.03708;3571.934901
0.03709;3571.922845
0.0371;3571.91079
0.03711;3571.898734
0.03712;3571.886679
0.03713;3571.874623
0.03714;3571.862568
0.03715;3571.850512
0.03716;3571.838457
0.03717;3571.826401
0.03718;3571.814346
0.03719;3571.802291
0.0372;3571.790235
0.03721;3571.77818
0.03722;3571.766124
0.03723;3571.754069
0.03724;3571.742013
0.03725;3571.729958
0.03726;3571.717902
0.03727;3571.705847
0.03728;3571.693791
0.03729;3571.681736
0.0373;3571.669681
0.03731;3571.657625
0.03732;3571.64557
0.03733;3571.633514
0.03734;3571.621459
0.03735;3571.609403
0.03736;3571.597348
0.03737;3571.585292
0.03738;3571.573237
0.03739;3571.561181
0.0374;3571.549126
0.03741;3571.537071
0.03742;3571.525015
0.03743;3571.51296
0.03744;3571.500904
0.03745;3571.488849
0.03746;3571.476793
0.03747;3571.464738
0.03748;3571.452682
0.03749;3571.440627
0.0375;3571.428571
0.03751;3571.416516
0.03752;3571.404461
0.03753;3571.392405
0.03754;3571.38035
0.03755;3571.368294
0.03756;3571.356239
0.03757;3571.344183
0.03758;3571.332128
0.03759;3571.320072
0.0376;3571.308017
0.03761;3571.295961
0.03762;3571.283906
0.03763;3571.271851
0.03764;3571.259795
0.03765;3571.24774
0.03766;3571.235684
0.03767;3571.223629
0.03768;3571.211573
0.03769;3571.199518
0.0377;3571.187462
0.03771;3571.175407
0.03772;3571.163351
0.03773;3571.151296
0.03774;3571.139241
0.03775;3571.127185
0.03776;3571.11513
0.03777;3571.103074
0.03778;3571.091019
0.03779;3571.078963
0.0378;3571.066908
0.03781;3571.054852
0.03782;3571.042797
0.03783;3571.030741
0.03784;3571.018686
0.03785;3571.006631
0.03786;3570.994575
0.03787;3570.98252
0.03788;3570.970464
0.03789;3570.958409
0.0379;3570.946353
0.03791;3570.934298
0.03792;3570.922242
0.03793;3570.910187
0.03794;3568.888889
0.03795;3566.666667
0.03796;3564.444444
0.03797;3562.222222
0.03798;3560
0.03799;3557.777778
0.038;3555.555556
0.03801;3553.333333
0.03802;3551.111111
0.03803;3548.888889
0.03804;3546.666667
0.03805;3544.444444
0.03806;3542.222222
0.03807;3540
0.03808;3537.777778
0.03809;3535.555556
0.0381;3533.333333
0.03811;3531.111111
0.03812;3528.888889
0.03813;3526.666667
0.03814;3524.444444
0.03815;3522.222222
0.03816;3520
0.03817;3517.777778
0.03818;3515.555556
0.03819;3513.333333
0.0382;3511.111111
0.03821;3508.888889
0.03822;3506.666667
0.03823;3504.444444
0.03824;3502.222222
0.03825;3500
0.03826;3497.777778
0.03827;3495.555556
0.03828;3493.333333
0.03829;3491.111111
0.0383;3488.888889
0.03831;3486.666667
0.03832;3484.444444
0.03833;3482.222222
0.03834;3480
0.03835;3477.777778
0.03836;3475.555556
0.03837;3473.333333
0.03838;3471.111111
0.03839;3468.888889
0.0384;3466.666667
0.03841;3464.444444
0.03842;3462.222222
0.03843;3460
0.03844;3457.777778
0.03845;3455.555556
0.03846;3453.333333
0.03847;3451.111111
0.03848;3448.888889
0.03849;3446.666667
0.0385;3444.444444
0.03851;3442.222222
0.03852;3440
0.03853;3437.777778
0.03854;3435.555556
0.03855;3433.333333
0.03856;3431.111111
0.03857;3428.888889
0.03858;3426.666667
0.03859;3424.444444
0.0386;3422.222222
0.03861;3420
0.03862;3417.777778
0.03863;3415.555556
0.03864;3413.333333
0.03865;3411.111111
0.03866;3408.888889
0.03867;3406.666667
0.03868;3404.444444
0.03869;3402.222222
0.0387;3400
0.03871;3397.777778
0.03872;3395.555556
0.03873;3393.333333
0.03874;3391.111111
0.03875;3388.888889
0.03876;3386.666667
0.03877;3384.444444
0.03878;3382.222222
0.03879;3380
0.0388;3377.777778
0.03881;3375.555556
0.03882;3373.333333
0.03883;3371.111111
0.03884;3368.888889
0.03885;3366.666667
0.03886;3364.444444
0.03887;3362.222222
0.03888;3360
0.03889;3357.777778
0.0389;3355.555556
0.03891;3353.333333
0.03892;3351.111111
0.03893;3348.888889
0.03894;3346.666667
0.03895;3344.444444
0.03896;3342.222222
0.03897;3340
0.03898;3337.777778
0.03899;3335.555556
0.039;3333.333333
0.03901;3331.111111
0.03902;3328.888889
0.03903;3326.666667
0.03904;3324.444444
0.03905;3322.222222
0.03906;3320
0.03907;3317.777778
0.03908;3315.555556
0.03909;3313.333333
0.0391;3311.111111
0.03911;3308.888889
0.03912;3306.666667
0.03913;3304.444444
0.03914;3302.222222
0.03915;3300
0.03916;3297.777778
0.03917;3295.555556
0.03918;3293.333333
0.03919;3291.111111
0.0392;3288.888889
0.03921;3286.666667
0.03922;3284.444444
0.03923;3282.222222
0.03924;3280
0.03925;3277.777778
0.03926;3275.555556
0.03927;3273.333333
0.03928;3271.111111
0.03929;3268.888889
0.0393;3266.666667
0.03931;3264.444444
0.03932;3262.222222
0.03933;3260
0.03934;3257.777778
0.03935;3255.555556
0.03936;3253.333333
0.03937;3251.111111
0.03938;3248.888889
0.03939;3246.666667
0.0394;3244.444444
0.03941;3242.222222
0.03942;3240
0.03943;3237.777778
0.03944;3235.555556
0.03945;3233.333333
0.03946;3231.111111
0.03947;3228.888889
0.03948;3226.666667
0.03949;3224.444444
0.0395;3222.222222
0.03951;3220
0.03952;3217.777778
0.03953;3215.555556
0.03954;3213.333333
0.03955;3211.111111
0.03956;3208.888889
0.03957;3206.666667
0.03958;3204.444444
0.03959;3202.222222
0.0396;3200
0.03961;3197.777778
0.03962;3195.555556
0.03963;3193.333333
0.03964;3191.111111
0.03965;3188.888889
0.03966;3186.666667
0.03967;3184.444444
0.03968;3182.222222
0.03969;3180
0.0397;3177.777778
0.03971;3175.555556
0.03972;3173.333333
0.03973;3171.111111
0.03974;3168.888889
0.03975;3166.666667
0.03976;3164.444444
0.03977;3162.222222
0.03978;3160
0.03979;3157.777778
0.0398;3155.555556
0.03981;3153.333333
0.03982;3151.111111
0.03983;3148.888889
0.03984;3146.666667
0.03985;3144.444444
0.03986;3142.222222
0.03987;3140
0.03988;3137.777778
0.03989;3135.555556
0.0399;3133.333333
0.03991;3131.111111
0.03992;3128.888889
0.03993;3126.666667
0.03994;3124.444444
0.03995;3122.222222
0.03996;3120
0.03997;3117.777778
0.03998;3115.555556
0.03999;3113.333333
0.04;3111.111111
0.04001;3108.888889
0.04002;3106.666667
0.04003;3104.444444
0.04004;3102.222222
0.04005;3100
0.04006;3097.777778
0.04007;3095.555556
0.04008;3093.333333
0.04009;3091.111111
0.0401;3088.888889
0.04011;3086.666667
0.04012;3084.444444
0.04013;3082.222222
0.04014;3080
0.04015;3077.777778
0.04016;3075.555556
0.04017;3073.333333
0.04018;3071.111111
0.04019;3068.888889
0.0402;3066.666667
0.04021;3064.444444
0.04022;3062.222222
0.04023;3060
0.04024;3057.777778
0.04025;3055.555556
0.04026;3053.333333
0.04027;3051.111111
0.04028;3048.888889
0.04029;3046.666667
0.0403;3044.444444
0.04031;3042.222222
0.04032;3040
0.04033;3037.777778
0.04034;3035.555556
0.04035;3033.333333
0.04036;3031.111111
0.04037;3028.888889
0.04038;3026.666667
0.04039;3024.444444
0.0404;3022.222222
0.04041;3020
0.04042;3017.777778
0.04043;3015.555556
0.04044;3013.333333
0.04045;3011.111111
0.04046;3008.888889
0.04047;3006.666667
0.04048;3004.444444
0.04049;3002.222222
0.0405;3000
0.04051;2997.777778
0.04052;2995.555556
0.04053;2993.333333
0.04054;2991.111111
0.04055;2988.888889
0.04056;2986.666667
0.04057;2984.444444
0.04058;2982.222222
0.04059;2980
0.0406;2977.777778
0.04061;2975.555556
0.04062;2973.333333
0.04063;2971.111111
0.04064;2968.888889
0.04065;2966.666667
0.04066;2964.444444
0.04067;2962.222222
0.04068;2960
0.04069;2957.777778
0.0407;2955.555556
0.04071;2953.333333
0.04072;2951.111111
0.04073;2948.888889
0.04074;2946.666667
0.04075;2944.444444
0.04076;2942.222222
0.04077;2940
0.04078;2937.777778
0.04079;2935.555556
0.0408;2933.333333
0.04081;2931.111111
0.04082;2928.888889
0.04083;2926.666667
0.04084;2924.444444
0.04085;2922.222222
0.04086;2920
0.04087;2917.777778
0.04088;2915.555556
0.04089;2913.333333
0.0409;2911.111111
0.04091;2908.888889
0.04092;2906.666667
0.04093;2904.444444
0.04094;2902.222222
0.04095;2900
0.04096;2897.777778
0.04097;2895.555556
0.04098;2893.333333
0.04099;2891.111111
0.041;2888.888889
0.04101;2886.666667
0.04102;2884.444444
0.04103;2882.222222
0.04104;2880
0.04105;2877.777778
0.04106;2875.555556
0.04107;2873.333333
0.04108;2871.111111
0.04109;2868.888889
0.0411;2866.666667
0.04111;2864.444444
0.04112;2862.222222
0.04113;2860
0.04114;2857.777778
0.04115;2855.555556
0.04116;2853.333333
0.04117;2851.111111
0.04118;2848.888889
0.04119;2846.666667
0.0412;2844.444444
0.04121;2842.222222
0.04122;2840
0.04123;2837.777778
0.04124;2835.555556
0.04125;2833.333333
0.04126;2831.111111
0.04127;2828.888889
0.04128;2826.666667
0.04129;2824.444444
0.0413;2822.222222
0.04131;2820
0.04132;2817.777778
0.04133;2815.555556
0.04134;2813.333333
0.04135;2811.111111
0.04136;2808.888889
0.04137;2806.666667
0.04138;2804.444444
0.04139;2802.222222
0.0414;2800
0.04141;2797.777778
0.04142;2795.555556
0.04143;2793.333333
0.04144;2791.111111
0.04145;2788.888889
0.04146;2786.666667
0.04147;2784.444444
0.04148;2782.222222
0.04149;2780
0.0415;2777.777778
0.04151;2775.555556
0.04152;2773.333333
0.04153;2771.111111
0.04154;2768.888889
0.04155;2766.666667
0.04156;2764.444444
0.04157;2762.222222
0.04158;2760
0.04159;2757.777778
0.0416;2755.555556
0.04161;2753.333333
0.04162;2751.111111
0.04163;2748.888889
0.04164;2746.666667
0.04165;2744.444444
0.04166;2742.222222
0.04167;2740
0.04168;2737.777778
0.04169;2735.555556
0.0417;2733.333333
0.04171;2731.111111
0.04172;2728.888889
0.04173;2726.666667
0.04174;2724.444444
0.04175;2722.222222
0.04176;2720
0.04177;2717.777778
0.04178;2715.555556
0.04179;2713.333333
0.0418;2711.111111
0.04181;2708.888889
0.04182;2706.666667
0.04183;2704.444444
0.04184;2702.222222
0.04185;2700
0.04186;2697.777778
0.04187;2695.555556
0.04188;2693.333333
0.04189;2691.111111
0.0419;2688.888889
0.04191;2686.666667
0.04192;2684.444444
0.04193;2682.222222
0.04194;2680
0.04195;2677.777778
0.04196;2675.555556
0.04197;2673.333333
0.04198;2671.111111
0.04199;2668.888889
0.042;2666.666667
0.04201;2664.444444
0.04202;2662.222222
0.04203;2660
0.04204;2657.777778
0.04205;2655.555556
0.04206;2653.333333
0.04207;2651.111111
0.04208;2648.888889
0.04209;2646.666667
0.0421;2644.444444
0.04211;2642.222222
0.04212;2640
0.04213;2637.777778
0.04214;2635.555556
0.04215;2633.333333
0.04216;2631.111111
0.04217;2628.888889
0.04218;2626.666667
0.04219;2624.444444
0.0422;2622.222222
0.04221;2620
0.04222;2617.777778
0.04223;2615.555556
0.04224;2613.333333
0.04225;2611.111111
0.04226;2608.888889
0.04227;2606.666667
0.04228;2604.444444
0.04229;2602.222222
0.0423;2600
0.04231;2597.777778
0.04232;2595.555556
0.04233;2593.333333
0.04234;2591.111111
0.04235;2588.888889
0.04236;2586.666667
0.04237;2584.444444
0.04238;2582.222222
0.04239;2580
0.0424;2577.777778
0.04241;2575.555556
0.04242;2573.333333
0.04243;2571.111111
0.04244;2568.888889
0.04245;2566.666667
0.04246;2564.444444
0.04247;2562.222222
0.04248;2560
0.04249;2557.777778
0.0425;2555.555556
0.04251;2553.333333
0.04252;2551.111111
0.04253;2548.888889
0.04254;2546.666667
0.04255;2544.444444
0.04256;2542.222222
0.04257;2540
0.04258;2537.777778
0.04259;2535.555556
0.0426;2533.333333
0.04261;2531.111111
0.04262;2528.888889
0.04263;2526.666667
0.04264;2524.444444
0.04265;2522.222222
0.04266;2520
0.04267;2517.777778
0.04268;2515.555556
0.04269;2513.333333
0.0427;2511.111111
0.04271;2508.888889
0.04272;2506.666667
0.04273;2504.444444
0.04274;2502.222222
0.04275;2500
0.04276;2497.777778
0.04277;2495.555556
0.04278;2493.333333
0.04279;2491.111111
0.0428;2488.888889
0.04281;2486.666667
0.04282;2484.444444
0.04283;2482.222222
0.04284;2480
0.04285;2477.777778
0.04286;2475.555556
0.04287;2473.333333
0.04288;2471.111111
0.04289;2468.888889
0.0429;2466.666667
0.04291;2464.444444
0.04292;2462.222222
0.04293;2460
0.04294;2457.777778
0.04295;2455.555556
0.04296;2453.333333
0.04297;2451.111111
0.04298;2448.888889
0.04299;2446.666667
0.043;2444.444444
0.04301;2442.222222
0.04302;2440
0.04303;2437.777778
0.04304;2435.555556
0.04305;2433.333333
0.04306;2431.111111
0.04307;2428.888889
0.04308;2426.666667
0.04309;2424.444444
0.0431;2422.222222
0.04311;2420
0.04312;2417.777778
0.04313;2415.555556
0.04314;2413.333333
0.04315;2411.111111
0.04316;2408.888889
0.04317;2406.666667
0.04318;2404.444444
0.04319;2402.222222
0.0432;2400
0.04321;2397.777778
0.04322;2395.555556
0.04323;2393.333333
0.04324;2391.111111
0.04325;2388.888889
0.04326;2386.666667
0.04327;2384.444444
0.04328;2382.222222
0.04329;2380
0.0433;2377.777778
0.04331;2375.555556
0.04332;2373.333333
0.04333;2371.111111
0.04334;2368.888889
0.04335;2366.666667
0.04336;2364.444444
0.04337;2362.222222
0.04338;2360
0.04339;2357.777778
0.0434;2355.555556
0.04341;2353.333333
0.04342;2351.111111
0.04343;2348.888889
0.04344;2346.666667
0.04345;2344.444444
0.04346;2342.222222
0.04347;2340
0.04348;2337.777778
0.04349;2335.555556
0.0435;2333.333333
0.04351;2331.111111
0.04352;2328.888889
0.04353;2326.666667
0.04354;2324.444444
0.04355;2322.222222
0.04356;2320
0.04357;2317.777778
0.04358;2315.555556
0.04359;2313.333333
0.0436;2311.111111
0.04361;2308.888889
0.04362;2306.666667
0.04363;2304.444444
0.04364;2302.222222
0.04365;2300
0.04366;2297.777778
0.04367;2295.555556
0.04368;2293.333333
0.04369;2291.111111
0.0437;2288.888889
0.04371;2286.666667
0.04372;2284.444444
0.04373;2282.222222
0.04374;2280
0.04375;2277.777778
0.04376;2275.555556
0.04377;2273.333333
0.04378;2271.111111
0.04379;2268.888889
0.0438;2266.666667
0.04381;2264.444444
0.04382;2262.222222
0.04383;2260
0.04384;2257.777778
0.04385;2255.555556
0.04386;2253.333333
0.04387;2251.111111
0.04388;2248.888889
0.04389;2246.666667
0.0439;2244.444444
0.04391;2242.222222
0.04392;2240
0.04393;2237.777778
0.04394;2235.555556
0.04395;2233.333333
0.04396;2231.111111
0.04397;2228.888889
0.04398;2226.666667
0.04399;2224.444444
0.044;2222.222222
0.04401;2220
0.04402;2217.777778
0.04403;2215.555556
0.04404;2213.333333
0.04405;2211.111111
0.04406;2208.888889
0.04407;2206.666667
0.04408;2204.444444
0.04409;2202.222222
0.0441;2200
0.04411;2197.777778
0.04412;2195.555556
0.04413;2193.333333
0.04414;2191.111111
0.04415;2188.888889
0.04416;2186.666667
0.04417;2184.444444
0.04418;2182.222222
0.04419;2180
0.0442;2177.777778
0.04421;2175.555556
0.04422;2173.333333
0.04423;2171.111111
0.04424;2168.888889
0.04425;2166.666667
0.04426;2164.444444
0.04427;2162.222222
0.04428;2160
0.04429;2157.777778
0.0443;2155.555556
0.04431;2153.333333
0.04432;2151.111111
0.04433;2148.888889
0.04434;2146.666667
0.04435;2144.444444
0.04436;2142.222222
0.04437;2140
0.04438;2137.777778
0.04439;2135.555556
0.0444;2133.333333
0.04441;2131.111111
0.04442;2128.888889
0.04443;2126.666667
0.04444;2124.444444
0.04445;2122.222222
0.04446;2120
0.04447;2117.777778
0.04448;2115.555556
0.04449;2113.333333
0.0445;2111.111111
0.04451;2108.888889
0.04452;2106.666667
0.04453;2104.444444
0.04454;2102.222222
0.04455;2100
0.04456;2097.777778
0.04457;2095.555556
0.04458;2093.333333
0.04459;2091.111111
0.0446;2088.888889
0.04461;2086.666667
0.04462;2084.444444
0.04463;2082.222222
0.04464;2080
0.04465;2077.777778
0.04466;2075.555556
0.04467;2073.333333
0.04468;2071.111111
0.04469;2068.888889
0.0447;2066.666667
0.04471;2064.444444
0.04472;2062.222222
0.04473;2060
0.04474;2057.777778
0.04475;2055.555556
0.04476;2053.333333
0.04477;2051.111111
0.04478;2048.888889
0.04479;2046.666667
0.0448;2044.444444
0.04481;2042.222222
0.04482;2040
0.04483;2037.777778
0.04484;2035.555556
0.04485;2033.333333
0.04486;2031.111111
0.04487;2028.888889
0.04488;2026.666667
0.04489;2024.444444
0.0449;2022.222222
0.04491;2020
0.04492;2017.777778
0.04493;2015.555556
0.04494;2013.333333
0.04495;2011.111111
0.04496;2008.888889
0.04497;2006.666667
0.04498;2004.444444
0.04499;2002.222222
0.045;2000
0.04501;1997.777778
0.04502;1995.555556
0.04503;1993.333333
0.04504;1991.111111
0.04505;1988.888889
0.04506;1986.666667
0.04507;1984.444444
0.04508;1982.222222
0.04509;1980
0.0451;1977.777778
0.04511;1975.555556
0.04512;1973.333333
0.04513;1971.111111
0.04514;1968.888889
0.04515;1966.666667
0.04516;1964.444444
0.04517;1962.222222
0.04518;1960
0.04519;1957.777778
0.0452;1955.555556
0.04521;1953.333333
0.04522;1951.111111
0.04523;1948.888889
0.04524;1946.666667
0.04525;1944.444444
0.04526;1942.222222
0.04527;1940
0.04528;1937.777778
0.04529;1935.555556
0.0453;1933.333333
0.04531;1931.111111
0.04532;1928.888889
0.04533;1926.666667
0.04534;1924.444444
0.04535;1922.222222
0.04536;1920
0.04537;1917.777778
0.04538;1915.555556
0.04539;1913.333333
0.0454;1911.111111
0.04541;1908.888889
0.04542;1906.666667
0.04543;1904.444444
0.04544;1902.222222
0.04545;1900
0.04546;1897.777778
0.04547;1895.555556
0.04548;1893.333333
0.04549;1891.111111
0.0455;1888.888889
0.04551;1886.666667
0.04552;1884.444444
0.04553;1882.222222
0.04554;1880
0.04555;1877.777778
0.04556;1875.555556
0.04557;1873.333333
0.04558;1871.111111
0.04559;1868.888889
0.0456;1866.666667
0.04561;1864.444444
0.04562;1862.222222
0.04563;1860
0.04564;1857.777778
0.04565;1855.555556
0.04566;1853.333333
0.04567;1851.111111
0.04568;1848.888889
0.04569;1846.666667
0.0457;1844.444444
0.04571;1842.222222
0.04572;1840
0.04573;1837.777778
0.04574;1835.555556
0.04575;1833.333333
0.04576;1831.111111
0.04577;1828.888889
0.04578;1826.666667
0.04579;1824.444444
0.0458;1822.222222
0.04581;1820
0.04582;1817.777778
0.04583;1815.555556
0.04584;1813.333333
0.04585;1811.111111
0.04586;1808.888889
0.04587;1806.666667
0.04588;1804.444444
0.04589;1802.222222
0.0459;1800
0.04591;1797.777778
0.04592;1795.555556
0.04593;1793.333333
0.04594;1791.111111
0.04595;1788.888889
0.04596;1786.666667
0.04597;1784.444444
0.04598;1782.222222
0.04599;1780
0.046;1777.777778
0.04601;1775.555556
0.04602;1773.333333
0.04603;1771.111111
0.04604;1768.888889
0.04605;1766.666667
0.04606;1764.444444
0.04607;1762.222222
0.04608;1760
0.04609;1757.777778
0.0461;1755.555556
0.04611;1753.333333
0.04612;1751.111111
0.04613;1748.888889
0.04614;1746.666667
0.04615;1744.444444
0.04616;1742.222222
0.04617;1740
0.04618;1737.777778
0.04619;1735.555556
0.0462;1733.333333
0.04621;1731.111111
0.04622;1728.888889
0.04623;1726.666667
0.04624;1724.444444
0.04625;1722.222222
0.04626;1720
0.04627;1717.777778
0.04628;1715.555556
0.04629;1713.333333
0.0463;1711.111111
0.04631;1708.888889
0.04632;1706.666667
0.04633;1704.444444
0.04634;1702.222222
0.04635;1700
0.04636;1697.777778
0.04637;1695.555556
0.04638;1693.333333
0.04639;1691.111111
0.0464;1688.888889
0.04641;1686.666667
0.04642;1684.444444
0.04643;1682.222222
0.04644;1680
0.04645;1677.777778
0.04646;1675.555556
0.04647;1673.333333
0.04648;1671.111111
0.04649;1668.888889
0.0465;1666.666667
0.04651;1664.444444
0.04652;1662.222222
0.04653;1660
0.04654;1657.777778
0.04655;1655.555556
0.04656;1653.333333
0.04657;1651.111111
0.04658;1648.888889
0.04659;1646.666667
0.0466;1644.444444
0.04661;1642.222222
0.04662;1640
0.04663;1637.777778
0.04664;1635.555556
0.04665;1633.333333
0.04666;1631.111111
0.04667;1628.888889
0.04668;1626.666667
0.04669;1624.444444
0.0467;1622.222222
0.04671;1620
0.04672;1617.777778
0.04673;1615.555556
0.04674;1613.333333
0.04675;1611.111111
0.04676;1608.888889
0.04677;1606.666667
0.04678;1604.444444
0.04679;1602.222222
0.0468;1600
0.04681;1597.777778
0.04682;1595.555556
0.04683;1593.333333
0.04684;1591.111111
0.04685;1588.888889
0.04686;1586.666667
0.04687;1584.444444
0.04688;1582.222222
0.04689;1580
0.0469;1577.777778
0.04691;1575.555556
0.04692;1573.333333
0.04693;1571.111111
0.04694;1568.888889
0.04695;1566.666667
0.04696;1564.444444
0.04697;1562.222222
0.04698;1560
0.04699;1557.777778
0.047;1555.555556
0.04701;1553.333333
0.04702;1551.111111
0.04703;1548.888889
0.04704;1546.666667
0.04705;1544.444444
0.04706;1542.222222
0.04707;1540
0.04708;1537.777778
0.04709;1535.555556
0.0471;1533.333333
0.04711;1531.111111
0.04712;1528.888889
0.04713;1526.666667
0.04714;1524.444444
0.04715;1522.222222
0.04716;1520
0.04717;1517.777778
0.04718;1515.555556
0.04719;1513.333333
0.0472;1511.111111
0.04721;1508.888889
0.04722;1506.666667
0.04723;1504.444444
0.04724;1502.222222
0.04725;1500
0.04726;1497.777778
0.04727;1495.555556
0.04728;1493.333333
0.04729;1491.111111
0.0473;1488.888889
0.04731;1486.666667
0.04732;1484.444444
0.04733;1482.222222
0.04734;1480
0.04735;1477.777778
0.04736;1475.555556
0.04737;1473.333333
0.04738;1471.111111
0.04739;1468.888889
0.0474;1466.666667
0.04741;1464.444444
0.04742;1462.222222
0.04743;1460
0.04744;1457.777778
0.04745;1455.555556
0.04746;1453.333333
0.04747;1451.111111
0.04748;1448.888889
0.04749;1446.666667
0.0475;1444.444444
0.04751;1442.222222
0.04752;1440
0.04753;1437.777778
0.04754;1435.555556
0.04755;1433.333333
0.04756;1431.111111
0.04757;1428.888889
0.04758;1426.666667
0.04759;1424.444444
0.0476;1422.222222
0.04761;1420
0.04762;1417.777778
0.04763;1415.555556
0.04764;1413.333333
0.04765;1411.111111
0.04766;1408.888889
0.04767;1406.666667
0.04768;1404.444444
0.04769;1402.222222
0.0477;1400
0.04771;1397.777778
0.04772;1395.555556
0.04773;1393.333333
0.04774;1391.111111
0.04775;1388.888889
0.04776;1386.666667
0.04777;1384.444444
0.04778;1382.222222
0.04779;1380
0.0478;1377.777778
0.04781;1375.555556
0.04782;1373.333333
0.04783;1371.111111
0.04784;1368.888889
0.04785;1366.666667
0.04786;1364.444444
0.04787;1362.222222
0.04788;1360
0.04789;1357.777778
0.0479;1355.555556
0.04791;1353.333333
0.04792;1351.111111
0.04793;1348.888889
0.04794;1346.666667
0.04795;1344.444444
0.04796;1342.222222
0.04797;1340
0.04798;1337.777778
0.04799;1335.555556
0.048;1333.333333
0.04801;1331.111111
0.04802;1328.888889
0.04803;1326.666667
0.04804;1324.444444
0.04805;1322.222222
0.04806;1320
0.04807;1317.777778
0.04808;1315.555556
0.04809;1313.333333
0.0481;1311.111111
0.04811;1308.888889
0.04812;1306.666667
0.04813;1304.444444
0.04814;1302.222222
0.04815;1300
0.04816;1297.777778
0.04817;1295.555556
0.04818;1293.333333
0.04819;1291.111111
0.0482;1288.888889
0.04821;1286.666667
0.04822;1284.444444
0.04823;1282.222222
0.04824;1280
0.04825;1277.777778
0.04826;1275.555556
0.04827;1273.333333
0.04828;1271.111111
0.04829;1268.888889
0.0483;1266.666667
0.04831;1264.444444
0.04832;1262.222222
0.04833;1260
0.04834;1257.777778
0.04835;1255.555556
0.04836;1253.333333
0.04837;1251.111111
0.04838;1248.888889
0.04839;1246.666667
0.0484;1244.444444
0.04841;1242.222222
0.04842;1240
0.04843;1237.777778
0.04844;1235.555556
0.04845;1233.333333
0.04846;1231.111111
0.04847;1228.888889
0.04848;1226.666667
0.04849;1224.444444
0.0485;1222.222222
0.04851;1220
0.04852;1217.777778
0.04853;1215.555556
0.04854;1213.333333
0.04855;1211.111111
0.04856;1208.888889
0.04857;1206.666667
0.04858;1204.444444
0.04859;1202.222222
0.0486;1200
0.04861;1197.777778
0.04862;1195.555556
0.04863;1193.333333
0.04864;1191.111111
0.04865;1188.888889
0.04866;1186.666667
0.04867;1184.444444
0.04868;1182.222222
0.04869;1180
0.0487;1177.777778
0.04871;1175.555556
0.04872;1173.333333
0.04873;1171.111111
0.04874;1168.888889
0.04875;1166.666667
0.04876;1164.444444
0.04877;1162.222222
0.04878;1160
0.04879;1157.777778
0.0488;1155.555556
0.04881;1153.333333
0.04882;1151.111111
0.04883;1148.888889
0.04884;1146.666667
0.04885;1144.444444
0.04886;1142.222222
0.04887;1140
0.04888;1137.777778
0.04889;1135.555556
0.0489;1133.333333
0.04891;1131.111111
0.04892;1128.888889
0.04893;1126.666667
0.04894;1124.444444
0.04895;1122.222222
0.04896;1120
0.04897;1117.777778
0.04898;1115.555556
0.04899;1113.333333
0.049;1111.111111
0.04901;1108.888889
0.04902;1106.666667
0.04903;1104.444444
0.04904;1102.222222
0.04905;1100
0.04906;1097.777778
0.04907;1095.555556
0.04908;1093.333333
0.04909;1091.111111
0.0491;1088.888889
0.04911;1086.666667
0.04912;1084.444444
0.04913;1082.222222
0.04914;1080
0.04915;1077.777778
0.04916;1075.555556
0.04917;1073.333333
0.04918;1071.111111
0.04919;1068.888889
0.0492;1066.666667
0.04921;1064.444444
0.04922;1062.222222
0.04923;1060
0.04924;1057.777778
0.04925;1055.555556
0.04926;1053.333333
0.04927;1051.111111
0.04928;1048.888889
0.04929;1046.666667
0.0493;1044.444444
0.04931;1042.222222
0.04932;1040
0.04933;1037.777778
0.04934;1035.555556
0.04935;1033.333333
0.04936;1031.111111
0.04937;1028.888889
0.04938;1026.666667
0.04939;1024.444444
0.0494;1022.222222
0.04941;1020
0.04942;1017.777778
0.04943;1015.555556
0.04944;1013.333333
0.04945;1011.111111
0.04946;1008.888889
0.04947;1006.666667
0.04948;1004.444444
0.04949;1002.222222
0.0495;1000
0.04951;997.7777778
0.04952;995.5555556
0.04953;993.3333333
0.04954;991.1111111
0.04955;988.8888889
0.04956;986.6666667
0.04957;984.4444444
0.04958;982.2222222
0.04959;980
0.0496;977.7777778
0.04961;975.5555556
0.04962;973.3333333
0.04963;971.1111111
0.04964;968.8888889
0.04965;966.6666667
0.04966;964.4444444
0.04967;962.2222222
0.04968;960
0.04969;957.7777778
0.0497;955.5555556
0.04971;953.3333333
0.04972;951.1111111
0.04973;948.8888889
0.04974;946.6666667
0.04975;944.4444444
0.04976;942.2222222
0.04977;940
0.04978;937.7777778
0.04979;935.5555556
0.0498;933.3333333
0.04981;931.1111111
0.04982;928.8888889
0.04983;926.6666667
0.04984;924.4444444
0.04985;922.2222222
0.04986;920
0.04987;917.7777778
0.04988;915.5555556
0.04989;913.3333333
0.0499;911.1111111
0.04991;908.8888889
0.04992;906.6666667
0.04993;904.4444444
0.04994;902.2222222
0.04995;900
0.04996;897.7777778
0.04997;895.5555556
0.04998;893.3333333
0.04999;891.1111111
0.05;888.8888889
0.05001;886.6666667
0.05002;884.4444444
0.05003;882.2222222
0.05004;880
0.05005;877.7777778
0.05006;875.5555556
0.05007;873.3333333
0.05008;871.1111111
0.05009;868.8888889
0.0501;866.6666667
0.05011;864.4444444
0.05012;862.2222222
0.05013;860
0.05014;857.7777778
0.05015;855.5555556
0.05016;853.3333333
0.05017;851.1111111
0.05018;848.8888889
0.05019;846.6666667
0.0502;844.4444444
0.05021;842.2222222
0.05022;840
0.05023;837.7777778
0.05024;835.5555556
0.05025;833.3333333
0.05026;831.1111111
0.05027;828.8888889
0.05028;826.6666667
0.05029;824.4444444
0.0503;822.2222222
0.05031;820
0.05032;817.7777778
0.05033;815.5555556
0.05034;813.3333333
0.05035;811.1111111
0.05036;808.8888889
0.05037;806.6666667
0.05038;804.4444444
0.05039;802.2222222
0.0504;800
0.05041;797.7777778
0.05042;795.5555556
0.05043;793.3333333
0.05044;791.1111111
0.05045;788.8888889
0.05046;786.6666667
0.05047;784.4444444
0.05048;782.2222222
0.05049;780
0.0505;777.7777778
0.05051;775.5555556
0.05052;773.3333333
0.05053;771.1111111
0.05054;768.8888889
0.05055;766.6666667
0.05056;764.4444444
0.05057;762.2222222
0.05058;760
0.05059;757.7777778
0.0506;755.5555556
0.05061;753.3333333
0.05062;751.1111111
0.05063;748.8888889
0.05064;746.6666667
0.05065;744.4444444
0.05066;742.2222222
0.05067;740
0.05068;737.7777778
0.05069;735.5555556
0.0507;733.3333333
0.05071;731.1111111
0.05072;728.8888889
0.05073;726.6666667
0.05074;724.4444444
0.05075;722.2222222
0.05076;720
0.05077;717.7777778
0.05078;715.5555556
0.05079;713.3333333
0.0508;711.1111111
0.05081;708.8888889
0.05082;706.6666667
0.05083;704.4444444
0.05084;702.2222222
0.05085;700
0.05086;697.7777778
0.05087;695.5555556
0.05088;693.3333333
0.05089;691.1111111
0.0509;688.8888889
0.05091;686.6666667
0.05092;684.4444444
0.05093;682.2222222
0.05094;680
0.05095;677.7777778
0.05096;675.5555556
0.05097;673.3333333
0.05098;671.1111111
0.05099;668.8888889
0.051;666.6666667
0.05101;664.4444444
0.05102;662.2222222
0.05103;660
0.05104;657.7777778
0.05105;655.5555556
0.05106;653.3333333
0.05107;651.1111111
0.05108;648.8888889
0.05109;646.6666667
0.0511;644.4444444
0.05111;642.2222222
0.05112;640
0.05113;637.7777778
0.05114;635.5555556
0.05115;633.3333333
0.05116;631.1111111
0.05117;628.8888889
0.05118;626.6666667
0.05119;624.4444444
0.0512;622.2222222
0.05121;620
0.05122;617.7777778
0.05123;615.5555556
0.05124;613.3333333
0.05125;611.1111111
0.05126;608.8888889
0.05127;606.6666667
0.05128;604.4444444
0.05129;602.2222222
0.0513;600
0.05131;597.7777778
0.05132;595.5555556
0.05133;593.3333333
0.05134;591.1111111
0.05135;588.8888889
0.05136;586.6666667
0.05137;584.4444444
0.05138;582.2222222
0.05139;580
0.0514;577.7777778
0.05141;575.5555556
0.05142;573.3333333
0.05143;571.1111111
0.05144;568.8888889
0.05145;566.6666667
0.05146;564.4444444
0.05147;562.2222222
0.05148;560
0.05149;557.7777778
0.0515;555.5555556
0.05151;553.3333333
0.05152;551.1111111
0.05153;548.8888889
0.05154;546.6666667
0.05155;544.4444444
0.05156;542.2222222
0.05157;540
0.05158;537.7777778
0.05159;535.5555556
0.0516;533.3333333
0.05161;531.1111111
0.05162;528.8888889
0.05163;526.6666667
0.05164;524.4444444
0.05165;522.2222222
0.05166;520
0.05167;517.7777778
0.05168;515.5555556
0.05169;513.3333333
0.0517;511.1111111
0.05171;508.8888889
0.05172;506.6666667
0.05173;504.4444444
0.05174;502.2222222
0.05175;500
0.05176;497.7777778
0.05177;495.5555556
0.05178;493.3333333
0.05179;491.1111111
0.0518;488.8888889
0.05181;486.6666667
0.05182;484.4444444
0.05183;482.2222222
0.05184;480
0.05185;477.7777778
0.05186;475.5555556
0.05187;473.3333333
0.05188;471.1111111
0.05189;468.8888889
0.0519;466.6666667
0.05191;464.4444444
0.05192;462.2222222
0.05193;460
0.05194;457.7777778
0.05195;455.5555556
0.05196;453.3333333
0.05197;451.1111111
0.05198;448.8888889
0.05199;446.6666667
0.052;444.4444444
0.05201;442.2222222
0.05202;440
0.05203;437.7777778
0.05204;435.5555556
0.05205;433.3333333
0.05206;431.1111111
0.05207;428.8888889
0.05208;426.6666667
0.05209;424.4444444
0.0521;422.2222222
0.05211;420
0.05212;417.7777778
0.05213;415.5555556
0.05214;413.3333333
0.05215;411.1111111
0.05216;408.8888889
0.05217;406.6666667
0.05218;404.4444444
0.05219;402.2222222
0.0522;400
0.05221;397.7777778
0.05222;395.5555556
0.05223;393.3333333
0.05224;391.1111111
0.05225;388.8888889
0.05226;386.6666667
0.05227;384.4444444
0.05228;382.2222222
0.05229;380
0.0523;377.7777778
0.05231;375.5555556
0.05232;373.3333333
0.05233;371.1111111
0.05234;368.8888889
0.05235;366.6666667
0.05236;364.4444444
0.05237;362.2222222
0.05238;360
0.05239;357.7777778
0.0524;355.5555556
0.05241;353.3333333
0.05242;351.1111111
0.05243;348.8888889
0.05244;346.6666667
0.05245;344.4444444
0.05246;342.2222222
0.05247;340
0.05248;337.7777778
0.05249;335.5555556
0.0525;333.3333333
0.05251;331.1111111
0.05252;328.8888889
0.05253;326.6666667
0.05254;324.4444444
0.05255;322.2222222
0.05256;320
0.05257;317.7777778
0.05258;315.5555556
0.05259;313.3333333
0.0526;311.1111111
0.05261;308.8888889
0.05262;306.6666667
0.05263;304.4444444
0.05264;302.2222222
0.05265;300
0.05266;297.7777778
0.05267;295.5555556
0.05268;293.3333333
0.05269;291.1111111
0.0527;288.8888889
0.05271;286.6666667
0.05272;284.4444444
0.05273;282.2222222
0.05274;280
0.05275;277.7777778
0.05276;275.5555556
0.05277;273.3333333
0.05278;271.1111111
0.05279;268.8888889
0.0528;266.6666667
0.05281;264.4444444
0.05282;262.2222222
0.05283;260
0.05284;257.7777778
0.05285;255.5555556
0.05286;253.3333333
0.05287;251.1111111
0.05288;248.8888889
0.05289;246.6666667
0.0529;244.4444444
0.05291;242.2222222
0.05292;240
0.05293;237.7777778
0.05294;235.5555556
0.05295;233.3333333
0.05296;231.1111111
0.05297;228.8888889
0.05298;226.6666667
0.05299;224.4444444
0.053;222.2222222
0.05301;220
0.05302;217.7777778
0.05303;215.5555556
0.05304;213.3333333
0.05305;211.1111111
0.05306;208.8888889
0.05307;206.6666667
0.05308;204.4444444
0.05309;202.2222222
0.0531;200
0.05311;197.7777778
0.05312;195.5555556
0.05313;193.3333333
0.05314;191.1111111
0.05315;188.8888889
0.05316;186.6666667
0.05317;184.4444444
0.05318;182.2222222
0.05319;180
0.0532;177.7777778
0.05321;175.5555556
0.05322;173.3333333
0.05323;171.1111111
0.05324;168.8888889
0.05325;166.6666667
0.05326;164.4444444
0.05327;162.2222222
0.05328;160
0.05329;157.7777778
0.0533;155.5555556
0.05331;153.3333333
0.05332;151.1111111
0.05333;148.8888889
0.05334;146.6666667
0.05335;144.4444444
0.05336;142.2222222
0.05337;140
0.05338;137.7777778
0.05339;135.5555556
0.0534;133.3333333
0.05341;131.1111111
0.05342;128.8888889
0.05343;126.6666667
0.05344;124.4444444
0.05345;122.2222222
0.05346;120
0.05347;117.7777778
0.05348;115.5555556
0.05349;113.3333333
0.0535;111.1111111
0.05351;108.8888889
0.05352;106.6666667
0.05353;104.4444444
0.05354;102.2222222
0.05355;100
0.05356;97.77777778
0.05357;95.55555556
0.05358;93.33333333
0.05359;91.11111111
0.0536;88.88888889
0.05361;86.66666667
0.05362;84.44444444
0.05363;82.22222222
0.05364;80
0.05365;77.77777778
0.05366;75.55555556
0.05367;73.33333333
0.05368;71.11111111
0.05369;68.88888889
0.0537;66.66666667
0.05371;64.44444444
0.05372;62.22222222
0.05373;60
0.05374;57.77777778
0.05375;55.55555556
0.05376;53.33333333
0.05377;51.11111111
0.05378;48.88888889
0.05379;46.66666667
0.0538;44.44444444
0.05381;42.22222222
0.05382;40
0.05383;37.77777778
0.05384;35.55555556
0.05385;33.33333333
0.05386;31.11111111
0.05387;28.88888889
0.05388;26.66666667
0.05389;24.44444444
0.0539;22.22222222
0.05391;20
0.05392;17.77777778
0.05393;15.55555556
0.05394;13.33333333
0.05395;11.11111111
0.05396;8.888888889
0.05397;6.666666667
0.05398;4.444444444
0.05399;2.222222222
0.054;0
